id,name,state,population,population_year,geography,status,distance_from_link_km,kind,url,evidence_url,verification,access
162:0600562,Alameda,CA,76876,2025,incorporated-place,channels-found,62.09,department-page,https://www.alamedaca.gov/Departments/Police-Department/Crime-Activity,https://www.alamedaca.gov/Home,official-domain-or-referral,public-html
162:0600562,Alameda,CA,76876,2025,incorporated-place,channels-found,62.09,alerts,https://www.alamedaca.gov/RESIDENTS/Alerts-Advisories,https://www.alamedaca.gov/Departments/Police-Department/Crime-Activity,linked-from-official-page,not-tested
162:0600562,Alameda,CA,76876,2025,incorporated-place,channels-found,62.09,incident-log,https://alameda.citizenrims.com/map,https://www.alamedaca.gov/Departments/Police-Department/Crime-Activity,linked-from-official-page,not-tested
162:0600562,Alameda,CA,76876,2025,incorporated-place,channels-found,62.09,incident-log,https://www.alamedaca.gov/files/assets/public/v/27/departments/alameda/police/hate-crime-stats/apd-hate-crime-log-2023-present-june-2026.pdf,https://www.alamedaca.gov/Departments/Police-Department/Crime-Activity,linked-from-official-page,not-tested
162:0600562,Alameda,CA,76876,2025,incorporated-place,channels-found,62.09,incident-log,https://www.alamedaca.gov/files/assets/public/v/2/departments/alameda/police/hate-crime-log-public.xlsx.pdf,https://www.alamedaca.gov/Departments/Police-Department/Crime-Activity,linked-from-official-page,not-tested
162:0600562,Alameda,CA,76876,2025,incorporated-place,channels-found,62.09,department-page,https://www.alamedaca.gov/Shortcut-Content/News-Media,https://www.alamedaca.gov/Departments/Police-Department/Crime-Activity,official-domain-or-referral,public-html
162:0600562,Alameda,CA,76876,2025,incorporated-place,channels-found,62.09,newsroom,https://www.alamedaca.gov/Shortcut-Content/News-Media/City-of-Alameda-Making-Library-Access-Easier-for-Students,https://www.alamedaca.gov/Shortcut-Content/News-Media,linked-from-official-page,not-tested
162:0600562,Alameda,CA,76876,2025,incorporated-place,channels-found,62.09,newsroom,https://www.alamedaca.gov/Shortcut-Content/News-Media/Alameda-Free-Library-Event-Alert-September-2026,https://www.alamedaca.gov/Shortcut-Content/News-Media,linked-from-official-page,not-tested
162:0600562,Alameda,CA,76876,2025,incorporated-place,channels-found,62.09,newsroom,https://www.alamedaca.gov/Shortcut-Content/News-Media/Proposed-Commercial-Zoning-Changes,https://www.alamedaca.gov/Shortcut-Content/News-Media,linked-from-official-page,not-tested
162:0600562,Alameda,CA,76876,2025,incorporated-place,channels-found,62.09,newsroom,https://www.alamedaca.gov/Shortcut-Content/News-Media/Oakland-Alameda-Water-Shuttle-Returns,https://www.alamedaca.gov/Shortcut-Content/News-Media,linked-from-official-page,not-tested
162:0600562,Alameda,CA,76876,2025,incorporated-place,channels-found,62.09,newsroom,https://www.alamedaca.gov/Shortcut-Content/News-Media/Alameda-Police-Month-in-Review-July-2026,https://www.alamedaca.gov/Shortcut-Content/News-Media,linked-from-official-page,not-tested
162:0600562,Alameda,CA,76876,2025,incorporated-place,channels-found,62.09,newsroom,https://www.alamedaca.gov/Shortcut-Content/News-Media/Assault-with-a-Deadly-Weapon-Press-Release-8.15.2026,https://www.alamedaca.gov/Shortcut-Content/News-Media,linked-from-official-page,not-tested
162:0600562,Alameda,CA,76876,2025,incorporated-place,channels-found,62.09,alerts,https://www.alamedaca.gov/Shortcut-Content/News-Media/Traffic-Advisory-Oakland-Alameda-Water-Shuttle-Out-of-Service,https://www.alamedaca.gov/Shortcut-Content/News-Media,linked-from-official-page,not-tested
162:0600562,Alameda,CA,76876,2025,incorporated-place,channels-found,62.09,alerts,https://www.ebmud.com/customers/alerts/,https://www.alamedaca.gov/RESIDENTS/Alerts-Advisories,linked-from-official-page,not-tested
162:0600562,Alameda,CA,76876,2025,incorporated-place,channels-found,62.09,alerts,https://www.alamedaca.gov/RESIDENTS/ALERTS-COVID-19,https://www.alamedaca.gov/RESIDENTS/Alerts-Advisories,linked-from-official-page,not-tested
162:0600562,Alameda,CA,76876,2025,incorporated-place,channels-found,62.09,alerts,https://www.acgov.org/emergencysite/,https://www.alamedaca.gov/RESIDENTS/Alerts-Advisories,linked-from-official-page,not-tested
162:0600884,Alhambra,CA,79820,2025,incorporated-place,department-found,491.53,department-page,https://alhambraca.gov/271/Crime-Statistics,https://alhambraca.gov/271/Crime-Statistics,search-discovered-primary-source; review-jurisdiction,search-readable; automation-unverified
162:0600884,Alhambra,CA,79820,2025,incorporated-place,department-found,491.53,department-page,https://www.alhambraca.gov/834/Police,https://www.alhambraca.gov/834/Police,search-discovered-primary-source; review-jurisdiction,search-readable; automation-unverified
162:0600884,Alhambra,CA,79820,2025,incorporated-place,department-found,491.53,department-page,https://www.cityofalhambra.org/834,https://www.cityofalhambra.org/834,search-discovered-primary-source; review-jurisdiction,search-readable; automation-unverified
162:0602000,Anaheim,CA,341008,2025,incorporated-place,department-found,533.93,department-page,https://pd.anaheim.net/,https://pd.anaheim.net/,reviewed-primary-web-source,search-readable; automation-unverified
162:0602252,Antioch,CA,118958,2025,incorporated-place,department-found,82.72,department-page,https://www.antiochca.gov/186/Police-Department,https://www.antiochca.gov/186/Police-Department,reviewed-primary-web-source,search-readable; automation-unverified
162:0602252,Antioch,CA,118958,2025,incorporated-place,department-found,82.72,department-page,https://www.antiochca.gov/police/contact-information/,https://www.antiochca.gov/police/contact-information/,search-discovered-primary-source; review-jurisdiction,search-readable; automation-unverified
162:0602252,Antioch,CA,118958,2025,incorporated-place,department-found,82.72,department-page,https://www.antiochca.gov/446/Crime-Statistics,https://www.antiochca.gov/446/Crime-Statistics,search-discovered-primary-source; review-jurisdiction,search-readable; automation-unverified
162:0602364,Apple Valley,CA,75247,2025,incorporated-place,channels-found,521.95,newsroom,https://www.applevalley.org/services/police-department/police-news,https://www.applevalley.org/services/police-department/police-news,search-discovered-primary-source; review-jurisdiction,search-readable; automation-unverified
162:0602364,Apple Valley,CA,75247,2025,incorporated-place,channels-found,521.95,department-page,https://www.applevalleymn.gov/114/Police-Department,https://www.applevalleymn.gov/114/Police-Department,search-discovered-primary-source; review-jurisdiction,search-readable; automation-unverified
162:0602364,Apple Valley,CA,75247,2025,incorporated-place,channels-found,521.95,nixle,https://local.nixle.com/sbsd---apple-valley-police-department/,https://local.nixle.com/city/ca/apple-valley/,certified-publisher-in-city-directory; jurisdiction-review-required,public-nixle-archive
162:0602462,Arcadia,CA,54117,2025,incorporated-place,channels-found,493.98,department-page,https://www.arcadiacapolice.gov/index.php,https://arcadiaca.gov/,official-domain-or-referral,public-html
162:0602462,Arcadia,CA,54117,2025,incorporated-place,channels-found,493.98,department-page,https://www.arcadiacapolice.gov/crime_trends/index.php,https://www.arcadiacapolice.gov/index.php,official-domain-or-referral,public-html
162:0602462,Arcadia,CA,54117,2025,incorporated-place,channels-found,493.98,department-page,https://www.arcadiacapolice.gov/about_us/index.php,https://arcadiaca.gov/,official-domain-or-referral,public-html
162:0602462,Arcadia,CA,54117,2025,incorporated-place,channels-found,493.98,department-page,https://www.arcadiacapolice.gov/services/weekly_police_activity.php,https://www.arcadiacapolice.gov/about_us/index.php,official-domain-or-referral,public-html
162:0602462,Arcadia,CA,54117,2025,incorporated-place,channels-found,493.98,department-page,https://www.arcadiacapolice.gov/services/request_a_police_record.php,https://www.arcadiacapolice.gov/services/request_a_police_record.php,search-discovered-primary-source; review-jurisdiction,search-readable; automation-unverified
162:0602462,Arcadia,CA,54117,2025,incorporated-place,channels-found,493.98,department-page,https://www.arcadiacapolice.gov/about_us/contact_us.php,https://www.arcadiacapolice.gov/about_us/contact_us.php,search-discovered-primary-source; review-jurisdiction,search-readable; automation-unverified
162:0602462,Arcadia,CA,54117,2025,incorporated-place,channels-found,493.98,department-page,https://www.arcadiaca.gov/government/police/services/index.php,https://www.arcadiaca.gov/government/police/services/index.php,search-discovered-primary-source; review-jurisdiction,search-readable; automation-unverified
162:0602462,Arcadia,CA,54117,2025,incorporated-place,channels-found,493.98,nixle,https://local.nixle.com/arcadia-police-department/,https://local.nixle.com/city/ca/arcadia/,certified-publisher-in-city-directory; jurisdiction-review-required,public-nixle-archive
162:0603526,Bakersfield,CA,422165,2025,incorporated-place,department-found,334.55,department-page,https://www.gov.ca.gov/2024/04/30/chp-bakersfield-public-safety-2/,https://www.gov.ca.gov/2024/04/30/chp-bakersfield-public-safety-2/,search-discovered-primary-source; review-jurisdiction,search-readable; automation-unverified
162:0603666,Baldwin Park,CA,68880,2025,incorporated-place,channels-found,502.14,department-page,https://www.baldwinparkpolice.com/,https://www.baldwinpark.com/,discovered-department-page; review-jurisdiction,public-html
162:0603666,Baldwin Park,CA,68880,2025,incorporated-place,channels-found,502.14,alerts,https://www.baldwinparkpolice.com/AlertCenter.aspx,https://www.baldwinparkpolice.com/,linked-from-municipal-or-department-page; review-scope,not-tested
162:0603666,Baldwin Park,CA,68880,2025,incorporated-place,channels-found,502.14,facebook,https://www.facebook.com/BaldwinParkPD/,https://www.baldwinparkpolice.com/,linked-from-municipal-or-department-page; review-scope,not-tested
162:0603666,Baldwin Park,CA,68880,2025,incorporated-place,channels-found,502.14,instagram,https://www.instagram.com/baldwinparkpd/,https://www.baldwinparkpolice.com/,linked-from-municipal-or-department-page; review-scope,not-tested
162:0603666,Baldwin Park,CA,68880,2025,incorporated-place,channels-found,502.14,alerts,https://www.baldwinparkpolice.com/List.aspx,https://www.baldwinparkpolice.com/AlertCenter.aspx,linked-from-municipal-or-department-page; review-scope,not-tested
162:0603666,Baldwin Park,CA,68880,2025,incorporated-place,channels-found,502.14,feed-directory,https://www.baldwinparkpolice.com/Rss.aspx,https://www.baldwinparkpolice.com/AlertCenter.aspx,linked-from-municipal-or-department-page; review-scope,not-tested
162:0603666,Baldwin Park,CA,68880,2025,incorporated-place,channels-found,502.14,alerts,https://www.baldwinparkpolice.com/list.aspx?Mode=Subscribe,https://www.baldwinparkpolice.com/AlertCenter.aspx,linked-from-municipal-or-department-page; review-scope,not-tested
162:0604758,Beaumont,CA,60835,2025,incorporated-place,channels-found,586.24,department-page,https://beaumontca.gov/1366/Police,https://beaumontca.gov/,official-domain-or-referral,public-html
162:0604758,Beaumont,CA,60835,2025,incorporated-place,channels-found,586.24,facebook,https://www.facebook.com/beaumontCApolice,https://beaumontca.gov/1366/Police,linked-from-official-page,not-tested
162:0604758,Beaumont,CA,60835,2025,incorporated-place,channels-found,586.24,instagram,https://www.instagram.com/beaumontca_pd/,https://beaumontca.gov/1366/Police,linked-from-official-page,not-tested
162:0604758,Beaumont,CA,60835,2025,incorporated-place,channels-found,586.24,incident-log,https://beaumontpd.citizenrims.com/map,https://beaumontca.gov/1366/Police,linked-from-official-page,not-tested
162:0604758,Beaumont,CA,60835,2025,incorporated-place,channels-found,586.24,alerts,https://beaumontca.gov/1340/Emergency-Alerts,https://beaumontca.gov/1366/Police,linked-from-official-page,not-tested
162:0604758,Beaumont,CA,60835,2025,incorporated-place,channels-found,586.24,alerts,https://beaumontca.gov/list.aspx,https://beaumontca.gov/1366/Police,linked-from-official-page,not-tested
162:0604758,Beaumont,CA,60835,2025,incorporated-place,channels-found,586.24,department-page,https://beaumontca.gov/1169/Crime,https://beaumontca.gov/1366/Police,official-domain-or-referral,public-html
162:0604758,Beaumont,CA,60835,2025,incorporated-place,channels-found,586.24,incident-log,https://beaumontpd.citizenrims.com,https://beaumontca.gov/1169/Crime,linked-from-official-page,not-tested
162:0604758,Beaumont,CA,60835,2025,incorporated-place,channels-found,586.24,department-page,https://beaumontca.gov/1196/Crime-Tips,https://beaumontca.gov/1366/Police,official-domain-or-referral,public-html
162:0604758,Beaumont,CA,60835,2025,incorporated-place,channels-found,586.24,department-page,https://beaumontca.gov/1166/Transparency,https://beaumontca.gov/1366/Police,official-domain-or-referral,public-html
162:0604982,Bellflower,CA,74719,2025,incorporated-place,channels-found,508.16,department-page,https://irvinepd.gov/2026/06/25/residential-burglary-crew-arrested-2/,https://irvinepd.gov/2026/06/25/residential-burglary-crew-arrested-2/,search-discovered-primary-source; review-jurisdiction,search-readable; automation-unverified
162:0604982,Bellflower,CA,74719,2025,incorporated-place,channels-found,508.16,newsroom,https://origin.www.longbeach.gov/police/press-releases/at-risk-missing-person---juan-munoz/,https://origin.www.longbeach.gov/police/press-releases/at-risk-missing-person---juan-munoz/,search-discovered-primary-source; review-jurisdiction,search-readable; automation-unverified
162:0604982,Bellflower,CA,74719,2025,incorporated-place,channels-found,508.16,newsroom,https://www.longbeach.gov/police/press-releases/traffic-fatality--2200-block-of-bellflower-boulevard/,https://www.longbeach.gov/police/press-releases/traffic-fatality--2200-block-of-bellflower-boulevard/,search-discovered-primary-source; review-jurisdiction,search-readable; automation-unverified
162:0606000,Berkeley,CA,121911,2025,incorporated-place,channels-found,75.97,department-page,https://berkeleyca.gov/safety-health/police,https://berkeleyca.gov/,official-domain-or-referral,public-html
162:0606000,Berkeley,CA,121911,2025,incorporated-place,channels-found,75.97,alerts,https://member.everbridge.net/index/453003085612570,https://berkeleyca.gov/safety-health/police,linked-from-official-page,not-tested
162:0606000,Berkeley,CA,121911,2025,incorporated-place,channels-found,75.97,department-page,https://berkeleyca.gov/community-recreation/news,https://berkeleyca.gov/safety-health/police,official-domain-or-referral,public-html
162:0606000,Berkeley,CA,121911,2025,incorporated-place,channels-found,75.97,department-page,https://berkeleyca.gov/safety-health/police/report-crime,https://berkeleyca.gov/safety-health/police,official-domain-or-referral,public-html
162:0606000,Berkeley,CA,121911,2025,incorporated-place,channels-found,75.97,department-page,https://berkeleyca.gov/safety-health/police-accountability,https://berkeleyca.gov/,official-domain-or-referral,public-html
162:0606000,Berkeley,CA,121911,2025,incorporated-place,channels-found,75.97,alerts,https://berkeleyca.gov/safety-health/disaster-preparedness/emergency-notifications,https://berkeleyca.gov/safety-health/police-accountability,linked-from-official-page,not-tested
162:0606000,Berkeley,CA,121911,2025,incorporated-place,channels-found,75.97,alerts,https://berkeleyca.gov/safety-health/public-health/public-health-alerts-and-advisories,https://berkeleyca.gov/safety-health/police-accountability,linked-from-official-page,not-tested
162:0606000,Berkeley,CA,121911,2025,incorporated-place,channels-found,75.97,nixle,https://local.nixle.com/berkeley-police-department/,https://local.nixle.com/city/ca/berkeley/,certified-publisher-in-city-directory; jurisdiction-review-required,public-nixle-archive
162:0608142,Brentwood,CA,66607,2025,incorporated-place,channels-found,79.44,department-page,https://www.brentwoodca.gov/government/police,https://www.brentwoodca.gov/government/police,reviewed-primary-web-source,search-readable; automation-unverified
162:0608142,Brentwood,CA,66607,2025,incorporated-place,channels-found,79.44,department-page,https://www.brentwoodca.gov/government/police/contact-us,https://www.brentwoodca.gov/government/police/contact-us,search-discovered-primary-source; review-jurisdiction,search-readable; automation-unverified
162:0608142,Brentwood,CA,66607,2025,incorporated-place,channels-found,79.44,newsroom,https://www.brentwoodca.gov/government/police/news,https://www.brentwoodca.gov/government/police/news,search-discovered-primary-source; review-jurisdiction,search-readable; automation-unverified
162:0608786,Buena Park,CA,81741,2025,incorporated-place,channels-found,518.08,department-page,https://www.ocsheriff.gov/occrimestoppers,https://www.ocsheriff.gov/occrimestoppers,search-discovered-primary-source; review-jurisdiction,search-readable; automation-unverified
162:0608786,Buena Park,CA,81741,2025,incorporated-place,channels-found,518.08,department-page,https://oag.ca.gov/fingerprints/locations/buena-park-police-department,https://oag.ca.gov/fingerprints/locations/buena-park-police-department,search-discovered-primary-source; review-jurisdiction,search-readable; automation-unverified
162:0608786,Buena Park,CA,81741,2025,incorporated-place,channels-found,518.08,newsroom,https://www.oag.ca.gov/news/press-releases/california-department-justice-investigating-buena-park-police-department-officer,https://www.oag.ca.gov/news/press-releases/california-department-justice-investigating-buena-park-police-department-officer,search-discovered-primary-source; review-jurisdiction,search-readable; automation-unverified
162:0608954,Burbank,CA,102988,2025,incorporated-place,channels-found,470.94,department-page,https://www.burbankca.gov/web/police-department,https://www.burbankca.gov/,official-domain-or-referral,public-html
162:0608954,Burbank,CA,102988,2025,incorporated-place,channels-found,470.94,newsroom,https://www.burbankca.gov/web/police-department/newsroom,https://www.burbankca.gov/web/police-department,linked-from-official-page,not-tested
162:0608954,Burbank,CA,102988,2025,incorporated-place,channels-found,470.94,newsroom,https://www.burbankca.gov/web/police-department/news/-/police_newsdetail/20124/burbank-police-news-release-man-arrested-for-lewd-behavior,https://www.burbankca.gov/web/police-department,linked-from-official-page,not-tested
162:0608954,Burbank,CA,102988,2025,incorporated-place,channels-found,470.94,newsroom,https://www.burbankca.gov/web/police-department/news/-/police_newsdetail/20124/burbank-pd-news-release-burbank-police-participated-in-statewide-organized-retail-theft-operation,https://www.burbankca.gov/web/police-department,linked-from-official-page,not-tested
162:0608954,Burbank,CA,102988,2025,incorporated-place,channels-found,470.94,instagram,https://www.instagram.com/burbankpolice/,https://www.burbankca.gov/web/police-department,linked-from-official-page,not-tested
162:0608954,Burbank,CA,102988,2025,incorporated-place,channels-found,470.94,facebook,https://www.facebook.com/BurbankPD/,https://www.burbankca.gov/web/police-department,linked-from-official-page,not-tested
162:0608954,Burbank,CA,102988,2025,incorporated-place,channels-found,470.94,x,https://x.com/burbankpd,https://www.burbankca.gov/web/police-department,linked-from-official-page,not-tested
162:0608954,Burbank,CA,102988,2025,incorporated-place,channels-found,470.94,nixle,https://local.nixle.com/burbank-police-department-california/,https://www.burbankca.gov/web/police-department,linked-from-official-page,public-nixle-archive
162:0608954,Burbank,CA,102988,2025,incorporated-place,channels-found,470.94,nextdoor,https://nextdoor.com/agency-post/ca/burbank/burbank-police-department/city-of-burbank-and-burbank-police-department-are-not-affiliated-with-a-private-police-department-survey-186592471/,https://www.burbankca.gov/web/police-department,linked-from-official-page,not-tested
162:0608954,Burbank,CA,102988,2025,incorporated-place,channels-found,470.94,alerts,https://www.burbankca.gov/email-notifications,https://www.burbankca.gov/web/police-department,linked-from-official-page,not-tested
162:0608954,Burbank,CA,102988,2025,incorporated-place,channels-found,470.94,department-page,https://www.burbankca.gov/web/police-department/crime,https://www.burbankca.gov/web/police-department,official-domain-or-referral,public-html
162:0608954,Burbank,CA,102988,2025,incorporated-place,channels-found,470.94,crime-map,https://www.communitycrimemap.com/,https://www.burbankca.gov/web/police-department/crime,linked-from-official-page,not-tested
162:0608954,Burbank,CA,102988,2025,incorporated-place,channels-found,470.94,alerts,http://www.vinelink.com/,https://www.burbankca.gov/web/police-department/crime,linked-from-official-page,not-tested
162:0608954,Burbank,CA,102988,2025,incorporated-place,channels-found,470.94,newsroom,https://www.burbankca.gov/web/police-department/news/-/police_newsdetail/20124/burbank-pd-news-release-dui-checkpoint-results-3,https://www.burbankca.gov/web/police-department/newsroom,linked-from-official-page,not-tested
162:0608954,Burbank,CA,102988,2025,incorporated-place,channels-found,470.94,incident-log,https://www.burbankca.gov/web/police-department/news/-/police_newsdetail/20124/burbank-pd-community-bulletin-first-amendment-auditors,https://www.burbankca.gov/web/police-department/newsroom,linked-from-official-page,not-tested
162:0608954,Burbank,CA,102988,2025,incorporated-place,channels-found,470.94,newsroom,https://www.burbankca.gov/web/police-department/news/-/police_newsdetail/20124/burbank-pd-news-release-dui-checkpoint-scheduled-for-august-14-2026,https://www.burbankca.gov/web/police-department/newsroom,linked-from-official-page,not-tested
162:0608954,Burbank,CA,102988,2025,incorporated-place,channels-found,470.94,newsroom,https://www.burbankca.gov/web/police-department/news/-/police_newsdetail/20124/burbank-pd-news-release-alpr-technology-helps-detectives-solve-wallet-theft-case-of-elderly-victim,https://www.burbankca.gov/web/police-department/newsroom,linked-from-official-page,not-tested
162:0608954,Burbank,CA,102988,2025,incorporated-place,channels-found,470.94,newsroom,https://www.burbankca.gov/web/police-department/news/-/police_newsdetail/20124/burbank-pd-news-release-registered-sex-offender-arrested-following-indecent-exposure,https://www.burbankca.gov/web/police-department/newsroom,linked-from-official-page,not-tested
162:0608954,Burbank,CA,102988,2025,incorporated-place,channels-found,470.94,newsroom,https://www.burbankca.gov/web/police-department/news/-/police_newsdetail/20124/burbank-pd-news-release-fatal-traffic-collision-involving-electric-motorcycle,https://www.burbankca.gov/web/police-department/newsroom,linked-from-official-page,not-tested
162:0608954,Burbank,CA,102988,2025,incorporated-place,channels-found,470.94,newsroom,https://www.burbankca.gov/web/police-department/news/-/police_newsdetail/20124/burbank-pd-news-release-man-arrested-for-lewd-behavior,https://www.burbankca.gov/web/police-department/newsroom,linked-from-official-page,not-tested
162:0608954,Burbank,CA,102988,2025,incorporated-place,channels-found,470.94,newsroom,https://www.burbankca.gov/web/police-department/newsroom?p_p_id=com_liferay_asset_publisher_web_portlet_AssetPublisherPortlet_INSTANCE_dabv&p_p_lifecycle=0&p_p_state=normal&p_p_mode=view&_com_liferay_asset_publisher_web_portlet_AssetPublisherPortlet_INSTANCE_dabv_delta=10&_com_liferay_asset_publisher_web_portlet_AssetPublisherPortlet_INSTANCE_dabv_orderByCol=modifiedDate&_com_liferay_asset_publisher_web_portlet_AssetPublisherPortlet_INSTANCE_dabv_orderByType=DESC&p_r_p_resetCur=false&_com_liferay_asset_publisher_web_portlet_AssetPublisherPortlet_INSTANCE_dabv_cur=1,https://www.burbankca.gov/web/police-department/newsroom,linked-from-official-page,not-tested
162:0608954,Burbank,CA,102988,2025,incorporated-place,channels-found,470.94,newsroom,https://www.burbankca.gov/web/police-department/newsroom?p_p_id=com_liferay_asset_publisher_web_portlet_AssetPublisherPortlet_INSTANCE_dabv&p_p_lifecycle=0&p_p_state=normal&p_p_mode=view&_com_liferay_asset_publisher_web_portlet_AssetPublisherPortlet_INSTANCE_dabv_delta=10&_com_liferay_asset_publisher_web_portlet_AssetPublisherPortlet_INSTANCE_dabv_orderByCol=modifiedDate&_com_liferay_asset_publisher_web_portlet_AssetPublisherPortlet_INSTANCE_dabv_orderByType=DESC&p_r_p_resetCur=false&_com_liferay_asset_publisher_web_portlet_AssetPublisherPortlet_INSTANCE_dabv_cur=2,https://www.burbankca.gov/web/police-department/newsroom,linked-from-official-page,not-tested
162:0608954,Burbank,CA,102988,2025,incorporated-place,channels-found,470.94,newsroom,https://www.burbankca.gov/web/police-department/newsroom?p_p_id=com_liferay_asset_publisher_web_portlet_AssetPublisherPortlet_INSTANCE_dabv&p_p_lifecycle=0&p_p_state=normal&p_p_mode=view&_com_liferay_asset_publisher_web_portlet_AssetPublisherPortlet_INSTANCE_dabv_delta=10&_com_liferay_asset_publisher_web_portlet_AssetPublisherPortlet_INSTANCE_dabv_orderByCol=modifiedDate&_com_liferay_asset_publisher_web_portlet_AssetPublisherPortlet_INSTANCE_dabv_orderByType=DESC&p_r_p_resetCur=false&_com_liferay_asset_publisher_web_portlet_AssetPublisherPortlet_INSTANCE_dabv_cur=3,https://www.burbankca.gov/web/police-department/newsroom,linked-from-official-page,not-tested
162:0608954,Burbank,CA,102988,2025,incorporated-place,channels-found,470.94,newsroom,https://www.burbankca.gov/web/police-department/newsroom?p_p_id=com_liferay_asset_publisher_web_portlet_AssetPublisherPortlet_INSTANCE_dabv&p_p_lifecycle=0&p_p_state=normal&p_p_mode=view&_com_liferay_asset_publisher_web_portlet_AssetPublisherPortlet_INSTANCE_dabv_delta=10&_com_liferay_asset_publisher_web_portlet_AssetPublisherPortlet_INSTANCE_dabv_orderByCol=modifiedDate&_com_liferay_asset_publisher_web_portlet_AssetPublisherPortlet_INSTANCE_dabv_orderByType=DESC&p_r_p_resetCur=false&_com_liferay_asset_publisher_web_portlet_AssetPublisherPortlet_INSTANCE_dabv_cur=4,https://www.burbankca.gov/web/police-department/newsroom,linked-from-official-page,not-tested
162:0608954,Burbank,CA,102988,2025,incorporated-place,channels-found,470.94,newsroom,https://www.burbankca.gov/web/police-department/newsroom?p_p_id=com_liferay_asset_publisher_web_portlet_AssetPublisherPortlet_INSTANCE_dabv&p_p_lifecycle=0&p_p_state=normal&p_p_mode=view&_com_liferay_asset_publisher_web_portlet_AssetPublisherPortlet_INSTANCE_dabv_delta=10&_com_liferay_asset_publisher_web_portlet_AssetPublisherPortlet_INSTANCE_dabv_orderByCol=modifiedDate&_com_liferay_asset_publisher_web_portlet_AssetPublisherPortlet_INSTANCE_dabv_orderByType=DESC&p_r_p_resetCur=false&_com_liferay_asset_publisher_web_portlet_AssetPublisherPortlet_INSTANCE_dabv_cur=5,https://www.burbankca.gov/web/police-department/newsroom,linked-from-official-page,not-tested
162:0608954,Burbank,CA,102988,2025,incorporated-place,channels-found,470.94,newsroom,https://www.burbankca.gov/web/police-department/newsroom?p_p_id=com_liferay_asset_publisher_web_portlet_AssetPublisherPortlet_INSTANCE_dabv&p_p_lifecycle=0&p_p_state=normal&p_p_mode=view&_com_liferay_asset_publisher_web_portlet_AssetPublisherPortlet_INSTANCE_dabv_delta=10&_com_liferay_asset_publisher_web_portlet_AssetPublisherPortlet_INSTANCE_dabv_orderByCol=modifiedDate&_com_liferay_asset_publisher_web_portlet_AssetPublisherPortlet_INSTANCE_dabv_orderByType=DESC&p_r_p_resetCur=false&_com_liferay_asset_publisher_web_portlet_AssetPublisherPortlet_INSTANCE_dabv_cur=6,https://www.burbankca.gov/web/police-department/newsroom,linked-from-official-page,not-tested
162:0608954,Burbank,CA,102988,2025,incorporated-place,channels-found,470.94,newsroom,https://www.burbankca.gov/web/police-department/newsroom?p_p_id=com_liferay_asset_publisher_web_portlet_AssetPublisherPortlet_INSTANCE_dabv&p_p_lifecycle=0&p_p_state=normal&p_p_mode=view&_com_liferay_asset_publisher_web_portlet_AssetPublisherPortlet_INSTANCE_dabv_delta=10&_com_liferay_asset_publisher_web_portlet_AssetPublisherPortlet_INSTANCE_dabv_orderByCol=modifiedDate&_com_liferay_asset_publisher_web_portlet_AssetPublisherPortlet_INSTANCE_dabv_orderByType=DESC&p_r_p_resetCur=false&_com_liferay_asset_publisher_web_portlet_AssetPublisherPortlet_INSTANCE_dabv_cur=7,https://www.burbankca.gov/web/police-department/newsroom,linked-from-official-page,not-tested
162:0608954,Burbank,CA,102988,2025,incorporated-place,channels-found,470.94,newsroom,https://www.burbankca.gov/web/police-department/newsroom?p_p_id=com_liferay_asset_publisher_web_portlet_AssetPublisherPortlet_INSTANCE_dabv&p_p_lifecycle=0&p_p_state=normal&p_p_mode=view&_com_liferay_asset_publisher_web_portlet_AssetPublisherPortlet_INSTANCE_dabv_delta=10&_com_liferay_asset_publisher_web_portlet_AssetPublisherPortlet_INSTANCE_dabv_orderByCol=modifiedDate&_com_liferay_asset_publisher_web_portlet_AssetPublisherPortlet_INSTANCE_dabv_orderByType=DESC&p_r_p_resetCur=false&_com_liferay_asset_publisher_web_portlet_AssetPublisherPortlet_INSTANCE_dabv_cur=8,https://www.burbankca.gov/web/police-department/newsroom,linked-from-official-page,not-tested
162:0608954,Burbank,CA,102988,2025,incorporated-place,channels-found,470.94,newsroom,https://www.burbankca.gov/web/police-department/newsroom?p_p_id=com_liferay_asset_publisher_web_portlet_AssetPublisherPortlet_INSTANCE_dabv&p_p_lifecycle=0&p_p_state=normal&p_p_mode=view&_com_liferay_asset_publisher_web_portlet_AssetPublisherPortlet_INSTANCE_dabv_delta=10&_com_liferay_asset_publisher_web_portlet_AssetPublisherPortlet_INSTANCE_dabv_orderByCol=modifiedDate&_com_liferay_asset_publisher_web_portlet_AssetPublisherPortlet_INSTANCE_dabv_orderByType=DESC&p_r_p_resetCur=false&_com_liferay_asset_publisher_web_portlet_AssetPublisherPortlet_INSTANCE_dabv_cur=9,https://www.burbankca.gov/web/police-department/newsroom,linked-from-official-page,not-tested
162:0608954,Burbank,CA,102988,2025,incorporated-place,channels-found,470.94,newsroom,https://www.burbankca.gov/web/police-department/newsroom?p_p_id=com_liferay_asset_publisher_web_portlet_AssetPublisherPortlet_INSTANCE_dabv&p_p_lifecycle=0&p_p_state=normal&p_p_mode=view&_com_liferay_asset_publisher_web_portlet_AssetPublisherPortlet_INSTANCE_dabv_delta=10&_com_liferay_asset_publisher_web_portlet_AssetPublisherPortlet_INSTANCE_dabv_orderByCol=modifiedDate&_com_liferay_asset_publisher_web_portlet_AssetPublisherPortlet_INSTANCE_dabv_orderByType=DESC&p_r_p_resetCur=false&_com_liferay_asset_publisher_web_portlet_AssetPublisherPortlet_INSTANCE_dabv_cur=10,https://www.burbankca.gov/web/police-department/newsroom,linked-from-official-page,not-tested
162:0608954,Burbank,CA,102988,2025,incorporated-place,channels-found,470.94,newsroom,https://www.burbankca.gov/web/police-department/newsroom?p_p_id=com_liferay_asset_publisher_web_portlet_AssetPublisherPortlet_INSTANCE_dabv&p_p_lifecycle=0&p_p_state=normal&p_p_mode=view&_com_liferay_asset_publisher_web_portlet_AssetPublisherPortlet_INSTANCE_dabv_delta=10&_com_liferay_asset_publisher_web_portlet_AssetPublisherPortlet_INSTANCE_dabv_orderByCol=modifiedDate&_com_liferay_asset_publisher_web_portlet_AssetPublisherPortlet_INSTANCE_dabv_orderByType=DESC&p_r_p_resetCur=false&_com_liferay_asset_publisher_web_portlet_AssetPublisherPortlet_INSTANCE_dabv_cur=11,https://www.burbankca.gov/web/police-department/newsroom,linked-from-official-page,not-tested
162:0608954,Burbank,CA,102988,2025,incorporated-place,channels-found,470.94,newsroom,https://www.burbankca.gov/web/police-department/newsroom?p_p_id=com_liferay_asset_publisher_web_portlet_AssetPublisherPortlet_INSTANCE_dabv&p_p_lifecycle=0&p_p_state=normal&p_p_mode=view&_com_liferay_asset_publisher_web_portlet_AssetPublisherPortlet_INSTANCE_dabv_delta=10&_com_liferay_asset_publisher_web_portlet_AssetPublisherPortlet_INSTANCE_dabv_orderByCol=modifiedDate&_com_liferay_asset_publisher_web_portlet_AssetPublisherPortlet_INSTANCE_dabv_orderByType=DESC&p_r_p_resetCur=false&_com_liferay_asset_publisher_web_portlet_AssetPublisherPortlet_INSTANCE_dabv_cur=12,https://www.burbankca.gov/web/police-department/newsroom,linked-from-official-page,not-tested
162:0608954,Burbank,CA,102988,2025,incorporated-place,channels-found,470.94,newsroom,https://www.burbankca.gov/web/police-department/newsroom?p_p_id=com_liferay_asset_publisher_web_portlet_AssetPublisherPortlet_INSTANCE_dabv&p_p_lifecycle=0&p_p_state=normal&p_p_mode=view&_com_liferay_asset_publisher_web_portlet_AssetPublisherPortlet_INSTANCE_dabv_delta=10&_com_liferay_asset_publisher_web_portlet_AssetPublisherPortlet_INSTANCE_dabv_orderByCol=modifiedDate&_com_liferay_asset_publisher_web_portlet_AssetPublisherPortlet_INSTANCE_dabv_orderByType=DESC&p_r_p_resetCur=false&_com_liferay_asset_publisher_web_portlet_AssetPublisherPortlet_INSTANCE_dabv_cur=13,https://www.burbankca.gov/web/police-department/newsroom,linked-from-official-page,not-tested
162:0608954,Burbank,CA,102988,2025,incorporated-place,channels-found,470.94,newsroom,https://www.burbankca.gov/web/police-department/newsroom?p_p_id=com_liferay_asset_publisher_web_portlet_AssetPublisherPortlet_INSTANCE_dabv&p_p_lifecycle=0&p_p_state=normal&p_p_mode=view&_com_liferay_asset_publisher_web_portlet_AssetPublisherPortlet_INSTANCE_dabv_delta=10&_com_liferay_asset_publisher_web_portlet_AssetPublisherPortlet_INSTANCE_dabv_orderByCol=modifiedDate&_com_liferay_asset_publisher_web_portlet_AssetPublisherPortlet_INSTANCE_dabv_orderByType=DESC&p_r_p_resetCur=false&_com_liferay_asset_publisher_web_portlet_AssetPublisherPortlet_INSTANCE_dabv_cur=14,https://www.burbankca.gov/web/police-department/newsroom,linked-from-official-page,not-tested
162:0608954,Burbank,CA,102988,2025,incorporated-place,channels-found,470.94,newsroom,https://www.burbankca.gov/web/police-department/newsroom?p_p_id=com_liferay_asset_publisher_web_portlet_AssetPublisherPortlet_INSTANCE_dabv&p_p_lifecycle=0&p_p_state=normal&p_p_mode=view&_com_liferay_asset_publisher_web_portlet_AssetPublisherPortlet_INSTANCE_dabv_delta=10&_com_liferay_asset_publisher_web_portlet_AssetPublisherPortlet_INSTANCE_dabv_orderByCol=modifiedDate&_com_liferay_asset_publisher_web_portlet_AssetPublisherPortlet_INSTANCE_dabv_orderByType=DESC&p_r_p_resetCur=false&_com_liferay_asset_publisher_web_portlet_AssetPublisherPortlet_INSTANCE_dabv_cur=15,https://www.burbankca.gov/web/police-department/newsroom,linked-from-official-page,not-tested
162:0608954,Burbank,CA,102988,2025,incorporated-place,channels-found,470.94,newsroom,https://www.burbankca.gov/web/police-department/newsroom?p_p_id=com_liferay_asset_publisher_web_portlet_AssetPublisherPortlet_INSTANCE_dabv&p_p_lifecycle=0&p_p_state=normal&p_p_mode=view&_com_liferay_asset_publisher_web_portlet_AssetPublisherPortlet_INSTANCE_dabv_delta=10&_com_liferay_asset_publisher_web_portlet_AssetPublisherPortlet_INSTANCE_dabv_orderByCol=modifiedDate&_com_liferay_asset_publisher_web_portlet_AssetPublisherPortlet_INSTANCE_dabv_orderByType=DESC&p_r_p_resetCur=false&_com_liferay_asset_publisher_web_portlet_AssetPublisherPortlet_INSTANCE_dabv_cur=16,https://www.burbankca.gov/web/police-department/newsroom,linked-from-official-page,not-tested
162:0608954,Burbank,CA,102988,2025,incorporated-place,channels-found,470.94,newsroom,https://www.burbankca.gov/web/police-department/newsroom?p_p_id=com_liferay_asset_publisher_web_portlet_AssetPublisherPortlet_INSTANCE_dabv&p_p_lifecycle=0&p_p_state=normal&p_p_mode=view&_com_liferay_asset_publisher_web_portlet_AssetPublisherPortlet_INSTANCE_dabv_delta=10&_com_liferay_asset_publisher_web_portlet_AssetPublisherPortlet_INSTANCE_dabv_orderByCol=modifiedDate&_com_liferay_asset_publisher_web_portlet_AssetPublisherPortlet_INSTANCE_dabv_orderByType=DESC&p_r_p_resetCur=false&_com_liferay_asset_publisher_web_portlet_AssetPublisherPortlet_INSTANCE_dabv_cur=17,https://www.burbankca.gov/web/police-department/newsroom,linked-from-official-page,not-tested
162:0608954,Burbank,CA,102988,2025,incorporated-place,channels-found,470.94,newsroom,https://www.burbankca.gov/web/police-department/newsroom?p_p_id=com_liferay_asset_publisher_web_portlet_AssetPublisherPortlet_INSTANCE_dabv&p_p_lifecycle=0&p_p_state=normal&p_p_mode=view&_com_liferay_asset_publisher_web_portlet_AssetPublisherPortlet_INSTANCE_dabv_delta=10&_com_liferay_asset_publisher_web_portlet_AssetPublisherPortlet_INSTANCE_dabv_orderByCol=modifiedDate&_com_liferay_asset_publisher_web_portlet_AssetPublisherPortlet_INSTANCE_dabv_orderByType=DESC&p_r_p_resetCur=false&_com_liferay_asset_publisher_web_portlet_AssetPublisherPortlet_INSTANCE_dabv_cur=18,https://www.burbankca.gov/web/police-department/newsroom,linked-from-official-page,not-tested
162:0608954,Burbank,CA,102988,2025,incorporated-place,channels-found,470.94,newsroom,https://www.burbankca.gov/web/police-department/newsroom?p_p_id=com_liferay_asset_publisher_web_portlet_AssetPublisherPortlet_INSTANCE_dabv&p_p_lifecycle=0&p_p_state=normal&p_p_mode=view&_com_liferay_asset_publisher_web_portlet_AssetPublisherPortlet_INSTANCE_dabv_delta=10&_com_liferay_asset_publisher_web_portlet_AssetPublisherPortlet_INSTANCE_dabv_orderByCol=modifiedDate&_com_liferay_asset_publisher_web_portlet_AssetPublisherPortlet_INSTANCE_dabv_orderByType=DESC&p_r_p_resetCur=false&_com_liferay_asset_publisher_web_portlet_AssetPublisherPortlet_INSTANCE_dabv_cur=19,https://www.burbankca.gov/web/police-department/newsroom,linked-from-official-page,not-tested
162:0608954,Burbank,CA,102988,2025,incorporated-place,channels-found,470.94,newsroom,https://www.burbankca.gov/web/police-department/newsroom?p_p_id=com_liferay_asset_publisher_web_portlet_AssetPublisherPortlet_INSTANCE_dabv&p_p_lifecycle=0&p_p_state=normal&p_p_mode=view&_com_liferay_asset_publisher_web_portlet_AssetPublisherPortlet_INSTANCE_dabv_delta=10&_com_liferay_asset_publisher_web_portlet_AssetPublisherPortlet_INSTANCE_dabv_orderByCol=modifiedDate&_com_liferay_asset_publisher_web_portlet_AssetPublisherPortlet_INSTANCE_dabv_orderByType=DESC&p_r_p_resetCur=false&_com_liferay_asset_publisher_web_portlet_AssetPublisherPortlet_INSTANCE_dabv_cur=20,https://www.burbankca.gov/web/police-department/newsroom,linked-from-official-page,not-tested
162:0608954,Burbank,CA,102988,2025,incorporated-place,channels-found,470.94,department-page,https://www.burbankca.gov/web/police-department/film-burbank,https://www.burbankca.gov/,official-domain-or-referral,public-html
162:0610046,Camarillo,CA,68652,2025,incorporated-place,channels-found,426.45,department-page,https://oag.ca.gov/fingerprints/locations/camarillo-police-department,https://oag.ca.gov/fingerprints/locations/camarillo-police-department,search-discovered-primary-source; review-jurisdiction,search-readable; automation-unverified
162:0610046,Camarillo,CA,68652,2025,incorporated-place,channels-found,426.45,newsroom,https://sheriff.venturacounty.gov/?p=9065,https://sheriff.venturacounty.gov/?p=9065,search-discovered-primary-source; review-jurisdiction,search-readable; automation-unverified
162:0610046,Camarillo,CA,68652,2025,incorporated-place,channels-found,426.45,announcement,https://sheriff.venturacounty.gov/wp-content/uploads/2023/10/20030826OIS200324690_report_finalcompressed.pdf,https://sheriff.venturacounty.gov/wp-content/uploads/2023/10/20030826OIS200324690_report_finalcompressed.pdf,search-discovered-primary-source; review-jurisdiction,search-readable; automation-unverified
162:0611194,Carlsbad,CA,112260,2025,incorporated-place,department-found,623.13,department-page,https://www.carlsbadca.gov/Departments/police,https://www.carlsbadca.gov/Departments/police,search-discovered-primary-source; review-jurisdiction,search-readable; automation-unverified
162:0611194,Carlsbad,CA,112260,2025,incorporated-place,department-found,623.13,department-page,https://www.carlsbadca.gov/departments/police/-npage-3,https://www.carlsbadca.gov/departments/police/-npage-3,search-discovered-primary-source; review-jurisdiction,search-readable; automation-unverified
162:0611194,Carlsbad,CA,112260,2025,incorporated-place,department-found,623.13,department-page,https://www.carlsbadca.gov/departments/police/-npage-2,https://www.carlsbadca.gov/departments/police/-npage-2,search-discovered-primary-source; review-jurisdiction,search-readable; automation-unverified
162:0611530,Carson,CA,90808,2025,incorporated-place,department-found,504.73,department-page,https://ci.carson.ca.us/CityManager/PublicSafety.aspx,https://ci.carson.ca.us/CityManager/PublicSafety.aspx,search-discovered-primary-source; review-jurisdiction,search-readable; automation-unverified
162:0611530,Carson,CA,90808,2025,incorporated-place,department-found,504.73,department-page,https://www.carsoncity.gov/government/departments-g-z/sheriff-s-office/crime-in-our-area,https://www.carsoncity.gov/government/departments-g-z/sheriff-s-office/crime-in-our-area,search-discovered-primary-source; review-jurisdiction,search-readable; automation-unverified
162:0612048,Cathedral City,CA,52375,2025,incorporated-place,department-found,623.84,department-page,https://www.cathedralcity.gov/departments/police-department/online-services-reporting,https://www.cathedralcity.gov/departments/police-department/online-services-reporting,search-discovered-primary-source; review-jurisdiction,search-readable; automation-unverified
162:0612048,Cathedral City,CA,52375,2025,incorporated-place,department-found,623.84,department-page,https://www.cathedralcity.gov/departments/police-department/services-operations,https://www.cathedralcity.gov/departments/police-department/services-operations,search-discovered-primary-source; review-jurisdiction,search-readable; automation-unverified
162:0612048,Cathedral City,CA,52375,2025,incorporated-place,department-found,623.84,department-page,https://www.cathedralcity.gov/departments/police-department,https://www.cathedralcity.gov/departments/police-department,search-discovered-primary-source; review-jurisdiction,search-readable; automation-unverified
162:0613014,Chico,CA,105081,2025,incorporated-place,channels-found,279.92,department-page,https://chicoca.gov/City-Services/Public-Safety/index.html,https://chicoca.gov/,official-domain-or-referral,public-html
162:0613014,Chico,CA,105081,2025,incorporated-place,channels-found,279.92,incident-log,https://chicoca.gov/City-Services/Public-Safety/__catapult_pages/4ab3d961-5958-4376-b4c5-4fbadab060c9/Police-Department.html,https://chicoca.gov/City-Services/Public-Safety/index.html,linked-from-official-page,not-tested
162:0613014,Chico,CA,105081,2025,incorporated-place,channels-found,279.92,incident-log,https://chicoca.gov/City-Services/Public-Safety/City-Services/Public-Safety/Police-Department/Police-Department-Online-Crime-Report/index.html,https://chicoca.gov/City-Services/Public-Safety/index.html,linked-from-official-page,not-tested
162:0613014,Chico,CA,105081,2025,incorporated-place,channels-found,279.92,newsroom,https://chicoca.gov/City-Services/Public-Safety/City-Services/Public-Safety/Police-Department/Police-Department-Press-Releases/index.html,https://chicoca.gov/City-Services/Public-Safety/index.html,linked-from-official-page,not-tested
162:0613014,Chico,CA,105081,2025,incorporated-place,channels-found,279.92,newsroom,https://chicoca.gov/City-Services/Public-Safety/Our-Community/Latest-News--Chico-TV/City-of-Chico-Press-Releases/index.html,https://chicoca.gov/City-Services/Public-Safety/index.html,linked-from-official-page,not-tested
162:0613014,Chico,CA,105081,2025,incorporated-place,channels-found,279.92,newsroom,https://chicoca.gov/City-Services/Public-Safety/__catapult_pages/c84db201-df65-486e-a338-b43b51c11755/Police-Department-Press-Releases.html,https://chicoca.gov/City-Services/Public-Safety/index.html,linked-from-official-page,not-tested
162:0613014,Chico,CA,105081,2025,incorporated-place,channels-found,279.92,alerts,https://public.coderedweb.com/CNE/en-US/BFA19C579EA5,https://chicoca.gov/City-Services/Public-Safety/index.html,linked-from-official-page,not-tested
162:0613014,Chico,CA,105081,2025,incorporated-place,channels-found,279.92,incident-log,https://chicoca.gov/City-Services/Public-Safety/__catapult_pages/1434a321-6462-4bc1-b275-f46a28f9cac5/Police-Department-Online-Crime-Report.html,https://chicoca.gov/City-Services/Public-Safety/index.html,linked-from-official-page,not-tested
162:0613014,Chico,CA,105081,2025,incorporated-place,channels-found,279.92,department-page,https://chicoca.gov/City-Services/Public-Safety/Fire-Department/index.html,https://chicoca.gov/,official-domain-or-referral,public-html
162:0613014,Chico,CA,105081,2025,incorporated-place,channels-found,279.92,incident-log,https://chicoca.gov/City-Services/Public-Safety/Fire-Department/__catapult_pages/4ab3d961-5958-4376-b4c5-4fbadab060c9/index.html,https://chicoca.gov/City-Services/Public-Safety/Fire-Department/index.html,linked-from-official-page,not-tested
162:0613014,Chico,CA,105081,2025,incorporated-place,channels-found,279.92,incident-log,https://chicoca.gov/City-Services/Public-Safety/Fire-Department/City-Services/Public-Safety/Police-Department/Police-Department-Online-Crime-Report/index.html,https://chicoca.gov/City-Services/Public-Safety/Fire-Department/index.html,linked-from-official-page,not-tested
162:0613014,Chico,CA,105081,2025,incorporated-place,channels-found,279.92,newsroom,https://chicoca.gov/City-Services/Public-Safety/Fire-Department/City-Services/Public-Safety/Police-Department/Police-Department-Press-Releases/index.html,https://chicoca.gov/City-Services/Public-Safety/Fire-Department/index.html,linked-from-official-page,not-tested
162:0613014,Chico,CA,105081,2025,incorporated-place,channels-found,279.92,newsroom,https://chicoca.gov/City-Services/Public-Safety/Fire-Department/Our-Community/Latest-News--Chico-TV/City-of-Chico-Press-Releases/index.html,https://chicoca.gov/City-Services/Public-Safety/Fire-Department/index.html,linked-from-official-page,not-tested
162:0613014,Chico,CA,105081,2025,incorporated-place,channels-found,279.92,alerts,https://www.smart911.com/smart911/ref/reg.action?pa=buttecounty,https://chicoca.gov/City-Services/Public-Safety/Fire-Department/index.html,linked-from-official-page,not-tested
162:0613210,Chino,CA,96957,2025,incorporated-place,channels-found,530.37,department-page,https://www.cityofchino.org/1740/Police,https://www.cityofchino.org/,discovered-department-page; review-jurisdiction,public-html
162:0613210,Chino,CA,96957,2025,incorporated-place,channels-found,530.37,facebook,https://www.facebook.com/chinopolicedept/,https://www.cityofchino.org/1740/Police,linked-from-municipal-or-department-page; review-scope,not-tested
162:0613210,Chino,CA,96957,2025,incorporated-place,channels-found,530.37,instagram,https://www.instagram.com/CHINOPOLICEDEPT/,https://www.cityofchino.org/1740/Police,linked-from-municipal-or-department-page; review-scope,not-tested
162:0613210,Chino,CA,96957,2025,incorporated-place,channels-found,530.37,alerts,https://www.cityofchino.org/CivicAlerts.aspx?AID=420,https://www.cityofchino.org/1740/Police,linked-from-municipal-or-department-page; review-scope,not-tested
162:0613210,Chino,CA,96957,2025,incorporated-place,channels-found,530.37,alerts,https://www.cityofchino.org/CivicAlerts.aspx?AID=413,https://www.cityofchino.org/1740/Police,linked-from-municipal-or-department-page; review-scope,not-tested
162:0613210,Chino,CA,96957,2025,incorporated-place,channels-found,530.37,alerts,https://www.cityofchino.org/CivicAlerts.aspx?AID=395,https://www.cityofchino.org/1740/Police,linked-from-municipal-or-department-page; review-scope,not-tested
162:0613210,Chino,CA,96957,2025,incorporated-place,channels-found,530.37,alerts,https://www.cityofchino.org/CivicAlerts.aspx?AID=394,https://www.cityofchino.org/1740/Police,linked-from-municipal-or-department-page; review-scope,not-tested
162:0613210,Chino,CA,96957,2025,incorporated-place,channels-found,530.37,alerts,https://www.cityofchino.org/CivicAlerts.aspx?AID=341,https://www.cityofchino.org/1740/Police,linked-from-municipal-or-department-page; review-scope,not-tested
162:0613210,Chino,CA,96957,2025,incorporated-place,channels-found,530.37,alerts,https://www.cityofchino.org/CivicAlerts.aspx?AID=266,https://www.cityofchino.org/1740/Police,linked-from-municipal-or-department-page; review-scope,not-tested
162:0613210,Chino,CA,96957,2025,incorporated-place,channels-found,530.37,alerts,https://www.cityofchino.org/CivicAlerts.aspx?AID=35,https://www.cityofchino.org/1740/Police,linked-from-municipal-or-department-page; review-scope,not-tested
162:0613210,Chino,CA,96957,2025,incorporated-place,channels-found,530.37,alerts,https://www.cityofchino.org/CivicAlerts.aspx?AID=37,https://www.cityofchino.org/1740/Police,linked-from-municipal-or-department-page; review-scope,not-tested
162:0613210,Chino,CA,96957,2025,incorporated-place,channels-found,530.37,alerts,https://www.cityofchino.org/CivicAlerts.aspx?AID=33,https://www.cityofchino.org/1740/Police,linked-from-municipal-or-department-page; review-scope,not-tested
162:0613210,Chino,CA,96957,2025,incorporated-place,channels-found,530.37,alerts,https://www.cityofchino.org/CivicAlerts.aspx?AID=34,https://www.cityofchino.org/1740/Police,linked-from-municipal-or-department-page; review-scope,not-tested
162:0613210,Chino,CA,96957,2025,incorporated-place,channels-found,530.37,alerts,https://www.cityofchino.org/CivicAlerts.aspx?CID=1%2C8,https://www.cityofchino.org/1740/Police,linked-from-municipal-or-department-page; review-scope,not-tested
162:0613210,Chino,CA,96957,2025,incorporated-place,channels-found,530.37,x,https://x.com/chinopolicedept,https://www.cityofchino.org/1740/Police,linked-from-municipal-or-department-page; review-scope,not-tested
162:0613210,Chino,CA,96957,2025,incorporated-place,channels-found,530.37,department-page,https://www.cityofchino.org/1759/Transparency,https://www.cityofchino.org/1740/Police,discovered-department-page; review-jurisdiction,public-html
162:0613210,Chino,CA,96957,2025,incorporated-place,channels-found,530.37,alerts,https://www.cityofchino.org/CivicAlerts.aspx?CID=1,https://www.cityofchino.org/1759/Transparency,linked-from-municipal-or-department-page; review-scope,not-tested
162:0613210,Chino,CA,96957,2025,incorporated-place,channels-found,530.37,department-page,https://www.cityofchino.org/276/Crime-Information,https://www.cityofchino.org/1740/Police,discovered-department-page; review-jurisdiction,public-html
162:0613210,Chino,CA,96957,2025,incorporated-place,channels-found,530.37,crime-map,https://www.crimemapping.com/,https://www.cityofchino.org/276/Crime-Information,linked-from-municipal-or-department-page; review-scope,not-tested
162:0613210,Chino,CA,96957,2025,incorporated-place,channels-found,530.37,department-page,https://www.cityofchino.org/618/Chino-Newsletters,https://www.cityofchino.org/1740/Police,discovered-department-page; review-jurisdiction,public-html
162:0613214,Chino Hills,CA,77519,2025,incorporated-place,channels-found,529.11,department-page,https://www.chinohills.org/Calendar.aspx?EID=8100,https://www.chinohills.org/,discovered-department-page; review-jurisdiction,public-html
162:0613214,Chino Hills,CA,77519,2025,incorporated-place,channels-found,529.11,feed-directory,https://www.chinohills.org/rss.aspx,https://www.chinohills.org/Calendar.aspx?EID=8100,linked-from-municipal-or-department-page; review-scope,not-tested
162:0613214,Chino Hills,CA,77519,2025,incorporated-place,channels-found,529.11,alerts,https://www.chinohills.org/1947/Notify-Me-Sign-Up,https://www.chinohills.org/Calendar.aspx?EID=8100,linked-from-municipal-or-department-page; review-scope,not-tested
162:0613214,Chino Hills,CA,77519,2025,incorporated-place,channels-found,529.11,department-page,https://www.chinohills.org/1702/Transparency,https://www.chinohills.org/Calendar.aspx?EID=8100,discovered-department-page; review-jurisdiction,public-html
162:0613214,Chino Hills,CA,77519,2025,incorporated-place,channels-found,529.11,newsroom,https://www.chinohills.org/Archive.aspx?AMID=48,https://www.chinohills.org/1702/Transparency,linked-from-municipal-or-department-page; review-scope,not-tested
162:0613214,Chino Hills,CA,77519,2025,incorporated-place,channels-found,529.11,newsroom,https://www.chinohills.org/Archive.asp?AMID=48,https://www.chinohills.org/rss.aspx,linked-from-municipal-or-department-page; review-scope,not-tested
162:0613214,Chino Hills,CA,77519,2025,incorporated-place,channels-found,529.11,nixle,https://local.nixle.com/sbsd---chino-hills-police-department/,https://local.nixle.com/city/ca/chino-hills/,certified-publisher-in-city-directory; jurisdiction-review-required,public-nixle-archive
162:0613392,Chula Vista,CA,275533,2025,incorporated-place,channels-found,681.82,newsroom,https://www.chulavistaca.gov/departments/police-department/about-us/transparency-and-accountability/press-log,https://www.chulavistaca.gov/departments/police-department/about-us/transparency-and-accountability/press-log,search-discovered-primary-source; review-jurisdiction,search-readable; automation-unverified
162:0613392,Chula Vista,CA,275533,2025,incorporated-place,channels-found,681.82,department-page,https://www.chulavistaca.gov/departments/police-department,https://www.chulavistaca.gov/departments/police-department,search-discovered-primary-source; review-jurisdiction,search-readable; automation-unverified
162:0613392,Chula Vista,CA,275533,2025,incorporated-place,channels-found,681.82,department-page,https://www.chulavistaca.gov/departments/police-department/services,https://www.chulavistaca.gov/departments/police-department/services,search-discovered-primary-source; review-jurisdiction,search-readable; automation-unverified
162:0613588,Citrus Heights,CA,86348,2025,incorporated-place,channels-found,171.28,department-page,https://www.citrusheights.net/245/Online-Reporting,https://www.citrusheights.net/,discovered-department-page; review-jurisdiction,public-html
162:0613588,Citrus Heights,CA,86348,2025,incorporated-place,channels-found,171.28,newsroom,https://www.citrusheights.net/1481/Media-Releases,https://www.citrusheights.net/245/Online-Reporting,linked-from-municipal-or-department-page; review-scope,not-tested
162:0613588,Citrus Heights,CA,86348,2025,incorporated-place,channels-found,171.28,facebook,https://www.facebook.com/CitrusHeightsPD/,https://www.citrusheights.net/245/Online-Reporting,linked-from-municipal-or-department-page; review-scope,not-tested
162:0613588,Citrus Heights,CA,86348,2025,incorporated-place,channels-found,171.28,x,https://x.com/citrusheightspd,https://www.citrusheights.net/245/Online-Reporting,linked-from-municipal-or-department-page; review-scope,not-tested
162:0613588,Citrus Heights,CA,86348,2025,incorporated-place,channels-found,171.28,nextdoor,https://nextdoor.com/agency-detail/ca/citrus-heights/citrus-heights-police-department/,https://www.citrusheights.net/245/Online-Reporting,linked-from-municipal-or-department-page; review-scope,not-tested
162:0613588,Citrus Heights,CA,86348,2025,incorporated-place,channels-found,171.28,department-page,https://www.citrusheights.net/347/Incident-Logs,https://www.citrusheights.net/245/Online-Reporting,discovered-department-page; review-jurisdiction,public-html
162:0613588,Citrus Heights,CA,86348,2025,incorporated-place,channels-found,171.28,department-page,https://www.citrusheights.net/272/Internet-Crime,https://www.citrusheights.net/245/Online-Reporting,discovered-department-page; review-jurisdiction,public-html
162:0613588,Citrus Heights,CA,86348,2025,incorporated-place,channels-found,171.28,incident-log,https://www.citrusheights.net/DocumentCenter/View/29802/07272026---CHPD-Announces-New-Online-Crime-Reporting-System,https://www.citrusheights.net/1481/Media-Releases,linked-from-municipal-or-department-page; review-scope,not-tested
162:0613588,Citrus Heights,CA,86348,2025,incorporated-place,channels-found,171.28,alerts,https://citrusheights.net/DocumentCenter/View/23691/09012024---Pedestrian-Safety-Starts-with-You---Stay-Alert-to-Protect-People-Walking-September-is-Pedestrian-Safety-Month-in-California,https://www.citrusheights.net/1481/Media-Releases,linked-from-municipal-or-department-page; review-scope,not-tested
162:0613588,Citrus Heights,CA,86348,2025,incorporated-place,channels-found,171.28,department-page,https://www.citrusheights.net/1254/Police-Department,https://www.citrusheights.net/,discovered-department-page; review-jurisdiction,public-html
162:0614218,Clovis,CA,129347,2025,incorporated-place,channels-found,205.92,nextdoor,https://nextdoor.com/agency-post/ca/clovis/clovis-police-department/june-2026-spotlight-497232963/,https://nextdoor.com/agency-post/ca/clovis/clovis-police-department/june-2026-spotlight-497232963/,search-discovered-primary-source; review-jurisdiction,search-readable; automation-unverified
162:0614218,Clovis,CA,129347,2025,incorporated-place,channels-found,205.92,nextdoor,https://nextdoor.com/agency-detail/ca/clovis/clovis-police-department/,https://nextdoor.com/agency-detail/ca/clovis/clovis-police-department/,search-discovered-primary-source; review-jurisdiction,search-readable; automation-unverified
162:0614218,Clovis,CA,129347,2025,incorporated-place,channels-found,205.92,x,https://x.com/clovispolice_ca,https://x.com/ClovisPolice_CA/with_replies,search-discovered-primary-source; review-jurisdiction,search-readable; automation-unverified
162:0614890,Colton,CA,53383,2025,incorporated-place,channels-found,547.43,department-page,https://police.coltonca.gov/,https://police.coltonca.gov/,search-discovered-primary-source; review-jurisdiction,search-readable; automation-unverified
162:0614890,Colton,CA,53383,2025,incorporated-place,channels-found,547.43,newsroom,https://police.coltonca.gov/news-releases/,https://police.coltonca.gov/news-releases/,search-discovered-primary-source; review-jurisdiction,search-readable; automation-unverified
162:0614890,Colton,CA,53383,2025,incorporated-place,channels-found,547.43,department-page,https://police.coltonca.gov/records/,https://police.coltonca.gov/records/,search-discovered-primary-source; review-jurisdiction,search-readable; automation-unverified
162:0615044,Compton,CA,90500,2025,incorporated-place,channels-found,501.53,announcement,https://www.comptoncity.org/Home/Components/News/News/152/16,https://www.comptoncity.org/Home/Components/News/News/152/16,search-discovered-primary-source; review-jurisdiction,search-readable; automation-unverified
162:0615044,Compton,CA,90500,2025,incorporated-place,channels-found,501.53,newsroom,https://www.longbeach.gov/police/press-releases/at-risk-missing-person---charles-garner-iii/,https://www.longbeach.gov/police/press-releases/at-risk-missing-person---charles-garner-iii/,search-discovered-primary-source; review-jurisdiction,search-readable; automation-unverified
162:0615044,Compton,CA,90500,2025,incorporated-place,channels-found,501.53,department-page,https://www.comptoncity.org/services/police-services,https://www.comptoncity.org/services/police-services,search-discovered-primary-source; review-jurisdiction,search-readable; automation-unverified
162:0616000,Concord,CA,123261,2025,incorporated-place,department-found,81.19,department-page,https://www.cityofconcord.org/183/Police,https://www.cityofconcord.org/,discovered-department-page; review-jurisdiction,public-html
162:0616000,Concord,CA,123261,2025,incorporated-place,department-found,81.19,department-page,https://www.cityofconcord.org/1136/Crime-Map,https://www.cityofconcord.org/183/Police,discovered-department-page; review-jurisdiction,public-html
162:0616000,Concord,CA,123261,2025,incorporated-place,department-found,81.19,department-page,https://www.cityofconcord.org/830/Transparency-Portal,https://www.cityofconcord.org/183/Police,discovered-department-page; review-jurisdiction,public-html
162:0616000,Concord,CA,123261,2025,incorporated-place,department-found,81.19,department-page,https://www.cityofconcord.org/248/Major-Crimes-Unit-MCU,https://www.cityofconcord.org/183/Police,discovered-department-page; review-jurisdiction,public-html
162:0616000,Concord,CA,123261,2025,incorporated-place,department-found,81.19,department-page,https://www.cityofconcord.org/police,https://www.cityofconcord.org/police,search-discovered-primary-source; review-jurisdiction,search-readable; automation-unverified
162:0616000,Concord,CA,123261,2025,incorporated-place,department-found,81.19,department-page,https://www.cityofconcord.org/1063/Crime-and-Incident-Data,https://www.cityofconcord.org/1063/Crime-and-Incident-Data,search-discovered-primary-source; review-jurisdiction,search-readable; automation-unverified
162:0616350,Corona,CA,161734,2025,incorporated-place,channels-found,545.94,crime-map,https://www.crimemapping.com/map/ca/corona,https://www.coronaca.gov/,linked-from-official-page,not-tested
162:0616350,Corona,CA,161734,2025,incorporated-place,channels-found,545.94,department-page,https://www.coronaca.gov/departments/police,https://www.coronaca.gov/,official-domain-or-referral,public-html
162:0616350,Corona,CA,161734,2025,incorporated-place,channels-found,545.94,newsroom,https://www.coronaca.gov/news,https://www.coronaca.gov/departments/police,linked-from-official-page,not-tested
162:0616350,Corona,CA,161734,2025,incorporated-place,channels-found,545.94,instagram,https://www.instagram.com/coronapd/reels/,https://www.coronaca.gov/departments/police,linked-from-official-page,not-tested
162:0616350,Corona,CA,161734,2025,incorporated-place,channels-found,545.94,alerts,https://www.coronaca.gov/i-want-to/enotifications,https://www.coronaca.gov/departments/police,linked-from-official-page,not-tested
162:0616350,Corona,CA,161734,2025,incorporated-place,channels-found,545.94,newsroom,https://www.coronaca.gov/news/fatal-traffic-collision-7,https://www.coronaca.gov/news,linked-from-official-page,not-tested
162:0616350,Corona,CA,161734,2025,incorporated-place,channels-found,545.94,newsroom,https://www.coronaca.gov/news/assault-with-a-deadly-weapon-suspect-shot-by-police-2,https://www.coronaca.gov/news,linked-from-official-page,not-tested
162:0616350,Corona,CA,161734,2025,incorporated-place,channels-found,545.94,department-page,https://www.coronaca.gov/departments/police/permits,https://www.coronaca.gov/,official-domain-or-referral,public-html
162:0616350,Corona,CA,161734,2025,incorporated-place,channels-found,545.94,newsroom,https://www.coronaca.gov/news?category=Press+Releases,https://www.coronaca.gov/departments/police/permits,linked-from-official-page,not-tested
162:0616350,Corona,CA,161734,2025,incorporated-place,channels-found,545.94,department-page,https://www.coronaca.gov/departments/police/community-engagement/explorers,https://www.coronaca.gov/,official-domain-or-referral,public-html
162:0616532,Costa Mesa,CA,108881,2025,incorporated-place,channels-found,539.81,department-page,https://www.costamesaca.gov/government/departments-and-divisions/police/department-divisions/administration/media-public-affairs,https://www.costamesaca.gov/government/departments-and-divisions/police/department-divisions/administration/media-public-affairs,search-discovered-primary-source; review-jurisdiction,search-readable; automation-unverified
162:0616532,Costa Mesa,CA,108881,2025,incorporated-place,channels-found,539.81,department-page,https://www.costamesaca.gov/government/departments-and-divisions/police/police-information,https://www.costamesaca.gov/government/departments-and-divisions/police/police-information,search-discovered-primary-source; review-jurisdiction,search-readable; automation-unverified
162:0616532,Costa Mesa,CA,108881,2025,incorporated-place,channels-found,539.81,department-page,https://www.costamesaca.gov/government/departments-and-divisions/police/police-information/crime-statistics,https://www.costamesaca.gov/government/departments-and-divisions/police/police-information/crime-statistics,search-discovered-primary-source; review-jurisdiction,search-readable; automation-unverified
162:0616532,Costa Mesa,CA,108881,2025,incorporated-place,channels-found,539.81,nixle,https://local.nixle.com/costa-mesa-police-department/,https://local.nixle.com/city/ca/costa-mesa/,certified-publisher-in-city-directory; jurisdiction-review-required,public-nixle-archive
162:0617610,Cupertino,CA,58333,2025,incorporated-place,channels-found,12.38,newsroom,https://sheriff.santaclaracounty.gov/about-us/newsroom-press-releases,https://www.cupertino.gov/Your-City/Divisions/Public-Safety/SCC-Sheriff,reviewed-contract-agency,public-html
162:0617610,Cupertino,CA,58333,2025,incorporated-place,channels-found,12.38,department-page,https://www.cupertino.gov/Your-City/Divisions/Public-Safety/SCC-Sheriff,curated department URL,official-domain-or-referral,public-html
162:0617610,Cupertino,CA,58333,2025,incorporated-place,channels-found,12.38,alerts,https://www.cupertino.gov/Residents/Emergency-Management/Alert-SCC,https://www.cupertino.gov/Your-City/Divisions/Public-Safety/SCC-Sheriff,linked-from-official-page,not-tested
162:0617610,Cupertino,CA,58333,2025,incorporated-place,channels-found,12.38,alerts,https://www.cupertino.gov/Residents/Utilities/Street-Sweeping-Notifications,https://www.cupertino.gov/Your-City/Divisions/Public-Safety/SCC-Sheriff,linked-from-official-page,not-tested
162:0617610,Cupertino,CA,58333,2025,incorporated-place,channels-found,12.38,alerts,https://www.cupertino.gov/Our-Community/Online-Services/Notifications-News-Social-Media,https://www.cupertino.gov/Your-City/Divisions/Public-Safety/SCC-Sheriff,linked-from-official-page,not-tested
162:0617610,Cupertino,CA,58333,2025,incorporated-place,channels-found,12.38,newsroom,https://www.cupertino.gov/Your-City/News-and-Updates/Press-Release,https://www.cupertino.gov/Your-City/Divisions/Public-Safety/SCC-Sheriff,linked-from-official-page,not-tested
162:0617610,Cupertino,CA,58333,2025,incorporated-place,channels-found,12.38,alerts,https://www.cupertino.gov/I-Want-To/Sign-Up-For,https://www.cupertino.gov/Your-City/Divisions/Public-Safety/SCC-Sheriff,linked-from-official-page,not-tested
162:0617610,Cupertino,CA,58333,2025,incorporated-place,channels-found,12.38,alerts,https://www.cupertino.gov/I-Want-To/Sign-Up-For/Email-Notification,https://www.cupertino.gov/Your-City/Divisions/Public-Safety/SCC-Sheriff,linked-from-official-page,not-tested
162:0617610,Cupertino,CA,58333,2025,incorporated-place,channels-found,12.38,alerts,https://www.cupertino.gov/I-Want-To/Sign-Up-For/Street-Sweeping-Notification,https://www.cupertino.gov/Your-City/Divisions/Public-Safety/SCC-Sheriff,linked-from-official-page,not-tested
162:0617610,Cupertino,CA,58333,2025,incorporated-place,channels-found,12.38,newsroom,https://www.cupertino.gov/I-Want-To/View-City-Data/Citys-Press-Releases,https://www.cupertino.gov/Your-City/Divisions/Public-Safety/SCC-Sheriff,linked-from-official-page,not-tested
162:0617610,Cupertino,CA,58333,2025,incorporated-place,channels-found,12.38,incident-log,https://www.cupertino.gov/Your-City/Divisions/Public-Safety/SCC-Sheriff/Crime-Reports,https://www.cupertino.gov/Your-City/Divisions/Public-Safety/SCC-Sheriff,linked-from-official-page,not-tested
162:0617610,Cupertino,CA,58333,2025,incorporated-place,channels-found,12.38,alerts,https://www.cupertino.gov/Your-City/Divisions/Communications/eNotification-Sign-Up,https://www.cupertino.gov/Your-City/Divisions/Public-Safety/SCC-Sheriff,linked-from-official-page,not-tested
162:0617610,Cupertino,CA,58333,2025,incorporated-place,channels-found,12.38,department-page,https://www.cupertino.gov/News-articles,https://www.cupertino.gov/Your-City/Divisions/Public-Safety/SCC-Sheriff,official-domain-or-referral,public-html
162:0617610,Cupertino,CA,58333,2025,incorporated-place,channels-found,12.38,announcement,https://www.cupertino.gov/News-articles/Independent-Audit-Identifies-10.7-Million-Non-Allocable-Unjustified-Costs-in-County-Sheriff-Proposal,https://www.cupertino.gov/News-articles,linked-from-official-page,not-tested
162:0617610,Cupertino,CA,58333,2025,incorporated-place,channels-found,12.38,department-page,https://www.cupertino.gov/Your-City/Divisions/Communications/Cupertino-SCENE-Newsletter,https://www.cupertino.gov/Your-City/Divisions/Public-Safety/SCC-Sheriff,official-domain-or-referral,public-html
162:0617610,Cupertino,CA,58333,2025,incorporated-place,channels-found,12.38,newsroom,https://www.cupertino.gov/Your-City/Divisions/Communications/Press-Releases,https://www.cupertino.gov/Your-City/Divisions/Communications/Cupertino-SCENE-Newsletter,linked-from-official-page,not-tested
162:0617610,Cupertino,CA,58333,2025,incorporated-place,channels-found,12.38,department-page,https://www.cupertino.gov/Parks-Recreation/Senior-Center/Socials,https://www.cupertino.gov/Your-City/Divisions/Communications/Cupertino-SCENE-Newsletter,official-domain-or-referral,public-html
162:0617610,Cupertino,CA,58333,2025,incorporated-place,channels-found,12.38,department-page,https://www.cupertino.gov/Your-City/Divisions/Public-Safety,https://www.cupertino.gov/Home,official-domain-or-referral,public-html
162:0617610,Cupertino,CA,58333,2025,incorporated-place,channels-found,12.38,alerts,https://www.cupertino.gov/Your-City/Divisions/Public-Safety/Emergency-Management/Emergency-Alerts-Warnings-and-Notifications,https://www.cupertino.gov/Your-City/Divisions/Public-Safety,linked-from-official-page,not-tested
162:0617918,Daly City,CA,101261,2025,incorporated-place,channels-found,68.7,department-page,https://www.dalycity.org/1231/Police,https://www.dalycity.org/,discovered-department-page; review-jurisdiction,public-html
162:0617918,Daly City,CA,101261,2025,incorporated-place,channels-found,68.7,facebook,https://www.facebook.com/dalycitypolice/,https://www.dalycity.org/1231/Police,linked-from-municipal-or-department-page; review-scope,not-tested
162:0617918,Daly City,CA,101261,2025,incorporated-place,channels-found,68.7,x,https://x.com/dalycitypd,https://www.dalycity.org/1231/Police,linked-from-municipal-or-department-page; review-scope,not-tested
162:0617918,Daly City,CA,101261,2025,incorporated-place,channels-found,68.7,instagram,https://www.instagram.com/explore/locations/5264698/daly-city-police-department/,https://www.dalycity.org/1231/Police,linked-from-municipal-or-department-page; review-scope,not-tested
162:0617918,Daly City,CA,101261,2025,incorporated-place,channels-found,68.7,youtube,https://www.youtube.com/user/DalyCityPolice,https://www.dalycity.org/1231/Police,linked-from-municipal-or-department-page; review-scope,not-tested
162:0617918,Daly City,CA,101261,2025,incorporated-place,channels-found,68.7,nextdoor,https://nextdoor.com/agency-detail/ca/daly-city/daly-city-police-department/,https://www.dalycity.org/1231/Police,linked-from-municipal-or-department-page; review-scope,not-tested
162:0617918,Daly City,CA,101261,2025,incorporated-place,channels-found,68.7,incident-log,https://www.dalycity.org/906/Crime-Alert-Bulletins,https://www.dalycity.org/1231/Police,linked-from-municipal-or-department-page; review-scope,not-tested
162:0617918,Daly City,CA,101261,2025,incorporated-place,channels-found,68.7,department-page,https://www.dalycity.org/905/DCPD-Social-Media,https://www.dalycity.org/1231/Police,discovered-department-page; review-jurisdiction,public-html
162:0617918,Daly City,CA,101261,2025,incorporated-place,channels-found,68.7,department-page,https://www.dalycity.org/514/Safety-Prevention,https://www.dalycity.org/1231/Police,discovered-department-page; review-jurisdiction,public-html
162:0617918,Daly City,CA,101261,2025,incorporated-place,channels-found,68.7,alerts,https://www.dalycity.org/528/GPS-Wanted-Alert,https://www.dalycity.org/514/Safety-Prevention,linked-from-municipal-or-department-page; review-scope,not-tested
162:0617918,Daly City,CA,101261,2025,incorporated-place,channels-found,68.7,department-page,https://www.dalycity.org/m/newsflash/home/detail/1014,https://www.dalycity.org/,discovered-department-page; review-jurisdiction,public-html
162:0617918,Daly City,CA,101261,2025,incorporated-place,channels-found,68.7,department-page,https://www.dalycity.org/m/newsflash,https://www.dalycity.org/m/newsflash/home/detail/1014,discovered-department-page; review-jurisdiction,public-html
162:0617918,Daly City,CA,101261,2025,incorporated-place,channels-found,68.7,feed-directory,https://www.dalycity.org/rss.aspx,https://www.dalycity.org/m/newsflash,linked-from-municipal-or-department-page; review-scope,not-tested
162:0617918,Daly City,CA,101261,2025,incorporated-place,channels-found,68.7,alerts,https://www.dalycity.org/list.aspx?Mode=Subscribe,https://www.dalycity.org/m/newsflash,linked-from-municipal-or-department-page; review-scope,not-tested
162:0617918,Daly City,CA,101261,2025,incorporated-place,channels-found,68.7,nixle,https://local.nixle.com/daly-city-police-department/,https://local.nixle.com/city/ca/daly-city/,certified-publisher-in-city-directory; jurisdiction-review-required,public-nixle-archive
162:0618100,Davis,CA,66110,2025,incorporated-place,channels-found,147.06,department-page,https://www.cityofdavis.org/city-hall/police-department/online-crime-reporting,https://www.cityofdavis.org/city-hall/police-department/online-crime-reporting,search-discovered-primary-source; review-jurisdiction,search-readable; automation-unverified
162:0618100,Davis,CA,66110,2025,incorporated-place,channels-found,147.06,department-page,https://www.cityofdavis.org/city-hall/police-department/contact-us-6030,https://www.cityofdavis.org/city-hall/police-department/contact-us-6030,search-discovered-primary-source; review-jurisdiction,search-readable; automation-unverified
162:0618100,Davis,CA,66110,2025,incorporated-place,channels-found,147.06,department-page,https://www.cityofdavis.org/city-hall/police-department/,https://www.cityofdavis.org/city-hall/police-department/,search-discovered-primary-source; review-jurisdiction,search-readable; automation-unverified
162:0618100,Davis,CA,66110,2025,incorporated-place,channels-found,147.06,nixle,https://local.nixle.com/city-of-davis-police/,https://local.nixle.com/city/ca/davis/,certified-publisher-in-city-directory; jurisdiction-review-required,public-nixle-archive
162:0618394,Delano,CA,52334,2025,incorporated-place,department-found,290.3,department-page,https://www.cityofdelano.org/105/Police-Department,https://www.cityofdelano.org/105/Police-Department,search-discovered-primary-source; review-jurisdiction,search-readable; automation-unverified
162:0618394,Delano,CA,52334,2025,incorporated-place,department-found,290.3,department-page,https://www.cityofdelano.org/708/Office-of-the-Chief-of-Police,https://www.cityofdelano.org/708/Office-of-the-Chief-of-Police,search-discovered-primary-source; review-jurisdiction,search-readable; automation-unverified
162:0619192,Diamond Bar,CA,51884,2025,incorporated-place,department-found,518.51,department-page,https://www.diamondbarca.gov/189/Public-Safety,https://www.diamondbarca.gov/189/Public-Safety,search-discovered-primary-source; review-jurisdiction,search-readable; automation-unverified
162:0619192,Diamond Bar,CA,51884,2025,incorporated-place,department-found,518.51,announcement,https://oag.ca.gov/system/files/attachments/press-docs/AB%201191%20Crime%20Gun%20Report.pdf,https://oag.ca.gov/system/files/attachments/press-docs/AB%201191%20Crime%20Gun%20Report.pdf,search-discovered-primary-source; review-jurisdiction,search-readable; automation-unverified
162:0619766,Downey,CA,108468,2025,incorporated-place,channels-found,503.77,newsroom,https://www.downeyca.org/our-city/departments/police/department-news,https://www.downeyca.org/our-city/departments/police/department-news,search-discovered-primary-source; review-jurisdiction,search-readable; automation-unverified
162:0619766,Downey,CA,108468,2025,incorporated-place,channels-found,503.77,department-page,https://www.downeyca.org/our-city/departments/police/file-online-report,https://www.downeyca.org/our-city/departments/police/file-online-report,search-discovered-primary-source; review-jurisdiction,search-readable; automation-unverified
162:0619766,Downey,CA,108468,2025,incorporated-place,channels-found,503.77,department-page,https://www.downeyca.org/our-city/departments/police/crime-prevention-and-safety,https://www.downeyca.org/our-city/departments/police/crime-prevention-and-safety,search-discovered-primary-source; review-jurisdiction,search-readable; automation-unverified
162:0620018,Dublin,CA,71602,2025,incorporated-place,channels-found,52.71,alerts,https://dublin.ca.gov/alertcenter.aspx?CID=1,https://dublin.ca.gov/alertcenter.aspx?CID=1,reviewed-primary-web-source,search-readable; automation-unverified
162:0620018,Dublin,CA,71602,2025,incorporated-place,channels-found,52.71,department-page,https://www.dublin.ca.gov/2294/Police-Services,https://www.dublin.ca.gov/2294/Police-Services,search-discovered-primary-source; review-jurisdiction,search-readable; automation-unverified
162:0620018,Dublin,CA,71602,2025,incorporated-place,channels-found,52.71,department-page,https://dublin.ca.gov/130/Police-Events,https://dublin.ca.gov/130/Police-Events,search-discovered-primary-source; review-jurisdiction,search-readable; automation-unverified
162:0621230,Eastvale,CA,70594,2025,incorporated-place,department-found,536.94,department-page,https://www.eastvaleca.gov/services/law-enforcement-services/crime-statistics,https://www.eastvaleca.gov/services/law-enforcement-services/crime-statistics,search-discovered-primary-source; review-jurisdiction,search-readable; automation-unverified
162:0621230,Eastvale,CA,70594,2025,incorporated-place,department-found,536.94,department-page,https://www.eastvaleca.gov/government/police-services,https://www.eastvaleca.gov/government/police-services,search-discovered-primary-source; review-jurisdiction,search-readable; automation-unverified
162:0621712,El Cajon,CA,101755,2025,incorporated-place,channels-found,670.43,newsroom,https://www.elcajon.gov/your-government/departments/police-department/information-you-may-need/police-department-news/happening-now,https://www.elcajon.gov/your-government/departments/police-department/information-you-may-need/police-department-news/happening-now,search-discovered-primary-source; review-jurisdiction,search-readable; automation-unverified
162:0621712,El Cajon,CA,101755,2025,incorporated-place,channels-found,670.43,newsroom,https://www.elcajon.gov/your-government/departments/police-department/information-you-may-need/police-department-news/happening-now/-arch-1,https://www.elcajon.gov/your-government/departments/police-department/information-you-may-need/police-department-news/happening-now/-arch-1,search-discovered-primary-source; review-jurisdiction,search-readable; automation-unverified
162:0621712,El Cajon,CA,101755,2025,incorporated-place,channels-found,670.43,department-page,https://www.elcajon.gov/your-government/departments/police,https://www.elcajon.gov/your-government/departments/police,search-discovered-primary-source; review-jurisdiction,search-readable; automation-unverified
162:0622230,El Monte,CA,105075,2025,incorporated-place,department-found,499.07,department-page,https://www.elmonteca.gov/209/Police,https://www.elmonteca.gov/209/Police,search-discovered-primary-source; review-jurisdiction,search-readable; automation-unverified
162:0622230,El Monte,CA,105075,2025,incorporated-place,department-found,499.07,department-page,https://www.elmonteca.gov/m/directory/department?did=13,https://www.elmonteca.gov/m/directory/department?did=13,search-discovered-primary-source; review-jurisdiction,search-readable; automation-unverified
162:0622230,El Monte,CA,105075,2025,incorporated-place,department-found,499.07,department-page,https://www.ci.el-monte.ca.us/m/directory/department?did=13,https://www.ci.el-monte.ca.us/m/directory/department?did=13,search-discovered-primary-source; review-jurisdiction,search-readable; automation-unverified
162:0622020,Elk Grove,CA,185007,2025,incorporated-place,department-found,139.13,department-page,https://elkgrove.gov/departments-and-divisions/police-department,https://elkgrove.gov/departments-and-divisions/police-department,search-discovered-primary-source; review-jurisdiction,search-readable; automation-unverified
162:0622020,Elk Grove,CA,185007,2025,incorporated-place,department-found,139.13,department-page,https://elkgrove.gov/police/safety-dashboard,https://elkgrove.gov/police/safety-dashboard,search-discovered-primary-source; review-jurisdiction,search-readable; automation-unverified
162:0622020,Elk Grove,CA,185007,2025,incorporated-place,department-found,139.13,department-page,https://elkgrove.gov/police/emergencies-and-non-emergencies,https://elkgrove.gov/police/emergencies-and-non-emergencies,search-discovered-primary-source; review-jurisdiction,search-readable; automation-unverified
162:0622678,Encinitas,CA,60736,2025,incorporated-place,channels-found,630.97,department-page,https://www.encinitasca.gov/government/departments/public-safety/sheriff-quarterly-presentation,https://www.encinitasca.gov/government/departments/public-safety/sheriff-quarterly-presentation,search-discovered-primary-source; review-jurisdiction,search-readable; automation-unverified
162:0622678,Encinitas,CA,60736,2025,incorporated-place,channels-found,630.97,newsroom,https://www.sdsheriff.gov/bureaus/media-relations/news-list/-npage-4,https://www.sdsheriff.gov/bureaus/media-relations/news-list/-npage-4,search-discovered-primary-source; review-jurisdiction,search-readable; automation-unverified
162:0622678,Encinitas,CA,60736,2025,incorporated-place,channels-found,630.97,newsroom,https://www.sdsheriff.gov/bureaus/media-relations/news-list/-npage-3/-arch-1,https://www.sdsheriff.gov/bureaus/media-relations/news-list/-npage-3/-arch-1,search-discovered-primary-source; review-jurisdiction,search-readable; automation-unverified
162:0622804,Escondido,CA,146030,2025,incorporated-place,channels-found,635.93,department-page,https://escondido.gov/m/newsflash/home/detail/218,https://escondido.gov/,official-domain-or-referral,public-html
162:0622804,Escondido,CA,146030,2025,incorporated-place,channels-found,635.93,newsroom,https://escondido.gov/m/newsflash/Home/Detail/301,https://escondido.gov/m/newsflash/home/detail/218,linked-from-official-page,not-tested
162:0622804,Escondido,CA,146030,2025,incorporated-place,channels-found,635.93,newsroom,https://escondido.gov/m/newsflash/Home/Detail/299,https://escondido.gov/m/newsflash/home/detail/218,linked-from-official-page,not-tested
162:0622804,Escondido,CA,146030,2025,incorporated-place,channels-found,635.93,newsroom,https://escondido.gov/m/newsflash/Home/Detail/298,https://escondido.gov/m/newsflash/home/detail/218,linked-from-official-page,not-tested
162:0622804,Escondido,CA,146030,2025,incorporated-place,channels-found,635.93,department-page,https://escondido.gov/m/newsflash,https://escondido.gov/m/newsflash/home/detail/218,official-domain-or-referral,public-html
162:0622804,Escondido,CA,146030,2025,incorporated-place,channels-found,635.93,alerts,https://escondido.gov/list.aspx?Mode=Subscribe,https://escondido.gov/m/newsflash,linked-from-official-page,not-tested
162:0622804,Escondido,CA,146030,2025,incorporated-place,channels-found,635.93,alerts,https://escondido.gov/m/newsflash/Home/Detail/172,https://escondido.gov/m/newsflash,linked-from-official-page,not-tested
162:0622804,Escondido,CA,146030,2025,incorporated-place,channels-found,635.93,nixle,https://local.nixle.com/escondido-police-department/,https://local.nixle.com/city/ca/escondido/,certified-publisher-in-city-directory; jurisdiction-review-required,public-nixle-archive
162:0623182,Fairfield,CA,122489,2025,incorporated-place,channels-found,113.52,department-page,https://www.fairfield.ca.gov/government/city-departments/police,https://www.fairfield.ca.gov/government/city-departments/police,search-discovered-primary-source; review-jurisdiction,search-readable; automation-unverified
162:0623182,Fairfield,CA,122489,2025,incorporated-place,channels-found,113.52,department-page,https://www.fairfield.ca.gov/government/city-departments/police/operations-bureau/daily-activity-logs,https://www.fairfield.ca.gov/government/city-departments/police/operations-bureau/daily-activity-logs,search-discovered-primary-source; review-jurisdiction,search-readable; automation-unverified
162:0623182,Fairfield,CA,122489,2025,incorporated-place,channels-found,113.52,department-page,https://www.fairfield.ca.gov/government/city-departments/police/support-services-bureau/police-records-reports,https://www.fairfield.ca.gov/government/city-departments/police/support-services-bureau/police-records-reports,search-discovered-primary-source; review-jurisdiction,search-readable; automation-unverified
162:0623182,Fairfield,CA,122489,2025,incorporated-place,channels-found,113.52,nixle,https://local.nixle.com/fairfield-ca-police-department/,https://local.nixle.com/city/ca/fairfield/,certified-publisher-in-city-directory; jurisdiction-review-required,public-nixle-archive
162:0624638,Folsom,CA,91983,2025,incorporated-place,channels-found,173.12,department-page,https://www.folsom.ca.us/government/police,https://www.folsom.ca.us/government/police,search-discovered-primary-source; review-jurisdiction,search-readable; automation-unverified
162:0624638,Folsom,CA,91983,2025,incorporated-place,channels-found,173.12,incident-log,https://www.folsom.ca.us/government/police/crime-information/police-log,https://www.folsom.ca.us/government/police/crime-information/police-log,search-discovered-primary-source; review-jurisdiction,search-readable; automation-unverified
162:0624638,Folsom,CA,91983,2025,incorporated-place,channels-found,173.12,department-page,https://www.folsom.ca.us/government/police/connect-with-us,https://www.folsom.ca.us/government/police/connect-with-us,search-discovered-primary-source; review-jurisdiction,search-readable; automation-unverified
162:0624638,Folsom,CA,91983,2025,incorporated-place,channels-found,173.12,nixle,https://local.nixle.com/folsom-police-department/,https://local.nixle.com/city/ca/folsom/,certified-publisher-in-city-directory; jurisdiction-review-required,public-nixle-archive
162:0624680,Fontana,CA,221223,2025,incorporated-place,channels-found,533.88,department-page,https://fontanaca.gov/3577/Police-Department,https://fontanaca.gov/,official-domain-or-referral,public-html
162:0624680,Fontana,CA,221223,2025,incorporated-place,channels-found,533.88,alerts,https://fontanaca.gov/AlertCenter.aspx,https://fontanaca.gov/3577/Police-Department,linked-from-official-page,not-tested
162:0624680,Fontana,CA,221223,2025,incorporated-place,channels-found,533.88,alerts,https://fontanaca.gov/AlertCenter.aspx?AID=The-City-has-been-made-aware-of-fraudule-26,https://fontanaca.gov/3577/Police-Department,linked-from-official-page,not-tested
162:0624680,Fontana,CA,221223,2025,incorporated-place,channels-found,533.88,x,https://x.com/fontanapd,https://fontanaca.gov/3577/Police-Department,linked-from-official-page,not-tested
162:0624680,Fontana,CA,221223,2025,incorporated-place,channels-found,533.88,crime-map,http://www.crimemapping.com/,https://fontanaca.gov/3577/Police-Department,linked-from-official-page,not-tested
162:0624680,Fontana,CA,221223,2025,incorporated-place,channels-found,533.88,alerts,https://fontanaca.gov/CivicAlerts.aspx?CID=32,https://fontanaca.gov/3577/Police-Department,linked-from-official-page,not-tested
162:0624680,Fontana,CA,221223,2025,incorporated-place,channels-found,533.88,alerts,https://fontanaca.gov/List.aspx,https://fontanaca.gov/AlertCenter.aspx,linked-from-official-page,not-tested
162:0624680,Fontana,CA,221223,2025,incorporated-place,channels-found,533.88,alerts,https://fontanaca.gov/list.aspx?Mode=Subscribe,https://fontanaca.gov/AlertCenter.aspx,linked-from-official-page,not-tested
162:0624680,Fontana,CA,221223,2025,incorporated-place,channels-found,533.88,alerts,https://fontanaca.gov/AlertCenter.aspx?CID=Emergency-Alert-1,https://fontanaca.gov/AlertCenter.aspx,linked-from-official-page,not-tested
162:0624680,Fontana,CA,221223,2025,incorporated-place,channels-found,533.88,department-page,https://fontanaca.gov/m/newsflash?cat=32,https://fontanaca.gov/3577/Police-Department,official-domain-or-referral,public-html
162:0624680,Fontana,CA,221223,2025,incorporated-place,channels-found,533.88,department-page,https://fontanaca.gov/DocumentCenter/View/49386/March-2026-Crime-Stats-PDF?bidId=,https://fontanaca.gov/3577/Police-Department,official-domain-or-referral,public-html
162:0624680,Fontana,CA,221223,2025,incorporated-place,channels-found,533.88,nixle,https://local.nixle.com/sbsd---fontana-sheriffs-department/,https://local.nixle.com/city/ca/fontana/,certified-publisher-in-city-directory; jurisdiction-review-required,public-nixle-archive
162:0625380,Fountain Valley,CA,55508,2025,incorporated-place,department-found,533.71,department-page,https://www.fountainvalley.gov/1471/Police-Department,https://www.fountainvalley.gov/1471/Police-Department,search-discovered-primary-source; review-jurisdiction,search-readable; automation-unverified
162:0625380,Fountain Valley,CA,55508,2025,incorporated-place,department-found,533.71,department-page,https://www.fountainvalley.gov/430/My-Police-Department,https://www.fountainvalley.gov/430/My-Police-Department,search-discovered-primary-source; review-jurisdiction,search-readable; automation-unverified
162:0625380,Fountain Valley,CA,55508,2025,incorporated-place,department-found,533.71,department-page,https://fountainvalley.gov/709/Crime-Prevention,https://fountainvalley.gov/709/Crime-Prevention,search-discovered-primary-source; review-jurisdiction,search-readable; automation-unverified
162:0626000,Fremont,CA,226442,2025,incorporated-place,channels-found,27.91,department-page,https://www.fremontpolice.gov/,https://www.fremontpolice.gov/,reviewed-primary-web-source,search-readable; automation-unverified
162:0626000,Fremont,CA,226442,2025,incorporated-place,channels-found,27.91,x,https://x.com/fremontpd,https://www.fremont.gov/about/news-media/social-media-center,official-department-reference,not-tested
162:0626000,Fremont,CA,226442,2025,incorporated-place,channels-found,27.91,newsroom,https://www.fremontpolice.gov/about-us/about-fremont-police/spotlight-and-news/news-list,https://www.fremontpolice.gov/about-us/about-fremont-police/spotlight-and-news/news-list,search-discovered-primary-source; review-jurisdiction,search-readable; automation-unverified
162:0626000,Fremont,CA,226442,2025,incorporated-place,channels-found,27.91,newsroom,https://www.fremontpolice.gov/about-us/about-fremont-police/spotlight-and-news,https://www.fremontpolice.gov/about-us/about-fremont-police/spotlight-and-news,search-discovered-primary-source; review-jurisdiction,search-readable; automation-unverified
162:0626000,Fremont,CA,226442,2025,incorporated-place,channels-found,27.91,nixle,https://local.nixle.com/fremont-police-department-ca/,https://local.nixle.com/city/ca/fremont/,certified-publisher-in-city-directory; jurisdiction-review-required,public-nixle-archive
162:0627000,Fresno,CA,555549,2025,incorporated-place,department-found,197.59,department-page,https://www.fresno.gov/police/,https://www.fresno.gov/police/,search-discovered-primary-source; review-jurisdiction,search-readable; automation-unverified
162:0627000,Fresno,CA,555549,2025,incorporated-place,department-found,197.59,department-page,https://www.fresno.gov/police/records-and-reports/,https://www.fresno.gov/police/records-and-reports/,search-discovered-primary-source; review-jurisdiction,search-readable; automation-unverified
162:0627000,Fresno,CA,555549,2025,incorporated-place,department-found,197.59,department-page,https://www.fresno.gov/police/police-contacts/,https://www.fresno.gov/police/police-contacts/,search-discovered-primary-source; review-jurisdiction,search-readable; automation-unverified
162:0628000,Fullerton,CA,138675,2025,incorporated-place,channels-found,520.73,social-directory,https://linktr.ee/fullertonpd,https://linktr.ee/fullertonpd,reviewed-primary-web-source,search-readable; automation-unverified
162:0628000,Fullerton,CA,138675,2025,incorporated-place,channels-found,520.73,department-page,https://www.cityoffullerton.com/government/departments/police,https://www.cityoffullerton.com/government/departments/police,reviewed-primary-web-source,search-readable; automation-unverified
162:0628000,Fullerton,CA,138675,2025,incorporated-place,channels-found,520.73,newsroom,https://www.cityoffullerton.com/government/departments/police/crime-trends/latest-news,https://linktr.ee/fullertonpd,reviewed-primary-web-source,HTTP-403; reference-only
162:0629000,Garden Grove,CA,170455,2025,incorporated-place,channels-found,527.47,department-page,https://ggcity.org/public-safety,https://ggcity.org,discovered-department-page; review-jurisdiction,public-html
162:0629000,Garden Grove,CA,170455,2025,incorporated-place,channels-found,527.47,alerts,https://ggcity.org/docs/police-press-release/amber-alert-kidnapping-victim-suspect-located,https://ggcity.org/public-safety,linked-from-municipal-or-department-page; review-scope,not-tested
162:0629000,Garden Grove,CA,170455,2025,incorporated-place,channels-found,527.47,newsroom,https://ggcity.org/docs/police-press-release/archive,https://ggcity.org/public-safety,linked-from-municipal-or-department-page; review-scope,not-tested
162:0629000,Garden Grove,CA,170455,2025,incorporated-place,channels-found,527.47,facebook,http://facebook.com/GardenGrovePD,https://ggcity.org/public-safety,linked-from-municipal-or-department-page; review-scope,not-tested
162:0629000,Garden Grove,CA,170455,2025,incorporated-place,channels-found,527.47,x,https://x.com/gardengrovepd,https://ggcity.org/public-safety,linked-from-municipal-or-department-page; review-scope,not-tested
162:0629000,Garden Grove,CA,170455,2025,incorporated-place,channels-found,527.47,instagram,http://instagram.com/gardengrovepd,https://ggcity.org/public-safety,linked-from-municipal-or-department-page; review-scope,not-tested
162:0629000,Garden Grove,CA,170455,2025,incorporated-place,channels-found,527.47,nextdoor,https://nextdoor.com/agency-detail/ca/garden-grove/garden-grove-police-department/,https://ggcity.org/public-safety,linked-from-municipal-or-department-page; review-scope,not-tested
162:0629000,Garden Grove,CA,170455,2025,incorporated-place,channels-found,527.47,department-page,https://ggcity.org/news,https://ggcity.org/public-safety,discovered-department-page; review-jurisdiction,public-html
162:0629000,Garden Grove,CA,170455,2025,incorporated-place,channels-found,527.47,department-page,https://ggcity.org/connect,https://ggcity.org/public-safety,discovered-department-page; review-jurisdiction,public-html
162:0629000,Garden Grove,CA,170455,2025,incorporated-place,channels-found,527.47,department-page,https://ggcity.org/media-kit,https://ggcity.org/public-safety,discovered-department-page; review-jurisdiction,public-html
162:0628168,Gardena,CA,58460,2025,incorporated-place,channels-found,496.68,department-page,https://cityofgardena.org/,https://cityofgardena.org/,official-domain-or-referral,public-html
162:0628168,Gardena,CA,58460,2025,incorporated-place,channels-found,496.68,department-page,https://cityofgardena.org/local-news/,https://cityofgardena.org/,official-domain-or-referral,public-html
162:0628168,Gardena,CA,58460,2025,incorporated-place,channels-found,496.68,department-page,https://cityofgardena.org/social-media/,https://cityofgardena.org/,official-domain-or-referral,public-html
162:0628168,Gardena,CA,58460,2025,incorporated-place,channels-found,496.68,instagram,https://www.instagram.com/gardena_police/,https://cityofgardena.org/social-media/,linked-from-official-page,not-tested
162:0628168,Gardena,CA,58460,2025,incorporated-place,channels-found,496.68,x,https://x.com/gpdchief,https://cityofgardena.org/social-media/,linked-from-official-page,not-tested
162:0629504,Gilroy,CA,60764,2025,incorporated-place,channels-found,41.22,department-page,https://www.cityofgilroy.org/151/Police-Department,https://www.cityofgilroy.org/,discovered-department-page; review-jurisdiction,public-html
162:0629504,Gilroy,CA,60764,2025,incorporated-place,channels-found,41.22,department-page,https://www.cityofgilroy.org/197/Transparency,https://www.cityofgilroy.org/151/Police-Department,discovered-department-page; review-jurisdiction,public-html
162:0629504,Gilroy,CA,60764,2025,incorporated-place,channels-found,41.22,incident-log,http://gilroy.citizenrims.com/,https://www.cityofgilroy.org/197/Transparency,linked-from-municipal-or-department-page; review-scope,not-tested
162:0629504,Gilroy,CA,60764,2025,incorporated-place,channels-found,41.22,department-page,https://www.cityofgilroy.org/298/Development-Activity-Projects,https://www.cityofgilroy.org/151/Police-Department,discovered-department-page; review-jurisdiction,public-html
162:0629504,Gilroy,CA,60764,2025,incorporated-place,channels-found,41.22,department-page,https://www.cityofgilroy.org/653/Police-Forms,https://www.cityofgilroy.org/151/Police-Department,discovered-department-page; review-jurisdiction,public-html
162:0629504,Gilroy,CA,60764,2025,incorporated-place,channels-found,41.22,incident-log,https://gilroy.citizenrims.com/form?formId=35,https://www.cityofgilroy.org/653/Police-Forms,linked-from-municipal-or-department-page; review-scope,not-tested
162:0629504,Gilroy,CA,60764,2025,incorporated-place,channels-found,41.22,alerts,https://www.cityofgilroy.org/DocumentCenter/View/20609,https://www.cityofgilroy.org/653/Police-Forms,linked-from-municipal-or-department-page; review-scope,not-tested
162:0629504,Gilroy,CA,60764,2025,incorporated-place,channels-found,41.22,department-page,https://www.cityofgilroy.org/DocumentCenter/View/5498/Police-Records---Application-for-Release-of-Information-Police-Report-Request?bidId=,https://www.cityofgilroy.org/,discovered-department-page; review-jurisdiction,public-html
162:0629504,Gilroy,CA,60764,2025,incorporated-place,channels-found,41.22,nixle,https://local.nixle.com/gilroy-police-department/,https://local.nixle.com/city/ca/gilroy/,certified-publisher-in-city-directory; jurisdiction-review-required,public-nixle-archive
162:0630000,Glendale,CA,187160,2025,incorporated-place,channels-found,476.71,newsroom,https://www.glendaleca.gov/government/departments/police-department/news-media-relations,https://www.glendaleca.gov/government/departments/police-department/news-media-relations,search-discovered-primary-source; review-jurisdiction,search-readable; automation-unverified
162:0630000,Glendale,CA,187160,2025,incorporated-place,channels-found,476.71,department-page,https://www.glendaleca.gov/government/departments/police-department,https://www.glendaleca.gov/government/departments/police-department,search-discovered-primary-source; review-jurisdiction,search-readable; automation-unverified
162:0630000,Glendale,CA,187160,2025,incorporated-place,channels-found,476.71,department-page,https://www.glendaleca.gov/government/departments/police-department/transparency,https://www.glendaleca.gov/government/departments/police-department/transparency,search-discovered-primary-source; review-jurisdiction,search-readable; automation-unverified
162:0631960,Hanford,CA,62229,2025,incorporated-place,department-found,227.74,department-page,https://www.ci.hanford.ca.us/1198/Police,https://www.ci.hanford.ca.us/1198/Police,search-discovered-primary-source; review-jurisdiction,search-readable; automation-unverified
162:0631960,Hanford,CA,62229,2025,incorporated-place,department-found,227.74,department-page,https://www.ci.hanford.ca.us/m/directory/department?did=51,https://www.ci.hanford.ca.us/m/directory/department?did=51,search-discovered-primary-source; review-jurisdiction,search-readable; automation-unverified
162:0632548,Hawthorne,CA,82741,2025,incorporated-place,channels-found,492.54,department-page,https://www.cityofhawthorne.org/departments/police-department,https://www.cityofhawthorne.org/departments/police-department,search-discovered-primary-source; review-jurisdiction,search-readable; automation-unverified
162:0632548,Hawthorne,CA,82741,2025,incorporated-place,channels-found,492.54,department-page,https://locator.lacounty.gov/lac/Location/3068923/city-of-hawthorne-police-department,https://locator.lacounty.gov/lac/Location/3068923/city-of-hawthorne-police-department,search-discovered-primary-source; review-jurisdiction,search-readable; automation-unverified
162:0632548,Hawthorne,CA,82741,2025,incorporated-place,channels-found,492.54,nextdoor,https://nextdoor.com/agency-detail/ca/hawthorne/hawthorne-police/,https://nextdoor.com/agency-detail/ca/hawthorne/hawthorne-police/,search-discovered-primary-source; review-jurisdiction,search-readable; automation-unverified
162:0633000,Hayward,CA,157113,2025,incorporated-place,channels-found,44.94,department-page,https://hayward-ca.gov/police-department,https://hayward-ca.gov/,official-domain-or-referral,public-html
162:0633000,Hayward,CA,157113,2025,incorporated-place,channels-found,44.94,newsroom,https://hayward-ca.gov/discover/news/sep26/press-release-safe-drives-save-lives,https://hayward-ca.gov/police-department,linked-from-official-page,not-tested
162:0633000,Hayward,CA,157113,2025,incorporated-place,channels-found,44.94,facebook,https://www.facebook.com/HaywardPoliceDept,https://hayward-ca.gov/police-department,linked-from-official-page,not-tested
162:0633000,Hayward,CA,157113,2025,incorporated-place,channels-found,44.94,x,https://x.com/haywardpd,https://hayward-ca.gov/police-department,linked-from-official-page,not-tested
162:0633000,Hayward,CA,157113,2025,incorporated-place,channels-found,44.94,youtube,https://www.youtube.com/user/HaywardPoliceDept,https://hayward-ca.gov/police-department,linked-from-official-page,not-tested
162:0633000,Hayward,CA,157113,2025,incorporated-place,channels-found,44.94,nextdoor,https://nextdoor.com/agency/ca/hayward/hayward-police-department,https://hayward-ca.gov/police-department,linked-from-official-page,not-tested
162:0633000,Hayward,CA,157113,2025,incorporated-place,channels-found,44.94,department-page,https://hayward-ca.gov/discover/news/1,https://hayward-ca.gov/police-department,official-domain-or-referral,public-html
162:0633000,Hayward,CA,157113,2025,incorporated-place,channels-found,44.94,department-page,https://hayward-ca.gov/discover/news/2,https://hayward-ca.gov/police-department,official-domain-or-referral,public-html
162:0633000,Hayward,CA,157113,2025,incorporated-place,channels-found,44.94,newsroom,https://hayward-ca.gov/discover/news/aug26/press-release-fatal-collision-harder-rd-and-soto-rd,https://hayward-ca.gov/discover/news/2,linked-from-official-page,not-tested
162:0633000,Hayward,CA,157113,2025,incorporated-place,channels-found,44.94,newsroom,https://hayward-ca.gov/discover/news/aug26/press-release-homicide-investigation-300-block-winton-ave,https://hayward-ca.gov/discover/news/2,linked-from-official-page,not-tested
162:0633000,Hayward,CA,157113,2025,incorporated-place,channels-found,44.94,alerts,https://hayward-ca.gov/discover/news/jul26/update-amber-alert-issued-3-month-old-maxence-sirois,https://hayward-ca.gov/discover/news/2,linked-from-official-page,not-tested
162:0633000,Hayward,CA,157113,2025,incorporated-place,channels-found,44.94,alerts,https://hayward-ca.gov/discover/news/jul26/amber-alert-issued-3-month-old-maxence-sirois,https://hayward-ca.gov/discover/news/2,linked-from-official-page,not-tested
162:0633000,Hayward,CA,157113,2025,incorporated-place,channels-found,44.94,department-page,https://hayward-ca.gov/discover/news/306,https://hayward-ca.gov/police-department,official-domain-or-referral,public-html
162:0633182,Hemet,CA,93649,2025,incorporated-place,channels-found,593.8,newsroom,https://hemetpd.com/,https://hemetpd.com/,reviewed-primary-web-source,search-readable; automation-unverified
162:0633182,Hemet,CA,93649,2025,incorporated-place,channels-found,593.8,feed-candidate,https://hemetpd.com/feed/,https://hemetpd.com/,reviewed-police-publisher-feed,public-feed-with-items
162:0633434,Hesperia,CA,102605,2025,incorporated-place,channels-found,523.58,department-page,https://hesperiaca.gov/directory.aspx?did=7,https://hesperiaca.gov/directory.aspx?did=7,search-discovered-primary-source; review-jurisdiction,search-readable; automation-unverified
162:0633434,Hesperia,CA,102605,2025,incorporated-place,channels-found,523.58,department-page,https://www.hesperiaca.gov/325/Crime-Map,https://www.hesperiaca.gov/325/Crime-Map,search-discovered-primary-source; review-jurisdiction,search-readable; automation-unverified
162:0633434,Hesperia,CA,102605,2025,incorporated-place,channels-found,523.58,department-page,https://www.hesperiaca.gov/306/Police,https://www.hesperiaca.gov/306/Police,search-discovered-primary-source; review-jurisdiction,search-readable; automation-unverified
162:0633434,Hesperia,CA,102605,2025,incorporated-place,channels-found,523.58,nixle,https://local.nixle.com/sbsd---hesperia-police-department/,https://local.nixle.com/city/ca/hesperia/,certified-publisher-in-city-directory; jurisdiction-review-required,public-nixle-archive
162:0633588,Highland,CA,57614,2025,incorporated-place,channels-found,554.21,department-page,https://www.highlandca.gov/m/directory/department?did=24,https://www.highlandca.gov/m/directory/department?did=24,search-discovered-primary-source; review-jurisdiction,search-readable; automation-unverified
162:0633588,Highland,CA,57614,2025,incorporated-place,channels-found,554.21,department-page,https://wp.sbcounty.gov/sheriff/wp-content/uploads/sites/17/2024-Annual-Crime-Report.pdf,https://wp.sbcounty.gov/sheriff/wp-content/uploads/sites/17/2024-Annual-Crime-Report.pdf,search-discovered-primary-source; review-jurisdiction,search-readable; automation-unverified
162:0633588,Highland,CA,57614,2025,incorporated-place,channels-found,554.21,department-page,https://oag.ca.gov/system/files/media/ab1191-crime-gun-report-2025.pdf,https://oag.ca.gov/system/files/media/ab1191-crime-gun-report-2025.pdf,search-discovered-primary-source; review-jurisdiction,search-readable; automation-unverified
162:0633588,Highland,CA,57614,2025,incorporated-place,channels-found,554.21,nixle,https://local.nixle.com/sbsd---highland-police-department/,https://local.nixle.com/city/ca/highland/,certified-publisher-in-city-directory; jurisdiction-review-required,public-nixle-archive
162:0636000,Huntington Beach,CA,191451,2025,incorporated-place,department-found,531.54,department-page,https://www.ocsheriff.gov/occrimestoppers,https://www.ocsheriff.gov/occrimestoppers,search-discovered-primary-source; review-jurisdiction,search-readable; automation-unverified
162:0636000,Huntington Beach,CA,191451,2025,incorporated-place,department-found,531.54,department-page,https://gis.huntingtonbeachca.gov/arcgis/rest/services/WebPolice/MapServer,https://gis.huntingtonbeachca.gov/arcgis/rest/services/WebPolice/MapServer,search-discovered-primary-source; review-jurisdiction,search-readable; automation-unverified
162:0636000,Huntington Beach,CA,191451,2025,incorporated-place,department-found,531.54,department-page,https://irvinepd.gov/2026/06/25/residential-burglary-crew-arrested-2/,https://irvinepd.gov/2026/06/25/residential-burglary-crew-arrested-2/,search-discovered-primary-source; review-jurisdiction,search-readable; automation-unverified
162:0636056,Huntington Park,CA,51544,2025,incorporated-place,channels-found,495.04,department-page,https://hppolice.org/,https://hpca.gov/,official-domain-or-referral,public-html
162:0636056,Huntington Park,CA,51544,2025,incorporated-place,channels-found,495.04,feed-candidate,https://hppolice.org/feed/,https://hppolice.org/,linked-from-official-page,public-feed-with-items
162:0636056,Huntington Park,CA,51544,2025,incorporated-place,channels-found,495.04,feed-candidate,https://hppolice.org/comments/feed/,https://hppolice.org/,linked-from-official-page,empty-public-feed
162:0636056,Huntington Park,CA,51544,2025,incorporated-place,channels-found,495.04,newsroom,https://hppolice.org/2022/08/08/dui-checkpoint-press-release/,https://hppolice.org/,linked-from-official-page,not-tested
162:0636056,Huntington Park,CA,51544,2025,incorporated-place,channels-found,495.04,facebook,https://www.facebook.com/huntingtonparkpd/,https://hppolice.org/,linked-from-official-page,not-tested
162:0636056,Huntington Park,CA,51544,2025,incorporated-place,channels-found,495.04,department-page,https://hppolice.org/category/news/,https://hppolice.org/,official-domain-or-referral,public-html
162:0636056,Huntington Park,CA,51544,2025,incorporated-place,channels-found,495.04,feed-candidate,https://hppolice.org/category/news/feed/,https://hppolice.org/category/news/,linked-from-official-page,public-feed-with-items
162:0636056,Huntington Park,CA,51544,2025,incorporated-place,channels-found,495.04,newsroom,https://hppolice.org/2022/05/31/press-release-historic-lieutenant-promotion/,https://hppolice.org/category/news/,linked-from-official-page,not-tested
162:0636056,Huntington Park,CA,51544,2025,incorporated-place,channels-found,495.04,department-page,https://hppolice.org/crime-prevention/,https://hppolice.org/,official-domain-or-referral,public-html
162:0636056,Huntington Park,CA,51544,2025,incorporated-place,channels-found,495.04,department-page,https://hppolice.org/about-hppd/crime-statistics/,https://hppolice.org/,official-domain-or-referral,public-html
162:0636056,Huntington Park,CA,51544,2025,incorporated-place,channels-found,495.04,department-page,https://hpca.gov/600/Police-Department,https://hpca.gov/,official-domain-or-referral,public-html
162:0636056,Huntington Park,CA,51544,2025,incorporated-place,channels-found,495.04,alerts,https://hpca.gov/list.aspx,https://hpca.gov/600/Police-Department,linked-from-official-page,not-tested
162:0636056,Huntington Park,CA,51544,2025,incorporated-place,channels-found,495.04,department-page,https://hpca.gov/472/Social-Networking,https://hpca.gov/600/Police-Department,official-domain-or-referral,public-html
162:0636448,Indio,CA,94269,2025,incorporated-place,department-found,647.43,department-page,https://data-openjustice.doj.ca.gov/sites/default/files/dataset/2025-07/Crimes-Clear-Arson%20Context_06162025.pdf,https://data-openjustice.doj.ca.gov/sites/default/files/dataset/2025-07/Crimes-Clear-Arson%20Context_06162025.pdf,search-discovered-primary-source; review-jurisdiction,search-readable; automation-unverified
162:0636546,Inglewood,CA,101662,2025,incorporated-place,department-found,489.27,department-page,https://www.cityofinglewood.org/659/Crime-Statistics,https://www.cityofinglewood.org/659/Crime-Statistics,search-discovered-primary-source; review-jurisdiction,search-readable; automation-unverified
162:0636546,Inglewood,CA,101662,2025,incorporated-place,department-found,489.27,department-page,https://www.cityofinglewood.org/1649/Police,https://www.cityofinglewood.org/1649/Police,search-discovered-primary-source; review-jurisdiction,search-readable; automation-unverified
162:0636546,Inglewood,CA,101662,2025,incorporated-place,department-found,489.27,department-page,https://locator.lacounty.gov/lac/Location/3052997/inglewood-police-department,https://locator.lacounty.gov/lac/Location/3052997/inglewood-police-department,search-discovered-primary-source; review-jurisdiction,search-readable; automation-unverified
162:0636770,Irvine,CA,318764,2025,incorporated-place,channels-found,547.49,instagram,https://www.instagram.com/irvinepolice/,https://irvinepd.gov/,linked-from-official-page,not-tested
162:0636770,Irvine,CA,318764,2025,incorporated-place,channels-found,547.49,x,https://x.com/irvinepolice,https://irvinepd.gov/,linked-from-official-page,not-tested
162:0636770,Irvine,CA,318764,2025,incorporated-place,channels-found,547.49,facebook,https://www.facebook.com/IrvinePD/,https://irvinepd.gov/,linked-from-official-page,not-tested
162:0636770,Irvine,CA,318764,2025,incorporated-place,channels-found,547.49,youtube,http://www.youtube.com/@IrvinePolice,https://irvinepd.gov/,linked-from-official-page,not-tested
162:0636770,Irvine,CA,318764,2025,incorporated-place,channels-found,547.49,crime-map,https://communitycrimemap.com/,https://irvinepd.gov/,linked-from-official-page,not-tested
162:0636770,Irvine,CA,318764,2025,incorporated-place,channels-found,547.49,department-page,https://irvinepd.gov,https://irvinepd.gov/,official-domain-or-referral,public-html
162:0636770,Irvine,CA,318764,2025,incorporated-place,channels-found,547.49,alerts,https://member.everbridge.net/453003085613900/login,https://irvinepd.gov,linked-from-official-page,not-tested
162:0636770,Irvine,CA,318764,2025,incorporated-place,channels-found,547.49,alerts,https://www.chp.ca.gov/news-alerts/alerts/amber-alert/,https://irvinepd.gov,linked-from-official-page,not-tested
162:0636770,Irvine,CA,318764,2025,incorporated-place,channels-found,547.49,alerts,https://www.calalerts.org/,https://irvinepd.gov,linked-from-official-page,not-tested
162:0636770,Irvine,CA,318764,2025,incorporated-place,channels-found,547.49,newsroom,https://irvinepd.gov/category/news-releases/,https://irvinepd.gov,linked-from-official-page,not-tested
162:0636770,Irvine,CA,318764,2025,incorporated-place,channels-found,547.49,department-page,https://irvinepd.gov/social-media-policy/,https://irvinepd.gov,official-domain-or-referral,public-html
162:0636770,Irvine,CA,318764,2025,incorporated-place,channels-found,547.49,department-page,https://irvinepd.gov/news-and-information/,https://irvinepd.gov,official-domain-or-referral,public-html
162:0636770,Irvine,CA,318764,2025,incorporated-place,channels-found,547.49,alerts,https://irvinepd.gov/2026/01/05/scam-alert/,https://irvinepd.gov/news-and-information/,linked-from-official-page,not-tested
162:0636770,Irvine,CA,318764,2025,incorporated-place,channels-found,547.49,department-page,https://www.ocsheriff.gov/,https://irvinepd.gov/,official-domain-or-referral,public-html
162:0636770,Irvine,CA,318764,2025,incorporated-place,channels-found,547.49,crime-map,https://www.crimemapping.com/,https://www.ocsheriff.gov/,linked-from-official-page,not-tested
162:0636770,Irvine,CA,318764,2025,incorporated-place,channels-found,547.49,incident-log,http://ws.ocsheriff.gov/Blotter/,https://www.ocsheriff.gov/,linked-from-official-page,not-tested
162:0636770,Irvine,CA,318764,2025,incorporated-place,channels-found,547.49,alerts,https://www.ocsheriff.gov/news/protecting-pedestrians-california-urges-drivers-stay-alert-september,https://www.ocsheriff.gov/,linked-from-official-page,not-tested
162:0636770,Irvine,CA,318764,2025,incorporated-place,channels-found,547.49,facebook,https://facebook.com/ocsheriff,https://www.ocsheriff.gov/,linked-from-official-page,not-tested
162:0636770,Irvine,CA,318764,2025,incorporated-place,channels-found,547.49,instagram,https://instagram.com/ocsheriff,https://www.ocsheriff.gov/,linked-from-official-page,not-tested
162:0636770,Irvine,CA,318764,2025,incorporated-place,channels-found,547.49,x,https://x.com/ocsheriff,https://www.ocsheriff.gov/,linked-from-official-page,not-tested
162:0636770,Irvine,CA,318764,2025,incorporated-place,channels-found,547.49,youtube,https://youtube.com/ocsheriff,https://www.ocsheriff.gov/,linked-from-official-page,not-tested
162:0636770,Irvine,CA,318764,2025,incorporated-place,channels-found,547.49,department-page,https://www.ocsheriff.gov/news,https://www.ocsheriff.gov/,official-domain-or-referral,public-html
162:0636770,Irvine,CA,318764,2025,incorporated-place,channels-found,547.49,newsroom,https://www.ocsheriff.gov/news/fatal-traffic-collision-lake-forest-driver-arrested-dui-1,https://www.ocsheriff.gov/news,linked-from-official-page,not-tested
162:0636770,Irvine,CA,318764,2025,incorporated-place,channels-found,547.49,newsroom,https://www.ocsheriff.gov/news/multi-location-search-warrant-takes-down-catalytic-converter-theft-ring,https://www.ocsheriff.gov/news,linked-from-official-page,not-tested
162:0636770,Irvine,CA,318764,2025,incorporated-place,channels-found,547.49,newsroom,https://www.ocsheriff.gov/news/fatal-traffic-collision-mission-viejo-two-drivers-arrested,https://www.ocsheriff.gov/news,linked-from-official-page,not-tested
162:0636770,Irvine,CA,318764,2025,incorporated-place,channels-found,547.49,newsroom,https://www.ocsheriff.gov/news/fatal-traffic-collision-lake-forest-driver-arrested-dui-0,https://www.ocsheriff.gov/news,linked-from-official-page,not-tested
162:0636770,Irvine,CA,318764,2025,incorporated-place,channels-found,547.49,newsroom,https://www.ocsheriff.gov/news/fatal-traffic-collision-san-juan-capistrano-driver-arrested-hit-and-run,https://www.ocsheriff.gov/news,linked-from-official-page,not-tested
162:0637692,Jurupa Valley,CA,107311,2025,incorporated-place,department-found,541.61,department-page,https://www.bscc.ca.gov/wp-content/uploads/78-Riverside-County-Jurupa-Valley-Sheriff-Station.pdf,https://www.bscc.ca.gov/wp-content/uploads/78-Riverside-County-Jurupa-Valley-Sheriff-Station.pdf,search-discovered-primary-source; review-jurisdiction,search-readable; automation-unverified
162:0639290,La Habra,CA,60908,2025,incorporated-place,channels-found,515.82,department-page,https://lahabraca.gov/227/Police-Department,https://lahabraca.gov/,official-domain-or-referral,public-html
162:0639290,La Habra,CA,60908,2025,incorporated-place,channels-found,515.82,crime-map,https://communitycrimemap.com/,https://lahabraca.gov/227/Police-Department,linked-from-official-page,not-tested
162:0639290,La Habra,CA,60908,2025,incorporated-place,channels-found,515.82,alerts,https://lahabraca.gov/CivicAlerts.aspx?AID=694,https://lahabraca.gov/227/Police-Department,linked-from-official-page,not-tested
162:0639290,La Habra,CA,60908,2025,incorporated-place,channels-found,515.82,alerts,https://lahabraca.gov/CivicAlerts.aspx?CID=5,https://lahabraca.gov/227/Police-Department,linked-from-official-page,not-tested
162:0639290,La Habra,CA,60908,2025,incorporated-place,channels-found,515.82,department-page,https://lahabraca.gov/m/newsflash?cat=5,https://lahabraca.gov/227/Police-Department,official-domain-or-referral,public-html
162:0639290,La Habra,CA,60908,2025,incorporated-place,channels-found,515.82,alerts,https://lahabraca.gov/list.aspx?Mode=Subscribe,https://lahabraca.gov/m/newsflash?cat=5,linked-from-official-page,not-tested
162:0639290,La Habra,CA,60908,2025,incorporated-place,channels-found,515.82,alerts,https://lahabraca.gov/1044/Alerts-Requests,https://lahabraca.gov/m/newsflash?cat=5,linked-from-official-page,not-tested
162:0639290,La Habra,CA,60908,2025,incorporated-place,channels-found,515.82,alerts,https://lahabraca.gov/list.aspx,https://lahabraca.gov/m/newsflash?cat=5,linked-from-official-page,not-tested
162:0639290,La Habra,CA,60908,2025,incorporated-place,channels-found,515.82,department-page,https://lahabraca.gov/m/newsflash/home/detail/694,https://lahabraca.gov/227/Police-Department,official-domain-or-referral,public-html
162:0640004,La Mesa,CA,59914,2025,incorporated-place,channels-found,669.37,nixle,https://local.nixle.com/city-of-la-mesa,https://cityoflamesa.gov/,linked-from-official-page,public-nixle-archive
162:0639248,Laguna Niguel,CA,64107,2025,incorporated-place,department-found,564.2,department-page,https://www.ocsheriff.gov/patrol-areas/laguna-niguel,https://www.ocsheriff.gov/patrol-areas/laguna-niguel,search-discovered-primary-source; review-jurisdiction,search-readable; automation-unverified
162:0639248,Laguna Niguel,CA,64107,2025,incorporated-place,department-found,564.2,department-page,https://www.ocsheriff.gov/patrol-areas,https://www.ocsheriff.gov/patrol-areas,search-discovered-primary-source; review-jurisdiction,search-readable; automation-unverified
162:0639248,Laguna Niguel,CA,64107,2025,incorporated-place,department-found,564.2,department-page,https://www.ocsheriff.gov/location/laguna-niguel-police-services,https://www.ocsheriff.gov/location/laguna-niguel-police-services,search-discovered-primary-source; review-jurisdiction,search-readable; automation-unverified
162:0639486,Lake Elsinore,CA,75067,2025,incorporated-place,channels-found,574.82,department-page,https://www.lake-elsinore.org/172/Public-Safety,https://www.lake-elsinore.org/,discovered-department-page; review-jurisdiction,public-html
162:0639486,Lake Elsinore,CA,75067,2025,incorporated-place,channels-found,574.82,alerts,https://www.lake-elsinore.org/706/LE-Ready-Emergency-Alerts,https://www.lake-elsinore.org/172/Public-Safety,linked-from-municipal-or-department-page; review-scope,not-tested
162:0639486,Lake Elsinore,CA,75067,2025,incorporated-place,channels-found,574.82,alerts,https://www.lake-elsinore.org/list.aspx,https://www.lake-elsinore.org/172/Public-Safety,linked-from-municipal-or-department-page; review-scope,not-tested
162:0639486,Lake Elsinore,CA,75067,2025,incorporated-place,channels-found,574.82,department-page,https://www.lake-elsinore.org/313/Crime-Free-Multi-Housing-Program,https://www.lake-elsinore.org/172/Public-Safety,discovered-department-page; review-jurisdiction,public-html
162:0639486,Lake Elsinore,CA,75067,2025,incorporated-place,channels-found,574.82,department-page,https://www.lake-elsinore.org/309/Police,https://www.lake-elsinore.org/172/Public-Safety,discovered-department-page; review-jurisdiction,public-html
162:0639496,Lake Forest,CA,86333,2025,incorporated-place,department-found,555.39,department-page,https://ocsheriff.gov/patrol-areas/lake-forest,https://ocsheriff.gov/patrol-areas/lake-forest,search-discovered-primary-source; review-jurisdiction,search-readable; automation-unverified
162:0639496,Lake Forest,CA,86333,2025,incorporated-place,department-found,555.39,department-page,https://www.ocsheriff.gov/node,https://www.ocsheriff.gov/node,search-discovered-primary-source; review-jurisdiction,search-readable; automation-unverified
162:0639496,Lake Forest,CA,86333,2025,incorporated-place,department-found,555.39,department-page,https://city-lakeforest.com/298/Police-Services.html,https://city-lakeforest.com/298/Police-Services.html,search-discovered-primary-source; review-jurisdiction,search-readable; automation-unverified
162:0639892,Lakewood,CA,78010,2025,incorporated-place,channels-found,511.88,department-page,https://www.lakewoodca.gov/Residents/Public-Safety,https://www.lakewoodca.gov/Home,official-domain-or-referral,public-html
162:0639892,Lakewood,CA,78010,2025,incorporated-place,channels-found,511.88,alerts,https://www.lakewoodca.gov/About/Traffic-and-Construction-Alerts,https://www.lakewoodca.gov/Residents/Public-Safety,linked-from-official-page,not-tested
162:0639892,Lakewood,CA,78010,2025,incorporated-place,channels-found,511.88,department-page,https://www.lakewoodca.gov/About/City-news,https://www.lakewoodca.gov/Residents/Public-Safety,official-domain-or-referral,public-html
162:0639892,Lakewood,CA,78010,2025,incorporated-place,channels-found,511.88,department-page,https://www.lakewoodca.gov/About/City-news/eMagazine-Subscription,https://www.lakewoodca.gov/Residents/Public-Safety,official-domain-or-referral,public-html
162:0639892,Lakewood,CA,78010,2025,incorporated-place,channels-found,511.88,department-page,https://www.lakewoodca.gov/Residents/Public-Safety/Homelessness,https://www.lakewoodca.gov/Home,official-domain-or-referral,public-html
162:0640130,Lancaster,CA,170084,2025,incorporated-place,channels-found,441.91,department-page,https://www.cityoflancasterca.org/our-city/departments-services/public-safety,https://www.cityoflancasterca.org/our-city/departments-services/public-safety,search-discovered-primary-source; review-jurisdiction,search-readable; automation-unverified
162:0640130,Lancaster,CA,170084,2025,incorporated-place,channels-found,441.91,newsroom,https://police.cityoflancasterpa.gov/news/,https://police.cityoflancasterpa.gov/news/,search-discovered-primary-source; review-jurisdiction,search-readable; automation-unverified
162:0640130,Lancaster,CA,170084,2025,incorporated-place,channels-found,441.91,announcement,https://www.cityoflancasterca.org/Home/Components/News/News/10422/2541,https://www.cityoflancasterca.org/Home/Components/News/News/10422/2541,search-discovered-primary-source; review-jurisdiction,search-readable; automation-unverified
162:0641474,Lincoln,CA,57367,2025,incorporated-place,channels-found,190.07,department-page,https://www.lincolnca.gov/living-here/police-and-fire/,https://www.lincolnca.gov/,official-domain-or-referral,public-html
162:0641474,Lincoln,CA,57367,2025,incorporated-place,channels-found,190.07,alerts,https://www.lincolnca.gov/css/GOV/modules/alert/alert.css,https://www.lincolnca.gov/living-here/police-and-fire/,linked-from-official-page,not-tested
162:0641474,Lincoln,CA,57367,2025,incorporated-place,channels-found,190.07,incident-log,https://lincolnca.citizenrims.com/map,https://www.lincolnca.gov/living-here/police-and-fire/,linked-from-official-page,not-tested
162:0641474,Lincoln,CA,57367,2025,incorporated-place,channels-found,190.07,incident-log,https://lincolnca.citizenrims.com/form?formId=128,https://www.lincolnca.gov/living-here/police-and-fire/,linked-from-official-page,not-tested
162:0641474,Lincoln,CA,57367,2025,incorporated-place,channels-found,190.07,incident-log,https://lincolnca.citizenrims.com/form?formId=129,https://www.lincolnca.gov/living-here/police-and-fire/,linked-from-official-page,not-tested
162:0641474,Lincoln,CA,57367,2025,incorporated-place,channels-found,190.07,department-page,https://www.lincolnca.gov/news,https://www.lincolnca.gov/living-here/police-and-fire/,official-domain-or-referral,public-html
162:0641474,Lincoln,CA,57367,2025,incorporated-place,channels-found,190.07,newsroom,https://www.lincolnca.gov/news/posts/lincoln-police-arrest-suspect-following-stabbing-investigation-news-release/,https://www.lincolnca.gov/news,linked-from-official-page,not-tested
162:0641474,Lincoln,CA,57367,2025,incorporated-place,channels-found,190.07,newsroom,https://www.lincolnca.gov/news/posts/homicide-investigation-and-arrest-news-release/,https://www.lincolnca.gov/news,linked-from-official-page,not-tested
162:0641474,Lincoln,CA,57367,2025,incorporated-place,channels-found,190.07,department-page,https://www.lincolnca.gov/our-government/social-media/,https://www.lincolnca.gov/living-here/police-and-fire/,official-domain-or-referral,public-html
162:0641474,Lincoln,CA,57367,2025,incorporated-place,channels-found,190.07,facebook,https://www.facebook.com/MyLincolnPD,https://www.lincolnca.gov/our-government/social-media/,linked-from-official-page,not-tested
162:0641474,Lincoln,CA,57367,2025,incorporated-place,channels-found,190.07,instagram,https://www.instagram.com/lincolnpd/,https://www.lincolnca.gov/our-government/social-media/,linked-from-official-page,not-tested
162:0641474,Lincoln,CA,57367,2025,incorporated-place,channels-found,190.07,x,https://x.com/lincolnpolice,https://www.lincolnca.gov/our-government/social-media/,linked-from-official-page,not-tested
162:0641474,Lincoln,CA,57367,2025,incorporated-place,channels-found,190.07,announcement,https://media-001-us.cdn.govstack.com/lincolnca-003-us/media/pcdlwoml/8242026-lpd-presser.pdf,https://www.lincolnca.gov/news/posts/lincoln-police-arrest-suspect-following-stabbing-investigation-news-release/,linked-from-official-page,not-tested
162:0641992,Livermore,CA,83457,2025,incorporated-place,channels-found,51.89,department-page,https://police.livermoreca.gov/,https://police.livermoreca.gov/,search-discovered-primary-source; review-jurisdiction,search-readable; automation-unverified
162:0641992,Livermore,CA,83457,2025,incorporated-place,channels-found,51.89,department-page,https://police.livermoreca.gov/about-us,https://police.livermoreca.gov/about-us,search-discovered-primary-source; review-jurisdiction,search-readable; automation-unverified
162:0641992,Livermore,CA,83457,2025,incorporated-place,channels-found,51.89,department-page,https://police.livermoreca.gov/contact,https://police.livermoreca.gov/contact,search-discovered-primary-source; review-jurisdiction,search-readable; automation-unverified
162:0641992,Livermore,CA,83457,2025,incorporated-place,channels-found,51.89,newsroom,https://police.livermoreca.gov/community/news-press-releases,https://police.livermoreca.gov/community/news-press-releases,reviewed-primary-web-source,search-readable; automation-unverified
162:0642202,Lodi,CA,69100,2025,incorporated-place,department-found,113.24,department-page,https://www.lodi.gov/215/Police,https://www.lodi.gov/215/Police,search-discovered-primary-source; review-jurisdiction,search-readable; automation-unverified
162:0642202,Lodi,CA,69100,2025,incorporated-place,department-found,113.24,department-page,https://www.lodi.gov/886/Chief-of-Police,https://www.lodi.gov/886/Chief-of-Police,search-discovered-primary-source; review-jurisdiction,search-readable; automation-unverified
162:0642202,Lodi,CA,69100,2025,incorporated-place,department-found,113.24,department-page,https://www.lodi.gov/215/Police?from=AppAgg.com,https://www.lodi.gov/215/Police?from=AppAgg.com,search-discovered-primary-source; review-jurisdiction,search-readable; automation-unverified
162:0643000,Long Beach,CA,450469,2025,incorporated-place,channels-found,514.65,department-page,https://longbeach.gov/police/,https://longbeach.gov/,official-domain-or-referral,public-html
162:0643000,Long Beach,CA,450469,2025,incorporated-place,channels-found,514.65,incident-log,https://www.p3tips.com/TipForm.aspx?ID=365,https://longbeach.gov/police/,linked-from-official-page,not-tested
162:0643000,Long Beach,CA,450469,2025,incorporated-place,channels-found,514.65,alerts,https://longbeach.gov/disasterpreparedness/alert-long-beach/,https://longbeach.gov/police/,linked-from-official-page,not-tested
162:0643000,Long Beach,CA,450469,2025,incorporated-place,channels-found,514.65,newsroom,https://longbeach.gov/press-release-archive/?cid=6697,https://longbeach.gov/police/,linked-from-official-page,not-tested
162:0643000,Long Beach,CA,450469,2025,incorporated-place,channels-found,514.65,incident-log,https://longbeach.gov/police/news/lbpd-blotter-sept-12-2026/,https://longbeach.gov/police/,linked-from-official-page,not-tested
162:0643000,Long Beach,CA,450469,2025,incorporated-place,channels-found,514.65,incident-log,https://longbeach.gov/police/news/lbpd-blotter-sept-11-2026/,https://longbeach.gov/police/,linked-from-official-page,not-tested
162:0643000,Long Beach,CA,450469,2025,incorporated-place,channels-found,514.65,incident-log,https://longbeach.gov/police/news/lbpd-blotter-sept-10-2026/,https://longbeach.gov/police/,linked-from-official-page,not-tested
162:0643000,Long Beach,CA,450469,2025,incorporated-place,channels-found,514.65,x,https://x.com/lbpd,https://longbeach.gov/police/,linked-from-official-page,not-tested
162:0643000,Long Beach,CA,450469,2025,incorporated-place,channels-found,514.65,department-page,https://longbeach.gov/socialmedia/,https://longbeach.gov/police/,official-domain-or-referral,public-html
162:0643000,Long Beach,CA,450469,2025,incorporated-place,channels-found,514.65,department-page,https://longbeach.gov/social-media-tc/,https://longbeach.gov/police/,official-domain-or-referral,public-html
162:0643000,Long Beach,CA,450469,2025,incorporated-place,channels-found,514.65,department-page,https://longbeach.gov/news-archive/?cid=6697,https://longbeach.gov/police/,official-domain-or-referral,public-html
162:0643000,Long Beach,CA,450469,2025,incorporated-place,channels-found,514.65,incident-log,https://longbeach.gov/police/news/lbpd-blotter-sept-9-2026/,https://longbeach.gov/news-archive/?cid=6697,linked-from-official-page,not-tested
162:0643000,Long Beach,CA,450469,2025,incorporated-place,channels-found,514.65,incident-log,https://longbeach.gov/police/news/lbpd-blotter-sept-8-2026/,https://longbeach.gov/news-archive/?cid=6697,linked-from-official-page,not-tested
162:0643000,Long Beach,CA,450469,2025,incorporated-place,channels-found,514.65,incident-log,https://longbeach.gov/police/news/lbpd-blotter-sept-7-2026/,https://longbeach.gov/news-archive/?cid=6697,linked-from-official-page,not-tested
162:0643000,Long Beach,CA,450469,2025,incorporated-place,channels-found,514.65,incident-log,https://longbeach.gov/police/news/lbpd-blotter-sept-6-2026/,https://longbeach.gov/news-archive/?cid=6697,linked-from-official-page,not-tested
162:0643000,Long Beach,CA,450469,2025,incorporated-place,channels-found,514.65,incident-log,https://longbeach.gov/police/news/lbpd-blotter-sept-5-2026/,https://longbeach.gov/news-archive/?cid=6697,linked-from-official-page,not-tested
162:0643000,Long Beach,CA,450469,2025,incorporated-place,channels-found,514.65,incident-log,https://longbeach.gov/police/news/lbpd-blotter-sept-4-2026/,https://longbeach.gov/news-archive/?cid=6697,linked-from-official-page,not-tested
162:0643000,Long Beach,CA,450469,2025,incorporated-place,channels-found,514.65,incident-log,https://longbeach.gov/police/news/lbpd-blotter-sept-3-2026/,https://longbeach.gov/news-archive/?cid=6697,linked-from-official-page,not-tested
162:0643000,Long Beach,CA,450469,2025,incorporated-place,channels-found,514.65,incident-log,https://longbeach.gov/police/news/lbpd-blotter-sept-2-2026/,https://longbeach.gov/news-archive/?cid=6697,linked-from-official-page,not-tested
162:0643000,Long Beach,CA,450469,2025,incorporated-place,channels-found,514.65,incident-log,https://longbeach.gov/police/news/lbpd-blotter-sept-1-2026/,https://longbeach.gov/news-archive/?cid=6697,linked-from-official-page,not-tested
162:0643000,Long Beach,CA,450469,2025,incorporated-place,channels-found,514.65,incident-log,https://longbeach.gov/police/news/lbpd-blotter-aug-31-2026/,https://longbeach.gov/news-archive/?cid=6697,linked-from-official-page,not-tested
162:0643000,Long Beach,CA,450469,2025,incorporated-place,channels-found,514.65,incident-log,https://longbeach.gov/police/news/lbpd-blotter-aug-30-2026/,https://longbeach.gov/news-archive/?cid=6697,linked-from-official-page,not-tested
162:0643000,Long Beach,CA,450469,2025,incorporated-place,channels-found,514.65,incident-log,https://longbeach.gov/police/news/lbpd-blotter-aug-29-2026/,https://longbeach.gov/news-archive/?cid=6697,linked-from-official-page,not-tested
162:0643000,Long Beach,CA,450469,2025,incorporated-place,channels-found,514.65,incident-log,https://longbeach.gov/police/news/lbpd-blotter-aug-28-2026/,https://longbeach.gov/news-archive/?cid=6697,linked-from-official-page,not-tested
162:0643000,Long Beach,CA,450469,2025,incorporated-place,channels-found,514.65,incident-log,https://longbeach.gov/police/news/lbpd-blotter-aug-27-2026/,https://longbeach.gov/news-archive/?cid=6697,linked-from-official-page,not-tested
162:0643000,Long Beach,CA,450469,2025,incorporated-place,channels-found,514.65,incident-log,https://longbeach.gov/police/news/lbpd-blotter-aug-26-2026/,https://longbeach.gov/news-archive/?cid=6697,linked-from-official-page,not-tested
162:0643000,Long Beach,CA,450469,2025,incorporated-place,channels-found,514.65,incident-log,https://longbeach.gov/police/news/lbpd-blotter-aug-25-2026/,https://longbeach.gov/news-archive/?cid=6697,linked-from-official-page,not-tested
162:0643000,Long Beach,CA,450469,2025,incorporated-place,channels-found,514.65,incident-log,https://longbeach.gov/police/news/lbpd-blotter-aug-24-2026/,https://longbeach.gov/news-archive/?cid=6697,linked-from-official-page,not-tested
162:0643000,Long Beach,CA,450469,2025,incorporated-place,channels-found,514.65,incident-log,https://longbeach.gov/police/news/lbpd-blotter-aug-23-2026/,https://longbeach.gov/news-archive/?cid=6697,linked-from-official-page,not-tested
162:0643000,Long Beach,CA,450469,2025,incorporated-place,channels-found,514.65,incident-log,https://longbeach.gov/police/news/lbpd-blotter-aug-22-2026/,https://longbeach.gov/news-archive/?cid=6697,linked-from-official-page,not-tested
162:0643000,Long Beach,CA,450469,2025,incorporated-place,channels-found,514.65,incident-log,https://longbeach.gov/police/news/lbpd-blotter-aug-21-2026/,https://longbeach.gov/news-archive/?cid=6697,linked-from-official-page,not-tested
162:0643000,Long Beach,CA,450469,2025,incorporated-place,channels-found,514.65,incident-log,https://longbeach.gov/police/news/lbpd-blotter-aug-20-2026/,https://longbeach.gov/news-archive/?cid=6697,linked-from-official-page,not-tested
162:0643000,Long Beach,CA,450469,2025,incorporated-place,channels-found,514.65,incident-log,https://longbeach.gov/police/news/lbpd-blotter-aug-19-2026/,https://longbeach.gov/news-archive/?cid=6697,linked-from-official-page,not-tested
162:0643000,Long Beach,CA,450469,2025,incorporated-place,channels-found,514.65,incident-log,https://longbeach.gov/police/news/lbpd-blotter-aug-18-2026/,https://longbeach.gov/news-archive/?cid=6697,linked-from-official-page,not-tested
162:0643000,Long Beach,CA,450469,2025,incorporated-place,channels-found,514.65,incident-log,https://longbeach.gov/police/news/lbpd-blotter-aug-17-2026/,https://longbeach.gov/news-archive/?cid=6697,linked-from-official-page,not-tested
162:0643000,Long Beach,CA,450469,2025,incorporated-place,channels-found,514.65,incident-log,https://longbeach.gov/police/news/lbpd-blotter-aug-16-2026/,https://longbeach.gov/news-archive/?cid=6697,linked-from-official-page,not-tested
162:0643000,Long Beach,CA,450469,2025,incorporated-place,channels-found,514.65,incident-log,https://longbeach.gov/police/news/lbpd-blotter-aug-15-2026/,https://longbeach.gov/news-archive/?cid=6697,linked-from-official-page,not-tested
162:0643000,Long Beach,CA,450469,2025,incorporated-place,channels-found,514.65,incident-log,https://longbeach.gov/police/news/lbpd-blotter-aug-14-2026/,https://longbeach.gov/news-archive/?cid=6697,linked-from-official-page,not-tested
162:0643000,Long Beach,CA,450469,2025,incorporated-place,channels-found,514.65,incident-log,https://longbeach.gov/police/news/lbpd-blotter-aug-13-2026/,https://longbeach.gov/news-archive/?cid=6697,linked-from-official-page,not-tested
162:0643000,Long Beach,CA,450469,2025,incorporated-place,channels-found,514.65,incident-log,https://longbeach.gov/police/news/lbpd-blotter-aug-12-2026/,https://longbeach.gov/news-archive/?cid=6697,linked-from-official-page,not-tested
162:0643000,Long Beach,CA,450469,2025,incorporated-place,channels-found,514.65,incident-log,https://longbeach.gov/police/news/lbpd-blotter-aug-11-2026/,https://longbeach.gov/news-archive/?cid=6697,linked-from-official-page,not-tested
162:0643000,Long Beach,CA,450469,2025,incorporated-place,channels-found,514.65,incident-log,https://longbeach.gov/police/news/lbpd-blotter-aug-10-2026/,https://longbeach.gov/news-archive/?cid=6697,linked-from-official-page,not-tested
162:0643000,Long Beach,CA,450469,2025,incorporated-place,channels-found,514.65,incident-log,https://longbeach.gov/police/news/lbpd-blotter-aug-9-2026/,https://longbeach.gov/news-archive/?cid=6697,linked-from-official-page,not-tested
162:0643000,Long Beach,CA,450469,2025,incorporated-place,channels-found,514.65,incident-log,https://longbeach.gov/police/news/lbpd-blotter-aug-8-2026/,https://longbeach.gov/news-archive/?cid=6697,linked-from-official-page,not-tested
162:0643000,Long Beach,CA,450469,2025,incorporated-place,channels-found,514.65,incident-log,https://longbeach.gov/police/news/lbpd-blotter-aug-6-2026/,https://longbeach.gov/news-archive/?cid=6697,linked-from-official-page,not-tested
162:0643000,Long Beach,CA,450469,2025,incorporated-place,channels-found,514.65,incident-log,https://longbeach.gov/police/news/lbpd-blotter-aug-7-2026/,https://longbeach.gov/news-archive/?cid=6697,linked-from-official-page,not-tested
162:0643000,Long Beach,CA,450469,2025,incorporated-place,channels-found,514.65,incident-log,https://longbeach.gov/police/news/lbpd-blotter-aug-5-2026/,https://longbeach.gov/news-archive/?cid=6697,linked-from-official-page,not-tested
162:0643000,Long Beach,CA,450469,2025,incorporated-place,channels-found,514.65,incident-log,https://longbeach.gov/police/news/lbpd-blotter-aug-4-2026/,https://longbeach.gov/news-archive/?cid=6697,linked-from-official-page,not-tested
162:0643000,Long Beach,CA,450469,2025,incorporated-place,channels-found,514.65,incident-log,https://longbeach.gov/police/news/lbpd-blotter-aug-3-2026/,https://longbeach.gov/news-archive/?cid=6697,linked-from-official-page,not-tested
162:0643000,Long Beach,CA,450469,2025,incorporated-place,channels-found,514.65,incident-log,https://longbeach.gov/police/news/lbpd-blotter-aug-2-2026/,https://longbeach.gov/news-archive/?cid=6697,linked-from-official-page,not-tested
162:0643000,Long Beach,CA,450469,2025,incorporated-place,channels-found,514.65,incident-log,https://longbeach.gov/police/news/lbpd-blotter-aug-1-2026/,https://longbeach.gov/news-archive/?cid=6697,linked-from-official-page,not-tested
162:0643000,Long Beach,CA,450469,2025,incorporated-place,channels-found,514.65,incident-log,https://longbeach.gov/police/news/lbpd-blotter-july-31-2026/,https://longbeach.gov/news-archive/?cid=6697,linked-from-official-page,not-tested
162:0643000,Long Beach,CA,450469,2025,incorporated-place,channels-found,514.65,incident-log,https://longbeach.gov/police/news/lbpd-blotter-july-30-2026/,https://longbeach.gov/news-archive/?cid=6697,linked-from-official-page,not-tested
162:0643000,Long Beach,CA,450469,2025,incorporated-place,channels-found,514.65,incident-log,https://longbeach.gov/police/news/lbpd-blotter-july-29-2026/,https://longbeach.gov/news-archive/?cid=6697,linked-from-official-page,not-tested
162:0643000,Long Beach,CA,450469,2025,incorporated-place,channels-found,514.65,incident-log,https://longbeach.gov/police/news/lbpd-blotter-july-28-2026/,https://longbeach.gov/news-archive/?cid=6697,linked-from-official-page,not-tested
162:0643000,Long Beach,CA,450469,2025,incorporated-place,channels-found,514.65,incident-log,https://longbeach.gov/police/news/lbpd-blotter-july-27-2026/,https://longbeach.gov/news-archive/?cid=6697,linked-from-official-page,not-tested
162:0643000,Long Beach,CA,450469,2025,incorporated-place,channels-found,514.65,incident-log,https://longbeach.gov/police/news/lbpd-blotter-july-26-2026/,https://longbeach.gov/news-archive/?cid=6697,linked-from-official-page,not-tested
162:0643000,Long Beach,CA,450469,2025,incorporated-place,channels-found,514.65,incident-log,https://longbeach.gov/police/news/lbpd-blotter-july-25-2026/,https://longbeach.gov/news-archive/?cid=6697,linked-from-official-page,not-tested
162:0643000,Long Beach,CA,450469,2025,incorporated-place,channels-found,514.65,incident-log,https://longbeach.gov/police/news/lbpd-blotter-july-24-2026/,https://longbeach.gov/news-archive/?cid=6697,linked-from-official-page,not-tested
162:0643000,Long Beach,CA,450469,2025,incorporated-place,channels-found,514.65,incident-log,https://longbeach.gov/police/news/lbpd-blotter-july-23-2026/,https://longbeach.gov/news-archive/?cid=6697,linked-from-official-page,not-tested
162:0643000,Long Beach,CA,450469,2025,incorporated-place,channels-found,514.65,incident-log,https://longbeach.gov/police/news/lbpd-blotter-july-22-2026/,https://longbeach.gov/news-archive/?cid=6697,linked-from-official-page,not-tested
162:0643000,Long Beach,CA,450469,2025,incorporated-place,channels-found,514.65,incident-log,https://longbeach.gov/police/news/lbpd-blotter-july-21-2026/,https://longbeach.gov/news-archive/?cid=6697,linked-from-official-page,not-tested
162:0643000,Long Beach,CA,450469,2025,incorporated-place,channels-found,514.65,incident-log,https://longbeach.gov/police/news/lbpd-blotter-july-20-2026/,https://longbeach.gov/news-archive/?cid=6697,linked-from-official-page,not-tested
162:0643000,Long Beach,CA,450469,2025,incorporated-place,channels-found,514.65,incident-log,https://longbeach.gov/police/news/lbpd-blotter-july-19-2026/,https://longbeach.gov/news-archive/?cid=6697,linked-from-official-page,not-tested
162:0643000,Long Beach,CA,450469,2025,incorporated-place,channels-found,514.65,incident-log,https://longbeach.gov/police/news/lbpd-blotter-july-18-2026/,https://longbeach.gov/news-archive/?cid=6697,linked-from-official-page,not-tested
162:0643000,Long Beach,CA,450469,2025,incorporated-place,channels-found,514.65,incident-log,https://longbeach.gov/police/news/lbpd-blotter-july-17-2026/,https://longbeach.gov/news-archive/?cid=6697,linked-from-official-page,not-tested
162:0643000,Long Beach,CA,450469,2025,incorporated-place,channels-found,514.65,incident-log,https://longbeach.gov/police/news/lbpd-blotter-july-16-2026/,https://longbeach.gov/news-archive/?cid=6697,linked-from-official-page,not-tested
162:0643000,Long Beach,CA,450469,2025,incorporated-place,channels-found,514.65,incident-log,https://longbeach.gov/police/news/lbpd-blotter-july-15-2026/,https://longbeach.gov/news-archive/?cid=6697,linked-from-official-page,not-tested
162:0643000,Long Beach,CA,450469,2025,incorporated-place,channels-found,514.65,incident-log,https://longbeach.gov/police/news/lbpd-blotter-july-14-2026/,https://longbeach.gov/news-archive/?cid=6697,linked-from-official-page,not-tested
162:0643000,Long Beach,CA,450469,2025,incorporated-place,channels-found,514.65,incident-log,https://longbeach.gov/police/news/lbpd-blotter---july-13-2026/,https://longbeach.gov/news-archive/?cid=6697,linked-from-official-page,not-tested
162:0643000,Long Beach,CA,450469,2025,incorporated-place,channels-found,514.65,incident-log,https://longbeach.gov/police/news/lbpd-blotter-july-12-2026/,https://longbeach.gov/news-archive/?cid=6697,linked-from-official-page,not-tested
162:0643000,Long Beach,CA,450469,2025,incorporated-place,channels-found,514.65,incident-log,https://longbeach.gov/police/news/lbpd-blotter-july-11-2026/,https://longbeach.gov/news-archive/?cid=6697,linked-from-official-page,not-tested
162:0643000,Long Beach,CA,450469,2025,incorporated-place,channels-found,514.65,incident-log,https://longbeach.gov/police/news/lbpd-blotter-july-10-2026/,https://longbeach.gov/news-archive/?cid=6697,linked-from-official-page,not-tested
162:0643000,Long Beach,CA,450469,2025,incorporated-place,channels-found,514.65,incident-log,https://longbeach.gov/police/news/lbpd-blotter-july-9-2026/,https://longbeach.gov/news-archive/?cid=6697,linked-from-official-page,not-tested
162:0643000,Long Beach,CA,450469,2025,incorporated-place,channels-found,514.65,incident-log,https://longbeach.gov/police/news/lbpd-blotter-july-8-2026/,https://longbeach.gov/news-archive/?cid=6697,linked-from-official-page,not-tested
162:0643000,Long Beach,CA,450469,2025,incorporated-place,channels-found,514.65,incident-log,https://longbeach.gov/police/news/lbpd-blotter-july-7-2026/,https://longbeach.gov/news-archive/?cid=6697,linked-from-official-page,not-tested
162:0643000,Long Beach,CA,450469,2025,incorporated-place,channels-found,514.65,incident-log,https://longbeach.gov/police/news/lbpd-blotter-july-6-2026/,https://longbeach.gov/news-archive/?cid=6697,linked-from-official-page,not-tested
162:0643000,Long Beach,CA,450469,2025,incorporated-place,channels-found,514.65,incident-log,https://longbeach.gov/police/news/lbpd-blotter-july-5-2026/,https://longbeach.gov/news-archive/?cid=6697,linked-from-official-page,not-tested
162:0643000,Long Beach,CA,450469,2025,incorporated-place,channels-found,514.65,incident-log,https://longbeach.gov/police/news/lbpd-blotter-july-4-2026/,https://longbeach.gov/news-archive/?cid=6697,linked-from-official-page,not-tested
162:0643000,Long Beach,CA,450469,2025,incorporated-place,channels-found,514.65,incident-log,https://longbeach.gov/police/news/lbpd-blotter-july-3-2026/,https://longbeach.gov/news-archive/?cid=6697,linked-from-official-page,not-tested
162:0643000,Long Beach,CA,450469,2025,incorporated-place,channels-found,514.65,incident-log,https://longbeach.gov/police/news/lbpd-blotter-july-2-20262/,https://longbeach.gov/news-archive/?cid=6697,linked-from-official-page,not-tested
162:0643000,Long Beach,CA,450469,2025,incorporated-place,channels-found,514.65,incident-log,https://longbeach.gov/police/news/lbpd-blotter-july-1-2026/,https://longbeach.gov/news-archive/?cid=6697,linked-from-official-page,not-tested
162:0643000,Long Beach,CA,450469,2025,incorporated-place,channels-found,514.65,incident-log,https://longbeach.gov/police/news/lbpd-blotter-june-30-2026/,https://longbeach.gov/news-archive/?cid=6697,linked-from-official-page,not-tested
162:0643000,Long Beach,CA,450469,2025,incorporated-place,channels-found,514.65,incident-log,https://longbeach.gov/police/news/lbpd-blotter-june-29-2026/,https://longbeach.gov/news-archive/?cid=6697,linked-from-official-page,not-tested
162:0643000,Long Beach,CA,450469,2025,incorporated-place,channels-found,514.65,incident-log,https://longbeach.gov/police/news/lbpd-blotter-june-28-2026/,https://longbeach.gov/news-archive/?cid=6697,linked-from-official-page,not-tested
162:0643000,Long Beach,CA,450469,2025,incorporated-place,channels-found,514.65,incident-log,https://longbeach.gov/police/news/lbpd-blotter-june-27-2026/,https://longbeach.gov/news-archive/?cid=6697,linked-from-official-page,not-tested
162:0643000,Long Beach,CA,450469,2025,incorporated-place,channels-found,514.65,incident-log,https://longbeach.gov/police/news/lbpd-blotter-june-26-2026/,https://longbeach.gov/news-archive/?cid=6697,linked-from-official-page,not-tested
162:0643000,Long Beach,CA,450469,2025,incorporated-place,channels-found,514.65,incident-log,https://longbeach.gov/police/news/lbpd-blotter-june-25-2026/,https://longbeach.gov/news-archive/?cid=6697,linked-from-official-page,not-tested
162:0643000,Long Beach,CA,450469,2025,incorporated-place,channels-found,514.65,incident-log,https://longbeach.gov/police/news/lbpd-blotter-june-24-2026/,https://longbeach.gov/news-archive/?cid=6697,linked-from-official-page,not-tested
162:0643000,Long Beach,CA,450469,2025,incorporated-place,channels-found,514.65,incident-log,https://longbeach.gov/police/news/lbpd-blotter-june-23-2026/,https://longbeach.gov/news-archive/?cid=6697,linked-from-official-page,not-tested
162:0643000,Long Beach,CA,450469,2025,incorporated-place,channels-found,514.65,incident-log,https://longbeach.gov/police/news/lbpd-blotter-june-22-2026/,https://longbeach.gov/news-archive/?cid=6697,linked-from-official-page,not-tested
162:0643000,Long Beach,CA,450469,2025,incorporated-place,channels-found,514.65,incident-log,https://longbeach.gov/police/news/lbpd-blotter-june-21-2026/,https://longbeach.gov/news-archive/?cid=6697,linked-from-official-page,not-tested
162:0643000,Long Beach,CA,450469,2025,incorporated-place,channels-found,514.65,incident-log,https://longbeach.gov/police/news/lbpd-blotter-june-20-2026/,https://longbeach.gov/news-archive/?cid=6697,linked-from-official-page,not-tested
162:0643000,Long Beach,CA,450469,2025,incorporated-place,channels-found,514.65,incident-log,https://longbeach.gov/police/news/lbpd-blotter-june-19-2026/,https://longbeach.gov/news-archive/?cid=6697,linked-from-official-page,not-tested
162:0643000,Long Beach,CA,450469,2025,incorporated-place,channels-found,514.65,incident-log,https://longbeach.gov/police/news/lbpd-blotter-june-18-2026/,https://longbeach.gov/news-archive/?cid=6697,linked-from-official-page,not-tested
162:0643000,Long Beach,CA,450469,2025,incorporated-place,channels-found,514.65,incident-log,https://longbeach.gov/police/news/lbpd-blotter-june-17-2026/,https://longbeach.gov/news-archive/?cid=6697,linked-from-official-page,not-tested
162:0643000,Long Beach,CA,450469,2025,incorporated-place,channels-found,514.65,incident-log,https://longbeach.gov/police/news/lbpd-blotter-june-16-2026/,https://longbeach.gov/news-archive/?cid=6697,linked-from-official-page,not-tested
162:0643000,Long Beach,CA,450469,2025,incorporated-place,channels-found,514.65,incident-log,https://longbeach.gov/police/news/lbpd-blotter-june-15-2026/,https://longbeach.gov/news-archive/?cid=6697,linked-from-official-page,not-tested
162:0643000,Long Beach,CA,450469,2025,incorporated-place,channels-found,514.65,incident-log,https://longbeach.gov/police/news/lbpd-blotter-june-14-2026/,https://longbeach.gov/news-archive/?cid=6697,linked-from-official-page,not-tested
162:0643000,Long Beach,CA,450469,2025,incorporated-place,channels-found,514.65,incident-log,https://longbeach.gov/police/news/lbpd-blotter-june-13-2026/,https://longbeach.gov/news-archive/?cid=6697,linked-from-official-page,not-tested
162:0643000,Long Beach,CA,450469,2025,incorporated-place,channels-found,514.65,incident-log,https://longbeach.gov/police/news/lbpd-blotter-june-12-2026/,https://longbeach.gov/news-archive/?cid=6697,linked-from-official-page,not-tested
162:0643000,Long Beach,CA,450469,2025,incorporated-place,channels-found,514.65,incident-log,https://longbeach.gov/police/news/lbpd-blotter-june-11-2026/,https://longbeach.gov/news-archive/?cid=6697,linked-from-official-page,not-tested
162:0643000,Long Beach,CA,450469,2025,incorporated-place,channels-found,514.65,incident-log,https://longbeach.gov/police/news/lbpd-blotter-june-10-2026/,https://longbeach.gov/news-archive/?cid=6697,linked-from-official-page,not-tested
162:0643000,Long Beach,CA,450469,2025,incorporated-place,channels-found,514.65,incident-log,https://longbeach.gov/police/news/lbpd-blotter-june-9-2026/,https://longbeach.gov/news-archive/?cid=6697,linked-from-official-page,not-tested
162:0643000,Long Beach,CA,450469,2025,incorporated-place,channels-found,514.65,incident-log,https://longbeach.gov/police/news/lbpd-blotter-june-8-2026/,https://longbeach.gov/news-archive/?cid=6697,linked-from-official-page,not-tested
162:0643000,Long Beach,CA,450469,2025,incorporated-place,channels-found,514.65,incident-log,https://longbeach.gov/police/news/lbpd-blotter-june-7-2026/,https://longbeach.gov/news-archive/?cid=6697,linked-from-official-page,not-tested
162:0643000,Long Beach,CA,450469,2025,incorporated-place,channels-found,514.65,incident-log,https://longbeach.gov/police/news/lbpd-blotter-june-6-2026/,https://longbeach.gov/news-archive/?cid=6697,linked-from-official-page,not-tested
162:0643000,Long Beach,CA,450469,2025,incorporated-place,channels-found,514.65,incident-log,https://longbeach.gov/police/news/lbpd-blotter-june-5-2026/,https://longbeach.gov/news-archive/?cid=6697,linked-from-official-page,not-tested
162:0643000,Long Beach,CA,450469,2025,incorporated-place,channels-found,514.65,incident-log,https://longbeach.gov/police/news/lbpd-blotter-june-4-2026/,https://longbeach.gov/news-archive/?cid=6697,linked-from-official-page,not-tested
162:0643000,Long Beach,CA,450469,2025,incorporated-place,channels-found,514.65,incident-log,https://longbeach.gov/police/news/lbpd-blotter-June-3-2026/,https://longbeach.gov/news-archive/?cid=6697,linked-from-official-page,not-tested
162:0643000,Long Beach,CA,450469,2025,incorporated-place,channels-found,514.65,incident-log,https://longbeach.gov/police/news/lbpd-blotter-june-2-2026/,https://longbeach.gov/news-archive/?cid=6697,linked-from-official-page,not-tested
162:0643000,Long Beach,CA,450469,2025,incorporated-place,channels-found,514.65,incident-log,https://longbeach.gov/police/news/lbpd-blotter-june-1-2026/,https://longbeach.gov/news-archive/?cid=6697,linked-from-official-page,not-tested
162:0643000,Long Beach,CA,450469,2025,incorporated-place,channels-found,514.65,incident-log,https://longbeach.gov/police/news/lbpd-blotter-may-31-2026/,https://longbeach.gov/news-archive/?cid=6697,linked-from-official-page,not-tested
162:0643000,Long Beach,CA,450469,2025,incorporated-place,channels-found,514.65,incident-log,https://longbeach.gov/police/news/lbpd-blotter-may-30-2026/,https://longbeach.gov/news-archive/?cid=6697,linked-from-official-page,not-tested
162:0643000,Long Beach,CA,450469,2025,incorporated-place,channels-found,514.65,incident-log,https://longbeach.gov/police/news/lbpd-blotter-may-29-2026/,https://longbeach.gov/news-archive/?cid=6697,linked-from-official-page,not-tested
162:0643000,Long Beach,CA,450469,2025,incorporated-place,channels-found,514.65,incident-log,https://longbeach.gov/police/news/lbpd-blotter-may-28-2026/,https://longbeach.gov/news-archive/?cid=6697,linked-from-official-page,not-tested
162:0643000,Long Beach,CA,450469,2025,incorporated-place,channels-found,514.65,incident-log,https://longbeach.gov/police/news/lbpd-blotter-may-27-2026/,https://longbeach.gov/news-archive/?cid=6697,linked-from-official-page,not-tested
162:0643000,Long Beach,CA,450469,2025,incorporated-place,channels-found,514.65,incident-log,https://longbeach.gov/police/news/lbpd-blotter-may-26-2026/,https://longbeach.gov/news-archive/?cid=6697,linked-from-official-page,not-tested
162:0643000,Long Beach,CA,450469,2025,incorporated-place,channels-found,514.65,incident-log,https://longbeach.gov/police/news/lbpd-blotter-may-25-2026/,https://longbeach.gov/news-archive/?cid=6697,linked-from-official-page,not-tested
162:0643000,Long Beach,CA,450469,2025,incorporated-place,channels-found,514.65,incident-log,https://longbeach.gov/police/news/lbpd-blotter-may-24-2026/,https://longbeach.gov/news-archive/?cid=6697,linked-from-official-page,not-tested
162:0643000,Long Beach,CA,450469,2025,incorporated-place,channels-found,514.65,incident-log,https://longbeach.gov/police/news/lbpd-blotter-may-23-2026/,https://longbeach.gov/news-archive/?cid=6697,linked-from-official-page,not-tested
162:0643000,Long Beach,CA,450469,2025,incorporated-place,channels-found,514.65,incident-log,https://longbeach.gov/police/news/lbpd-blotter-may-22-2026/,https://longbeach.gov/news-archive/?cid=6697,linked-from-official-page,not-tested
162:0643000,Long Beach,CA,450469,2025,incorporated-place,channels-found,514.65,incident-log,https://longbeach.gov/police/news/lbpd-blotter-may-21-2026/,https://longbeach.gov/news-archive/?cid=6697,linked-from-official-page,not-tested
162:0643000,Long Beach,CA,450469,2025,incorporated-place,channels-found,514.65,incident-log,https://longbeach.gov/police/news/lbpd-blotter-may-20-2026/,https://longbeach.gov/news-archive/?cid=6697,linked-from-official-page,not-tested
162:0643000,Long Beach,CA,450469,2025,incorporated-place,channels-found,514.65,incident-log,https://longbeach.gov/police/news/lbpd-blotter-may-19-2026/,https://longbeach.gov/news-archive/?cid=6697,linked-from-official-page,not-tested
162:0643000,Long Beach,CA,450469,2025,incorporated-place,channels-found,514.65,incident-log,https://longbeach.gov/police/news/lbpd-blotter-may-18-2026/,https://longbeach.gov/news-archive/?cid=6697,linked-from-official-page,not-tested
162:0643000,Long Beach,CA,450469,2025,incorporated-place,channels-found,514.65,incident-log,https://longbeach.gov/police/news/lbpd-blotter-may-17-2026/,https://longbeach.gov/news-archive/?cid=6697,linked-from-official-page,not-tested
162:0643000,Long Beach,CA,450469,2025,incorporated-place,channels-found,514.65,incident-log,https://longbeach.gov/police/news/lbpd-blotter-may-16-2026/,https://longbeach.gov/news-archive/?cid=6697,linked-from-official-page,not-tested
162:0643000,Long Beach,CA,450469,2025,incorporated-place,channels-found,514.65,incident-log,https://longbeach.gov/police/news/lbpd-blotter-may-15-2026/,https://longbeach.gov/news-archive/?cid=6697,linked-from-official-page,not-tested
162:0643000,Long Beach,CA,450469,2025,incorporated-place,channels-found,514.65,incident-log,https://longbeach.gov/police/news/lbpd-blotter-may-14-2026/,https://longbeach.gov/news-archive/?cid=6697,linked-from-official-page,not-tested
162:0643000,Long Beach,CA,450469,2025,incorporated-place,channels-found,514.65,incident-log,https://longbeach.gov/police/news/lbpd-blotter-may-13-2026/,https://longbeach.gov/news-archive/?cid=6697,linked-from-official-page,not-tested
162:0643000,Long Beach,CA,450469,2025,incorporated-place,channels-found,514.65,incident-log,https://longbeach.gov/police/news/lbpd-blotter-may-12-2026/,https://longbeach.gov/news-archive/?cid=6697,linked-from-official-page,not-tested
162:0643000,Long Beach,CA,450469,2025,incorporated-place,channels-found,514.65,incident-log,https://longbeach.gov/police/news/lbpd-blotter-may-11-2026/,https://longbeach.gov/news-archive/?cid=6697,linked-from-official-page,not-tested
162:0643000,Long Beach,CA,450469,2025,incorporated-place,channels-found,514.65,incident-log,https://longbeach.gov/police/news/lbpd-blotter-may-10-2026/,https://longbeach.gov/news-archive/?cid=6697,linked-from-official-page,not-tested
162:0643000,Long Beach,CA,450469,2025,incorporated-place,channels-found,514.65,incident-log,https://longbeach.gov/police/news/lbpd-blotter-may-9-2026/,https://longbeach.gov/news-archive/?cid=6697,linked-from-official-page,not-tested
162:0643000,Long Beach,CA,450469,2025,incorporated-place,channels-found,514.65,incident-log,https://longbeach.gov/police/news/lbpd-blotter-may-8-2026/,https://longbeach.gov/news-archive/?cid=6697,linked-from-official-page,not-tested
162:0643000,Long Beach,CA,450469,2025,incorporated-place,channels-found,514.65,incident-log,https://longbeach.gov/police/news/lbpd-blotter-may-7-2026/,https://longbeach.gov/news-archive/?cid=6697,linked-from-official-page,not-tested
162:0643000,Long Beach,CA,450469,2025,incorporated-place,channels-found,514.65,incident-log,https://longbeach.gov/police/news/lbpd-blotter-may-6-2026/,https://longbeach.gov/news-archive/?cid=6697,linked-from-official-page,not-tested
162:0643000,Long Beach,CA,450469,2025,incorporated-place,channels-found,514.65,incident-log,https://longbeach.gov/police/news/lbpd-blotter-may-5-2026/,https://longbeach.gov/news-archive/?cid=6697,linked-from-official-page,not-tested
162:0643000,Long Beach,CA,450469,2025,incorporated-place,channels-found,514.65,incident-log,https://longbeach.gov/police/news/lbpd-blotter-may-4-2026/,https://longbeach.gov/news-archive/?cid=6697,linked-from-official-page,not-tested
162:0643000,Long Beach,CA,450469,2025,incorporated-place,channels-found,514.65,incident-log,https://longbeach.gov/police/news/lbpd-blotter-may-3-2026/,https://longbeach.gov/news-archive/?cid=6697,linked-from-official-page,not-tested
162:0643000,Long Beach,CA,450469,2025,incorporated-place,channels-found,514.65,incident-log,https://longbeach.gov/police/news/lbpd-blotter-may-2-2026/,https://longbeach.gov/news-archive/?cid=6697,linked-from-official-page,not-tested
162:0643000,Long Beach,CA,450469,2025,incorporated-place,channels-found,514.65,incident-log,https://longbeach.gov/police/news/lbpd-blotter-may-1-2026/,https://longbeach.gov/news-archive/?cid=6697,linked-from-official-page,not-tested
162:0643000,Long Beach,CA,450469,2025,incorporated-place,channels-found,514.65,incident-log,https://longbeach.gov/police/news/lbpd-blotter-april-30-2026/,https://longbeach.gov/news-archive/?cid=6697,linked-from-official-page,not-tested
162:0643000,Long Beach,CA,450469,2025,incorporated-place,channels-found,514.65,incident-log,https://longbeach.gov/police/news/lbpd-blotter-april-29-2026/,https://longbeach.gov/news-archive/?cid=6697,linked-from-official-page,not-tested
162:0643000,Long Beach,CA,450469,2025,incorporated-place,channels-found,514.65,incident-log,https://longbeach.gov/police/news/lbpd-blotter-april-28-2026/,https://longbeach.gov/news-archive/?cid=6697,linked-from-official-page,not-tested
162:0643000,Long Beach,CA,450469,2025,incorporated-place,channels-found,514.65,incident-log,https://longbeach.gov/police/news/lbpd-blotter-april-27-2026/,https://longbeach.gov/news-archive/?cid=6697,linked-from-official-page,not-tested
162:0643000,Long Beach,CA,450469,2025,incorporated-place,channels-found,514.65,incident-log,https://longbeach.gov/police/news/lbpd-blotter-april-26-2026/,https://longbeach.gov/news-archive/?cid=6697,linked-from-official-page,not-tested
162:0643000,Long Beach,CA,450469,2025,incorporated-place,channels-found,514.65,incident-log,https://longbeach.gov/police/news/lbpd-blotter-april-25-2026/,https://longbeach.gov/news-archive/?cid=6697,linked-from-official-page,not-tested
162:0643000,Long Beach,CA,450469,2025,incorporated-place,channels-found,514.65,incident-log,https://longbeach.gov/police/news/lbpd-blotter-april-24-2026/,https://longbeach.gov/news-archive/?cid=6697,linked-from-official-page,not-tested
162:0643000,Long Beach,CA,450469,2025,incorporated-place,channels-found,514.65,incident-log,https://longbeach.gov/police/news/lbpd-blotter-april-23-2026/,https://longbeach.gov/news-archive/?cid=6697,linked-from-official-page,not-tested
162:0643000,Long Beach,CA,450469,2025,incorporated-place,channels-found,514.65,incident-log,https://longbeach.gov/police/news/lbpd-blotter-april-22-2026/,https://longbeach.gov/news-archive/?cid=6697,linked-from-official-page,not-tested
162:0643000,Long Beach,CA,450469,2025,incorporated-place,channels-found,514.65,incident-log,https://longbeach.gov/police/news/lbpd-blotter-april-21-2026/,https://longbeach.gov/news-archive/?cid=6697,linked-from-official-page,not-tested
162:0643000,Long Beach,CA,450469,2025,incorporated-place,channels-found,514.65,incident-log,https://longbeach.gov/police/news/lbpd-blotter-april-20-2026/,https://longbeach.gov/news-archive/?cid=6697,linked-from-official-page,not-tested
162:0643000,Long Beach,CA,450469,2025,incorporated-place,channels-found,514.65,incident-log,https://longbeach.gov/police/news/lbpd-blotter-april-19-2026/,https://longbeach.gov/news-archive/?cid=6697,linked-from-official-page,not-tested
162:0643000,Long Beach,CA,450469,2025,incorporated-place,channels-found,514.65,incident-log,https://longbeach.gov/police/news/lbpd-blotter-april-18-2026/,https://longbeach.gov/news-archive/?cid=6697,linked-from-official-page,not-tested
162:0643000,Long Beach,CA,450469,2025,incorporated-place,channels-found,514.65,incident-log,https://longbeach.gov/police/news/lbpd-blotter-april-17-2026/,https://longbeach.gov/news-archive/?cid=6697,linked-from-official-page,not-tested
162:0643000,Long Beach,CA,450469,2025,incorporated-place,channels-found,514.65,incident-log,https://longbeach.gov/police/news/lbpd-blotter-april-16-2026/,https://longbeach.gov/news-archive/?cid=6697,linked-from-official-page,not-tested
162:0643000,Long Beach,CA,450469,2025,incorporated-place,channels-found,514.65,incident-log,https://longbeach.gov/police/news/lbpd-blotter-april-15-2026/,https://longbeach.gov/news-archive/?cid=6697,linked-from-official-page,not-tested
162:0643000,Long Beach,CA,450469,2025,incorporated-place,channels-found,514.65,incident-log,https://longbeach.gov/police/news/lbpd-blotter-april-14-2026/,https://longbeach.gov/news-archive/?cid=6697,linked-from-official-page,not-tested
162:0643000,Long Beach,CA,450469,2025,incorporated-place,channels-found,514.65,incident-log,https://longbeach.gov/police/news/lbpd-blotter-april-13-2026/,https://longbeach.gov/news-archive/?cid=6697,linked-from-official-page,not-tested
162:0643000,Long Beach,CA,450469,2025,incorporated-place,channels-found,514.65,incident-log,https://longbeach.gov/police/news/lbpd-blotter-april-12-2026/,https://longbeach.gov/news-archive/?cid=6697,linked-from-official-page,not-tested
162:0643000,Long Beach,CA,450469,2025,incorporated-place,channels-found,514.65,incident-log,https://longbeach.gov/police/news/lbpd-blotter-april-11-2026/,https://longbeach.gov/news-archive/?cid=6697,linked-from-official-page,not-tested
162:0643000,Long Beach,CA,450469,2025,incorporated-place,channels-found,514.65,incident-log,https://longbeach.gov/police/news/lbpd-blotter-april-10-2026/,https://longbeach.gov/news-archive/?cid=6697,linked-from-official-page,not-tested
162:0643000,Long Beach,CA,450469,2025,incorporated-place,channels-found,514.65,incident-log,https://longbeach.gov/police/news/lbpd-blotter-april-9-2026/,https://longbeach.gov/news-archive/?cid=6697,linked-from-official-page,not-tested
162:0643000,Long Beach,CA,450469,2025,incorporated-place,channels-found,514.65,incident-log,https://longbeach.gov/police/news/lbpd-blotter-april-8-2026/,https://longbeach.gov/news-archive/?cid=6697,linked-from-official-page,not-tested
162:0643000,Long Beach,CA,450469,2025,incorporated-place,channels-found,514.65,incident-log,https://longbeach.gov/police/news/lbpd-blotter-april-7-2026/,https://longbeach.gov/news-archive/?cid=6697,linked-from-official-page,not-tested
162:0643000,Long Beach,CA,450469,2025,incorporated-place,channels-found,514.65,incident-log,https://longbeach.gov/police/news/lbpd-blotter-april-6-2026/,https://longbeach.gov/news-archive/?cid=6697,linked-from-official-page,not-tested
162:0643000,Long Beach,CA,450469,2025,incorporated-place,channels-found,514.65,incident-log,https://longbeach.gov/police/news/lbpd-blotter-april-5-2026/,https://longbeach.gov/news-archive/?cid=6697,linked-from-official-page,not-tested
162:0643000,Long Beach,CA,450469,2025,incorporated-place,channels-found,514.65,incident-log,https://longbeach.gov/police/news/lbpd-blotter-april-4-2026/,https://longbeach.gov/news-archive/?cid=6697,linked-from-official-page,not-tested
162:0643000,Long Beach,CA,450469,2025,incorporated-place,channels-found,514.65,incident-log,https://longbeach.gov/police/news/lbpd-blotter-april-3-2026/,https://longbeach.gov/news-archive/?cid=6697,linked-from-official-page,not-tested
162:0643000,Long Beach,CA,450469,2025,incorporated-place,channels-found,514.65,incident-log,https://longbeach.gov/police/news/lbpd-blotter-april-2-2026/,https://longbeach.gov/news-archive/?cid=6697,linked-from-official-page,not-tested
162:0643000,Long Beach,CA,450469,2025,incorporated-place,channels-found,514.65,incident-log,https://longbeach.gov/police/news/lbpd-blotter-april-1-2026/,https://longbeach.gov/news-archive/?cid=6697,linked-from-official-page,not-tested
162:0643000,Long Beach,CA,450469,2025,incorporated-place,channels-found,514.65,incident-log,https://longbeach.gov/police/news/lbpd-blotter-march-31-2026/,https://longbeach.gov/news-archive/?cid=6697,linked-from-official-page,not-tested
162:0643000,Long Beach,CA,450469,2025,incorporated-place,channels-found,514.65,incident-log,https://longbeach.gov/police/news/lbpd-blotter-march-30-2026/,https://longbeach.gov/news-archive/?cid=6697,linked-from-official-page,not-tested
162:0643000,Long Beach,CA,450469,2025,incorporated-place,channels-found,514.65,incident-log,https://longbeach.gov/police/news/lbpd-blotter-march-29-2026/,https://longbeach.gov/news-archive/?cid=6697,linked-from-official-page,not-tested
162:0643000,Long Beach,CA,450469,2025,incorporated-place,channels-found,514.65,incident-log,https://longbeach.gov/police/news/lbpd-blotter-march-28-2026/,https://longbeach.gov/news-archive/?cid=6697,linked-from-official-page,not-tested
162:0643000,Long Beach,CA,450469,2025,incorporated-place,channels-found,514.65,incident-log,https://longbeach.gov/police/news/lbpd-blotter-march-27-2026/,https://longbeach.gov/news-archive/?cid=6697,linked-from-official-page,not-tested
162:0643000,Long Beach,CA,450469,2025,incorporated-place,channels-found,514.65,incident-log,https://longbeach.gov/police/news/lbpd-blotter-march-26-2026/,https://longbeach.gov/news-archive/?cid=6697,linked-from-official-page,not-tested
162:0643000,Long Beach,CA,450469,2025,incorporated-place,channels-found,514.65,incident-log,https://longbeach.gov/police/news/lbpd-blotter-march-25-2026/,https://longbeach.gov/news-archive/?cid=6697,linked-from-official-page,not-tested
162:0643000,Long Beach,CA,450469,2025,incorporated-place,channels-found,514.65,incident-log,https://longbeach.gov/police/news/lbpd-blotter-march-24-2026/,https://longbeach.gov/news-archive/?cid=6697,linked-from-official-page,not-tested
162:0643000,Long Beach,CA,450469,2025,incorporated-place,channels-found,514.65,incident-log,https://longbeach.gov/police/news/lbpd-blotter-march-23-2026/,https://longbeach.gov/news-archive/?cid=6697,linked-from-official-page,not-tested
162:0643000,Long Beach,CA,450469,2025,incorporated-place,channels-found,514.65,incident-log,https://longbeach.gov/police/news/lbpd-blotter-march-22-2026/,https://longbeach.gov/news-archive/?cid=6697,linked-from-official-page,not-tested
162:0643000,Long Beach,CA,450469,2025,incorporated-place,channels-found,514.65,incident-log,https://longbeach.gov/police/news/lbpd-blotter-march-21-2026/,https://longbeach.gov/news-archive/?cid=6697,linked-from-official-page,not-tested
162:0643000,Long Beach,CA,450469,2025,incorporated-place,channels-found,514.65,incident-log,https://longbeach.gov/police/news/lbpd-blotter-march-20-2026/,https://longbeach.gov/news-archive/?cid=6697,linked-from-official-page,not-tested
162:0643000,Long Beach,CA,450469,2025,incorporated-place,channels-found,514.65,incident-log,https://longbeach.gov/police/news/lbpd-blotter-march-19-2026/,https://longbeach.gov/news-archive/?cid=6697,linked-from-official-page,not-tested
162:0643000,Long Beach,CA,450469,2025,incorporated-place,channels-found,514.65,incident-log,https://longbeach.gov/police/news/lbpd-blotter-march-18-2026/,https://longbeach.gov/news-archive/?cid=6697,linked-from-official-page,not-tested
162:0643000,Long Beach,CA,450469,2025,incorporated-place,channels-found,514.65,incident-log,https://longbeach.gov/police/news/lbpd-blotter-march-17-2026/,https://longbeach.gov/news-archive/?cid=6697,linked-from-official-page,not-tested
162:0643000,Long Beach,CA,450469,2025,incorporated-place,channels-found,514.65,incident-log,https://longbeach.gov/police/news/lbpd-blotter-march-16-2026/,https://longbeach.gov/news-archive/?cid=6697,linked-from-official-page,not-tested
162:0643000,Long Beach,CA,450469,2025,incorporated-place,channels-found,514.65,incident-log,https://longbeach.gov/police/news/lbpd-blotter-march-15-2026/,https://longbeach.gov/news-archive/?cid=6697,linked-from-official-page,not-tested
162:0643000,Long Beach,CA,450469,2025,incorporated-place,channels-found,514.65,incident-log,https://longbeach.gov/police/news/lbpd-blotter-march-14-2026/,https://longbeach.gov/news-archive/?cid=6697,linked-from-official-page,not-tested
162:0643000,Long Beach,CA,450469,2025,incorporated-place,channels-found,514.65,incident-log,https://longbeach.gov/police/news/lbpd-blotter-march-13-2026/,https://longbeach.gov/news-archive/?cid=6697,linked-from-official-page,not-tested
162:0643000,Long Beach,CA,450469,2025,incorporated-place,channels-found,514.65,incident-log,https://longbeach.gov/police/news/lbpd-blotter-march-12-2026/,https://longbeach.gov/news-archive/?cid=6697,linked-from-official-page,not-tested
162:0643000,Long Beach,CA,450469,2025,incorporated-place,channels-found,514.65,incident-log,https://longbeach.gov/police/news/lbpd-blotter-march-11-2026/,https://longbeach.gov/news-archive/?cid=6697,linked-from-official-page,not-tested
162:0643000,Long Beach,CA,450469,2025,incorporated-place,channels-found,514.65,incident-log,https://longbeach.gov/police/news/lbpd-blotter-march-10-2026/,https://longbeach.gov/news-archive/?cid=6697,linked-from-official-page,not-tested
162:0643000,Long Beach,CA,450469,2025,incorporated-place,channels-found,514.65,incident-log,https://longbeach.gov/police/news/lbpd-blotter-march-9-2026/,https://longbeach.gov/news-archive/?cid=6697,linked-from-official-page,not-tested
162:0643000,Long Beach,CA,450469,2025,incorporated-place,channels-found,514.65,incident-log,https://longbeach.gov/police/news/lbpd-blotter-march-8-2026/,https://longbeach.gov/news-archive/?cid=6697,linked-from-official-page,not-tested
162:0643000,Long Beach,CA,450469,2025,incorporated-place,channels-found,514.65,incident-log,https://longbeach.gov/police/news/lbpd-blotter-march-7-2026/,https://longbeach.gov/news-archive/?cid=6697,linked-from-official-page,not-tested
162:0643000,Long Beach,CA,450469,2025,incorporated-place,channels-found,514.65,incident-log,https://longbeach.gov/police/news/lbpd-blotter-march-6-2026/,https://longbeach.gov/news-archive/?cid=6697,linked-from-official-page,not-tested
162:0643000,Long Beach,CA,450469,2025,incorporated-place,channels-found,514.65,incident-log,https://longbeach.gov/police/news/lbpd-blotter-march-5-2026/,https://longbeach.gov/news-archive/?cid=6697,linked-from-official-page,not-tested
162:0643000,Long Beach,CA,450469,2025,incorporated-place,channels-found,514.65,incident-log,https://longbeach.gov/police/news/lbpd-blotter-march-4-2026/,https://longbeach.gov/news-archive/?cid=6697,linked-from-official-page,not-tested
162:0643000,Long Beach,CA,450469,2025,incorporated-place,channels-found,514.65,incident-log,https://longbeach.gov/police/news/lbpd-blotter-march-3-2026/,https://longbeach.gov/news-archive/?cid=6697,linked-from-official-page,not-tested
162:0643000,Long Beach,CA,450469,2025,incorporated-place,channels-found,514.65,incident-log,https://longbeach.gov/police/news/lbpd-blotter-march-2-2026/,https://longbeach.gov/news-archive/?cid=6697,linked-from-official-page,not-tested
162:0643000,Long Beach,CA,450469,2025,incorporated-place,channels-found,514.65,incident-log,https://longbeach.gov/police/news/lbpd-blotter-march-1-2026/,https://longbeach.gov/news-archive/?cid=6697,linked-from-official-page,not-tested
162:0643000,Long Beach,CA,450469,2025,incorporated-place,channels-found,514.65,incident-log,https://longbeach.gov/police/news/lbpd-blotter-feb-28-2026/,https://longbeach.gov/news-archive/?cid=6697,linked-from-official-page,not-tested
162:0643000,Long Beach,CA,450469,2025,incorporated-place,channels-found,514.65,incident-log,https://longbeach.gov/police/news/lbpd-blotter-feb-27-2026/,https://longbeach.gov/news-archive/?cid=6697,linked-from-official-page,not-tested
162:0643000,Long Beach,CA,450469,2025,incorporated-place,channels-found,514.65,incident-log,https://longbeach.gov/police/news/lbpd-blotter-feb-26-2026/,https://longbeach.gov/news-archive/?cid=6697,linked-from-official-page,not-tested
162:0643000,Long Beach,CA,450469,2025,incorporated-place,channels-found,514.65,incident-log,https://longbeach.gov/police/news/lbpd-blotter-feb-25-2026/,https://longbeach.gov/news-archive/?cid=6697,linked-from-official-page,not-tested
162:0643000,Long Beach,CA,450469,2025,incorporated-place,channels-found,514.65,incident-log,https://longbeach.gov/police/news/lbpd-blotter-feb-24-2026/,https://longbeach.gov/news-archive/?cid=6697,linked-from-official-page,not-tested
162:0643000,Long Beach,CA,450469,2025,incorporated-place,channels-found,514.65,incident-log,https://longbeach.gov/police/news/lbpd-blotter-feb-23-2026/,https://longbeach.gov/news-archive/?cid=6697,linked-from-official-page,not-tested
162:0643000,Long Beach,CA,450469,2025,incorporated-place,channels-found,514.65,incident-log,https://longbeach.gov/police/news/lbpd-blotter-feb-22-2026/,https://longbeach.gov/news-archive/?cid=6697,linked-from-official-page,not-tested
162:0643000,Long Beach,CA,450469,2025,incorporated-place,channels-found,514.65,incident-log,https://longbeach.gov/police/news/lbpd-blotter-feb-21-2026/,https://longbeach.gov/news-archive/?cid=6697,linked-from-official-page,not-tested
162:0643000,Long Beach,CA,450469,2025,incorporated-place,channels-found,514.65,incident-log,https://longbeach.gov/police/news/lbpd-blotter-feb-20-2026/,https://longbeach.gov/news-archive/?cid=6697,linked-from-official-page,not-tested
162:0643000,Long Beach,CA,450469,2025,incorporated-place,channels-found,514.65,incident-log,https://longbeach.gov/police/news/lbpd-blotter-feb-19-2026/,https://longbeach.gov/news-archive/?cid=6697,linked-from-official-page,not-tested
162:0643000,Long Beach,CA,450469,2025,incorporated-place,channels-found,514.65,incident-log,https://longbeach.gov/police/news/lbpd-blotter-feb-18-2026/,https://longbeach.gov/news-archive/?cid=6697,linked-from-official-page,not-tested
162:0643000,Long Beach,CA,450469,2025,incorporated-place,channels-found,514.65,incident-log,https://longbeach.gov/police/news/lbpd-blotter-feb-17-2026/,https://longbeach.gov/news-archive/?cid=6697,linked-from-official-page,not-tested
162:0643000,Long Beach,CA,450469,2025,incorporated-place,channels-found,514.65,incident-log,https://longbeach.gov/police/news/lbpd-blotter-feb-16-2026/,https://longbeach.gov/news-archive/?cid=6697,linked-from-official-page,not-tested
162:0643000,Long Beach,CA,450469,2025,incorporated-place,channels-found,514.65,incident-log,https://longbeach.gov/police/news/lbpd-blotter-feb-15-2026/,https://longbeach.gov/news-archive/?cid=6697,linked-from-official-page,not-tested
162:0643000,Long Beach,CA,450469,2025,incorporated-place,channels-found,514.65,incident-log,https://longbeach.gov/police/news/lbpd-blotter-feb-14-2026/,https://longbeach.gov/news-archive/?cid=6697,linked-from-official-page,not-tested
162:0643000,Long Beach,CA,450469,2025,incorporated-place,channels-found,514.65,incident-log,https://longbeach.gov/police/news/lbpd-blotter-feb-13-2026/,https://longbeach.gov/news-archive/?cid=6697,linked-from-official-page,not-tested
162:0643000,Long Beach,CA,450469,2025,incorporated-place,channels-found,514.65,incident-log,https://longbeach.gov/police/news/lbpd-blotter-feb-12-2026/,https://longbeach.gov/news-archive/?cid=6697,linked-from-official-page,not-tested
162:0643000,Long Beach,CA,450469,2025,incorporated-place,channels-found,514.65,incident-log,https://longbeach.gov/police/news/lbpd-blotter-feb-11-2026/,https://longbeach.gov/news-archive/?cid=6697,linked-from-official-page,not-tested
162:0643000,Long Beach,CA,450469,2025,incorporated-place,channels-found,514.65,incident-log,https://longbeach.gov/police/news/lbpd-blotter-feb-10-2026/,https://longbeach.gov/news-archive/?cid=6697,linked-from-official-page,not-tested
162:0643000,Long Beach,CA,450469,2025,incorporated-place,channels-found,514.65,incident-log,https://longbeach.gov/police/news/lbpd-blotter-feb-9-2026/,https://longbeach.gov/news-archive/?cid=6697,linked-from-official-page,not-tested
162:0643000,Long Beach,CA,450469,2025,incorporated-place,channels-found,514.65,incident-log,https://longbeach.gov/police/news/lbpd-blotter-feb-8-2026/,https://longbeach.gov/news-archive/?cid=6697,linked-from-official-page,not-tested
162:0643000,Long Beach,CA,450469,2025,incorporated-place,channels-found,514.65,incident-log,https://longbeach.gov/police/news/lbpd-blotter-feb-7-2026/,https://longbeach.gov/news-archive/?cid=6697,linked-from-official-page,not-tested
162:0643000,Long Beach,CA,450469,2025,incorporated-place,channels-found,514.65,incident-log,https://longbeach.gov/police/news/lbpd-blotter-feb-6-2026/,https://longbeach.gov/news-archive/?cid=6697,linked-from-official-page,not-tested
162:0643000,Long Beach,CA,450469,2025,incorporated-place,channels-found,514.65,incident-log,https://longbeach.gov/police/news/lbpd-blotter-feb-5-2026/,https://longbeach.gov/news-archive/?cid=6697,linked-from-official-page,not-tested
162:0643000,Long Beach,CA,450469,2025,incorporated-place,channels-found,514.65,incident-log,https://longbeach.gov/police/news/lbpd-blotter-feb-4-2026/,https://longbeach.gov/news-archive/?cid=6697,linked-from-official-page,not-tested
162:0643000,Long Beach,CA,450469,2025,incorporated-place,channels-found,514.65,incident-log,https://longbeach.gov/police/news/lbpd-blotter-feb-3-2026/,https://longbeach.gov/news-archive/?cid=6697,linked-from-official-page,not-tested
162:0643000,Long Beach,CA,450469,2025,incorporated-place,channels-found,514.65,incident-log,https://longbeach.gov/police/news/lbpd-blotter-feb-2-2026/,https://longbeach.gov/news-archive/?cid=6697,linked-from-official-page,not-tested
162:0643000,Long Beach,CA,450469,2025,incorporated-place,channels-found,514.65,incident-log,https://longbeach.gov/police/news/lbpd-blotter-feb-1-2026/,https://longbeach.gov/news-archive/?cid=6697,linked-from-official-page,not-tested
162:0643000,Long Beach,CA,450469,2025,incorporated-place,channels-found,514.65,incident-log,https://longbeach.gov/police/news/lbpd-blotter-jan-31-2026/,https://longbeach.gov/news-archive/?cid=6697,linked-from-official-page,not-tested
162:0643000,Long Beach,CA,450469,2025,incorporated-place,channels-found,514.65,incident-log,https://longbeach.gov/police/news/lbpd-blotter-jan-30-2026/,https://longbeach.gov/news-archive/?cid=6697,linked-from-official-page,not-tested
162:0643000,Long Beach,CA,450469,2025,incorporated-place,channels-found,514.65,incident-log,https://longbeach.gov/police/news/lbpd-blotter-jan-29-2026/,https://longbeach.gov/news-archive/?cid=6697,linked-from-official-page,not-tested
162:0643000,Long Beach,CA,450469,2025,incorporated-place,channels-found,514.65,incident-log,https://longbeach.gov/police/news/lbpd-blotter-jan-28-2026/,https://longbeach.gov/news-archive/?cid=6697,linked-from-official-page,not-tested
162:0643000,Long Beach,CA,450469,2025,incorporated-place,channels-found,514.65,incident-log,https://longbeach.gov/police/news/lbpd-blotter-jan-27-2026/,https://longbeach.gov/news-archive/?cid=6697,linked-from-official-page,not-tested
162:0643000,Long Beach,CA,450469,2025,incorporated-place,channels-found,514.65,incident-log,https://longbeach.gov/police/news/lbpd-blotter-jan-26-2026/,https://longbeach.gov/news-archive/?cid=6697,linked-from-official-page,not-tested
162:0643000,Long Beach,CA,450469,2025,incorporated-place,channels-found,514.65,incident-log,https://longbeach.gov/police/news/lbpd-blotter-jan-25-2026/,https://longbeach.gov/news-archive/?cid=6697,linked-from-official-page,not-tested
162:0643000,Long Beach,CA,450469,2025,incorporated-place,channels-found,514.65,incident-log,https://longbeach.gov/police/news/lbpd-blotter-jan-24-2026/,https://longbeach.gov/news-archive/?cid=6697,linked-from-official-page,not-tested
162:0643000,Long Beach,CA,450469,2025,incorporated-place,channels-found,514.65,incident-log,https://longbeach.gov/police/news/lbpd-blotter-jan-23-2026/,https://longbeach.gov/news-archive/?cid=6697,linked-from-official-page,not-tested
162:0643000,Long Beach,CA,450469,2025,incorporated-place,channels-found,514.65,incident-log,https://longbeach.gov/police/news/lbpd-blotter-jan-22-2026/,https://longbeach.gov/news-archive/?cid=6697,linked-from-official-page,not-tested
162:0643000,Long Beach,CA,450469,2025,incorporated-place,channels-found,514.65,incident-log,https://longbeach.gov/police/news/lbpd-blotter-jan-21-2026/,https://longbeach.gov/news-archive/?cid=6697,linked-from-official-page,not-tested
162:0643000,Long Beach,CA,450469,2025,incorporated-place,channels-found,514.65,incident-log,https://longbeach.gov/police/news/lbpd-blotter-jan-20-2026/,https://longbeach.gov/news-archive/?cid=6697,linked-from-official-page,not-tested
162:0643000,Long Beach,CA,450469,2025,incorporated-place,channels-found,514.65,incident-log,https://longbeach.gov/police/news/lbpd-blotter-jan-19-2026/,https://longbeach.gov/news-archive/?cid=6697,linked-from-official-page,not-tested
162:0643000,Long Beach,CA,450469,2025,incorporated-place,channels-found,514.65,incident-log,https://longbeach.gov/police/news/lbpd-blotter-jan-18-2026/,https://longbeach.gov/news-archive/?cid=6697,linked-from-official-page,not-tested
162:0643000,Long Beach,CA,450469,2025,incorporated-place,channels-found,514.65,incident-log,https://longbeach.gov/police/news/lbpd-blotter-jan-17-2026/,https://longbeach.gov/news-archive/?cid=6697,linked-from-official-page,not-tested
162:0643000,Long Beach,CA,450469,2025,incorporated-place,channels-found,514.65,incident-log,https://longbeach.gov/police/news/lbpd-blotter-jan-16-2026/,https://longbeach.gov/news-archive/?cid=6697,linked-from-official-page,not-tested
162:0643000,Long Beach,CA,450469,2025,incorporated-place,channels-found,514.65,incident-log,https://longbeach.gov/police/news/lbpd-blotter-jan-15-2026/,https://longbeach.gov/news-archive/?cid=6697,linked-from-official-page,not-tested
162:0643000,Long Beach,CA,450469,2025,incorporated-place,channels-found,514.65,incident-log,https://longbeach.gov/police/news/lbpd-blotter-jan-14-2026/,https://longbeach.gov/news-archive/?cid=6697,linked-from-official-page,not-tested
162:0643000,Long Beach,CA,450469,2025,incorporated-place,channels-found,514.65,incident-log,https://longbeach.gov/police/news/lbpd-blotter-jan-13-2026/,https://longbeach.gov/news-archive/?cid=6697,linked-from-official-page,not-tested
162:0643000,Long Beach,CA,450469,2025,incorporated-place,channels-found,514.65,incident-log,https://longbeach.gov/police/news/lbpd-blotter-jan-12-2026/,https://longbeach.gov/news-archive/?cid=6697,linked-from-official-page,not-tested
162:0643000,Long Beach,CA,450469,2025,incorporated-place,channels-found,514.65,incident-log,https://longbeach.gov/police/news/lbpd-blotter-jan-11-2026/,https://longbeach.gov/news-archive/?cid=6697,linked-from-official-page,not-tested
162:0643000,Long Beach,CA,450469,2025,incorporated-place,channels-found,514.65,incident-log,https://longbeach.gov/police/news/lbpd-blotter-jan-10-2026/,https://longbeach.gov/news-archive/?cid=6697,linked-from-official-page,not-tested
162:0643000,Long Beach,CA,450469,2025,incorporated-place,channels-found,514.65,incident-log,https://longbeach.gov/police/news/lbpd-blotter-jan-9-2026/,https://longbeach.gov/news-archive/?cid=6697,linked-from-official-page,not-tested
162:0643000,Long Beach,CA,450469,2025,incorporated-place,channels-found,514.65,incident-log,https://longbeach.gov/police/news/lbpd-blotter-jan-8-2026/,https://longbeach.gov/news-archive/?cid=6697,linked-from-official-page,not-tested
162:0643000,Long Beach,CA,450469,2025,incorporated-place,channels-found,514.65,incident-log,https://longbeach.gov/police/news/lbpd-blotter-jan-7-2026/,https://longbeach.gov/news-archive/?cid=6697,linked-from-official-page,not-tested
162:0643000,Long Beach,CA,450469,2025,incorporated-place,channels-found,514.65,incident-log,https://longbeach.gov/police/news/lbpd-blotter-jan-6-2026/,https://longbeach.gov/news-archive/?cid=6697,linked-from-official-page,not-tested
162:0643000,Long Beach,CA,450469,2025,incorporated-place,channels-found,514.65,incident-log,https://longbeach.gov/police/news/lbpd-blotter-jan-5-2026/,https://longbeach.gov/news-archive/?cid=6697,linked-from-official-page,not-tested
162:0643000,Long Beach,CA,450469,2025,incorporated-place,channels-found,514.65,incident-log,https://longbeach.gov/police/news/lbpd-blotter-jan-4-2026/,https://longbeach.gov/news-archive/?cid=6697,linked-from-official-page,not-tested
162:0643000,Long Beach,CA,450469,2025,incorporated-place,channels-found,514.65,incident-log,https://longbeach.gov/police/news/lbpd-blotter-jan-3-2026/,https://longbeach.gov/news-archive/?cid=6697,linked-from-official-page,not-tested
162:0643000,Long Beach,CA,450469,2025,incorporated-place,channels-found,514.65,incident-log,https://longbeach.gov/police/news/lbpd-blotter-jan-2-2026/,https://longbeach.gov/news-archive/?cid=6697,linked-from-official-page,not-tested
162:0643000,Long Beach,CA,450469,2025,incorporated-place,channels-found,514.65,incident-log,https://longbeach.gov/police/news/lbpd-blotter-jan-1-2026/,https://longbeach.gov/news-archive/?cid=6697,linked-from-official-page,not-tested
162:0643000,Long Beach,CA,450469,2025,incorporated-place,channels-found,514.65,incident-log,https://longbeach.gov/police/news/lbpd-blotter-dec-31-2025/,https://longbeach.gov/news-archive/?cid=6697,linked-from-official-page,not-tested
162:0643000,Long Beach,CA,450469,2025,incorporated-place,channels-found,514.65,incident-log,https://longbeach.gov/police/news/lbpd-blotter-dec-30-2025/,https://longbeach.gov/news-archive/?cid=6697,linked-from-official-page,not-tested
162:0643000,Long Beach,CA,450469,2025,incorporated-place,channels-found,514.65,incident-log,https://longbeach.gov/police/news/lbpd-blotter-dec-29-20252/,https://longbeach.gov/news-archive/?cid=6697,linked-from-official-page,not-tested
162:0643000,Long Beach,CA,450469,2025,incorporated-place,channels-found,514.65,incident-log,https://longbeach.gov/police/news/lbpd-blotter-dec-28-2025/,https://longbeach.gov/news-archive/?cid=6697,linked-from-official-page,not-tested
162:0643000,Long Beach,CA,450469,2025,incorporated-place,channels-found,514.65,incident-log,https://longbeach.gov/police/news/lbpd-blotter-dec-27-2025/,https://longbeach.gov/news-archive/?cid=6697,linked-from-official-page,not-tested
162:0643000,Long Beach,CA,450469,2025,incorporated-place,channels-found,514.65,incident-log,https://longbeach.gov/police/news/lbpd-blotter-dec-26-2025/,https://longbeach.gov/news-archive/?cid=6697,linked-from-official-page,not-tested
162:0643000,Long Beach,CA,450469,2025,incorporated-place,channels-found,514.65,incident-log,https://longbeach.gov/police/news/lbpd-blotter-dec-25-2025/,https://longbeach.gov/news-archive/?cid=6697,linked-from-official-page,not-tested
162:0643000,Long Beach,CA,450469,2025,incorporated-place,channels-found,514.65,incident-log,https://longbeach.gov/police/news/lbpd-blotter-dec-24-2025/,https://longbeach.gov/news-archive/?cid=6697,linked-from-official-page,not-tested
162:0643000,Long Beach,CA,450469,2025,incorporated-place,channels-found,514.65,incident-log,https://longbeach.gov/police/news/lbpd-blotter-dec-23-2025/,https://longbeach.gov/news-archive/?cid=6697,linked-from-official-page,not-tested
162:0643000,Long Beach,CA,450469,2025,incorporated-place,channels-found,514.65,incident-log,https://longbeach.gov/police/news/lbpd-blotter-dec-22-2025/,https://longbeach.gov/news-archive/?cid=6697,linked-from-official-page,not-tested
162:0643000,Long Beach,CA,450469,2025,incorporated-place,channels-found,514.65,incident-log,https://longbeach.gov/police/news/lbpd-blotter-dec-21-2025/,https://longbeach.gov/news-archive/?cid=6697,linked-from-official-page,not-tested
162:0643000,Long Beach,CA,450469,2025,incorporated-place,channels-found,514.65,incident-log,https://longbeach.gov/police/news/lbpd-blotter-dec-20-2025/,https://longbeach.gov/news-archive/?cid=6697,linked-from-official-page,not-tested
162:0643000,Long Beach,CA,450469,2025,incorporated-place,channels-found,514.65,incident-log,https://longbeach.gov/police/news/lbpd-blotter-dec-19-2025/,https://longbeach.gov/news-archive/?cid=6697,linked-from-official-page,not-tested
162:0643000,Long Beach,CA,450469,2025,incorporated-place,channels-found,514.65,incident-log,https://longbeach.gov/police/news/lbpd-blotter-dec-18-2025/,https://longbeach.gov/news-archive/?cid=6697,linked-from-official-page,not-tested
162:0643000,Long Beach,CA,450469,2025,incorporated-place,channels-found,514.65,incident-log,https://longbeach.gov/police/news/lbpd-blotter-dec-17-2025/,https://longbeach.gov/news-archive/?cid=6697,linked-from-official-page,not-tested
162:0643000,Long Beach,CA,450469,2025,incorporated-place,channels-found,514.65,incident-log,https://longbeach.gov/police/news/lbpd-blotter-dec-16-2025/,https://longbeach.gov/news-archive/?cid=6697,linked-from-official-page,not-tested
162:0643000,Long Beach,CA,450469,2025,incorporated-place,channels-found,514.65,incident-log,https://longbeach.gov/police/news/lbpd-blotter-dec-15-2025/,https://longbeach.gov/news-archive/?cid=6697,linked-from-official-page,not-tested
162:0643000,Long Beach,CA,450469,2025,incorporated-place,channels-found,514.65,incident-log,https://longbeach.gov/police/news/lbpd-blotter-dec-14-2025/,https://longbeach.gov/news-archive/?cid=6697,linked-from-official-page,not-tested
162:0643000,Long Beach,CA,450469,2025,incorporated-place,channels-found,514.65,incident-log,https://longbeach.gov/police/news/lbpd-blotter-dec-13-2025/,https://longbeach.gov/news-archive/?cid=6697,linked-from-official-page,not-tested
162:0643000,Long Beach,CA,450469,2025,incorporated-place,channels-found,514.65,incident-log,https://longbeach.gov/police/news/lbpd-blotter-dec-12-2025/,https://longbeach.gov/news-archive/?cid=6697,linked-from-official-page,not-tested
162:0643000,Long Beach,CA,450469,2025,incorporated-place,channels-found,514.65,incident-log,https://longbeach.gov/police/news/lbpd-blotter-dec-11-20252/,https://longbeach.gov/news-archive/?cid=6697,linked-from-official-page,not-tested
162:0643000,Long Beach,CA,450469,2025,incorporated-place,channels-found,514.65,incident-log,https://longbeach.gov/police/news/lbpd-blotter-dec-10-2025/,https://longbeach.gov/news-archive/?cid=6697,linked-from-official-page,not-tested
162:0643000,Long Beach,CA,450469,2025,incorporated-place,channels-found,514.65,incident-log,https://longbeach.gov/police/news/lbpd-blotter-dec-9-20252/,https://longbeach.gov/news-archive/?cid=6697,linked-from-official-page,not-tested
162:0643000,Long Beach,CA,450469,2025,incorporated-place,channels-found,514.65,incident-log,https://longbeach.gov/police/news/lbpd-blotter-dec-8-2025/,https://longbeach.gov/news-archive/?cid=6697,linked-from-official-page,not-tested
162:0643000,Long Beach,CA,450469,2025,incorporated-place,channels-found,514.65,incident-log,https://longbeach.gov/police/news/lbpd-blotter-dec-7-2025/,https://longbeach.gov/news-archive/?cid=6697,linked-from-official-page,not-tested
162:0643000,Long Beach,CA,450469,2025,incorporated-place,channels-found,514.65,incident-log,https://longbeach.gov/police/news/lbpd-blotter-dec-6-2025/,https://longbeach.gov/news-archive/?cid=6697,linked-from-official-page,not-tested
162:0643000,Long Beach,CA,450469,2025,incorporated-place,channels-found,514.65,incident-log,https://longbeach.gov/police/news/lbpd-blotter-dec-5-2025/,https://longbeach.gov/news-archive/?cid=6697,linked-from-official-page,not-tested
162:0643000,Long Beach,CA,450469,2025,incorporated-place,channels-found,514.65,incident-log,https://longbeach.gov/police/news/lbpd-blotter-dec-4-2025/,https://longbeach.gov/news-archive/?cid=6697,linked-from-official-page,not-tested
162:0643000,Long Beach,CA,450469,2025,incorporated-place,channels-found,514.65,incident-log,https://longbeach.gov/police/news/lbpd-blotter-dec-3-2025/,https://longbeach.gov/news-archive/?cid=6697,linked-from-official-page,not-tested
162:0643000,Long Beach,CA,450469,2025,incorporated-place,channels-found,514.65,incident-log,https://longbeach.gov/police/news/lbpd-blotter-dec-2-2025/,https://longbeach.gov/news-archive/?cid=6697,linked-from-official-page,not-tested
162:0643000,Long Beach,CA,450469,2025,incorporated-place,channels-found,514.65,incident-log,https://longbeach.gov/police/news/lbpd-blotter-dec-1-2025/,https://longbeach.gov/news-archive/?cid=6697,linked-from-official-page,not-tested
162:0643000,Long Beach,CA,450469,2025,incorporated-place,channels-found,514.65,incident-log,https://longbeach.gov/police/news/lbpd-blotter-nov-30-2025/,https://longbeach.gov/news-archive/?cid=6697,linked-from-official-page,not-tested
162:0643000,Long Beach,CA,450469,2025,incorporated-place,channels-found,514.65,incident-log,https://longbeach.gov/police/news/lbpd-blotter-nov-29-2025/,https://longbeach.gov/news-archive/?cid=6697,linked-from-official-page,not-tested
162:0643000,Long Beach,CA,450469,2025,incorporated-place,channels-found,514.65,incident-log,https://longbeach.gov/police/news/lbpd-blotter-nov-28-2025/,https://longbeach.gov/news-archive/?cid=6697,linked-from-official-page,not-tested
162:0643000,Long Beach,CA,450469,2025,incorporated-place,channels-found,514.65,incident-log,https://longbeach.gov/police/news/lbpd-blotter-nov-27-2025/,https://longbeach.gov/news-archive/?cid=6697,linked-from-official-page,not-tested
162:0643000,Long Beach,CA,450469,2025,incorporated-place,channels-found,514.65,incident-log,https://longbeach.gov/police/news/lbpd-blotter-nov-26-2025/,https://longbeach.gov/news-archive/?cid=6697,linked-from-official-page,not-tested
162:0643000,Long Beach,CA,450469,2025,incorporated-place,channels-found,514.65,incident-log,https://longbeach.gov/police/news/lbpd-blotter-nov-25-2025/,https://longbeach.gov/news-archive/?cid=6697,linked-from-official-page,not-tested
162:0643000,Long Beach,CA,450469,2025,incorporated-place,channels-found,514.65,incident-log,https://longbeach.gov/police/news/lbpd-blotter-nov-24-2025/,https://longbeach.gov/news-archive/?cid=6697,linked-from-official-page,not-tested
162:0643000,Long Beach,CA,450469,2025,incorporated-place,channels-found,514.65,incident-log,https://longbeach.gov/police/news/lbpd-blotter-nov-23-2025/,https://longbeach.gov/news-archive/?cid=6697,linked-from-official-page,not-tested
162:0643000,Long Beach,CA,450469,2025,incorporated-place,channels-found,514.65,incident-log,https://longbeach.gov/police/news/lbpd-blotter-nov-22-2025/,https://longbeach.gov/news-archive/?cid=6697,linked-from-official-page,not-tested
162:0643000,Long Beach,CA,450469,2025,incorporated-place,channels-found,514.65,incident-log,https://longbeach.gov/police/news/lbpd-blotter-nov-21-2025/,https://longbeach.gov/news-archive/?cid=6697,linked-from-official-page,not-tested
162:0643000,Long Beach,CA,450469,2025,incorporated-place,channels-found,514.65,incident-log,https://longbeach.gov/police/news/lbpd-blotter-nov-20-2025/,https://longbeach.gov/news-archive/?cid=6697,linked-from-official-page,not-tested
162:0643000,Long Beach,CA,450469,2025,incorporated-place,channels-found,514.65,incident-log,https://longbeach.gov/police/news/lbpd-blotter-nov-19-2025/,https://longbeach.gov/news-archive/?cid=6697,linked-from-official-page,not-tested
162:0643000,Long Beach,CA,450469,2025,incorporated-place,channels-found,514.65,incident-log,https://longbeach.gov/police/news/lbpd-blotter-nov-18-2025/,https://longbeach.gov/news-archive/?cid=6697,linked-from-official-page,not-tested
162:0643000,Long Beach,CA,450469,2025,incorporated-place,channels-found,514.65,incident-log,https://longbeach.gov/police/news/lbpd-blotter-nov-17-2025/,https://longbeach.gov/news-archive/?cid=6697,linked-from-official-page,not-tested
162:0643000,Long Beach,CA,450469,2025,incorporated-place,channels-found,514.65,incident-log,https://longbeach.gov/police/news/lbpd-blotter-nov-16-2025/,https://longbeach.gov/news-archive/?cid=6697,linked-from-official-page,not-tested
162:0643000,Long Beach,CA,450469,2025,incorporated-place,channels-found,514.65,incident-log,https://longbeach.gov/police/news/lbpd-blotter-nov-15-2025/,https://longbeach.gov/news-archive/?cid=6697,linked-from-official-page,not-tested
162:0643000,Long Beach,CA,450469,2025,incorporated-place,channels-found,514.65,incident-log,https://longbeach.gov/police/news/lbpd-blotter-nov-14-2025/,https://longbeach.gov/news-archive/?cid=6697,linked-from-official-page,not-tested
162:0643000,Long Beach,CA,450469,2025,incorporated-place,channels-found,514.65,incident-log,https://longbeach.gov/police/news/lbpd-blotter-nov-13-2025/,https://longbeach.gov/news-archive/?cid=6697,linked-from-official-page,not-tested
162:0643000,Long Beach,CA,450469,2025,incorporated-place,channels-found,514.65,incident-log,https://longbeach.gov/police/news/lbpd-blotter-nov-12-2025/,https://longbeach.gov/news-archive/?cid=6697,linked-from-official-page,not-tested
162:0643000,Long Beach,CA,450469,2025,incorporated-place,channels-found,514.65,incident-log,https://longbeach.gov/police/news/lbpd-blotter-nov-11-2025/,https://longbeach.gov/news-archive/?cid=6697,linked-from-official-page,not-tested
162:0643000,Long Beach,CA,450469,2025,incorporated-place,channels-found,514.65,incident-log,https://longbeach.gov/police/news/lbpd-blotter-nov-10-2025/,https://longbeach.gov/news-archive/?cid=6697,linked-from-official-page,not-tested
162:0643000,Long Beach,CA,450469,2025,incorporated-place,channels-found,514.65,incident-log,https://longbeach.gov/police/news/lbpd-blotter-nov-9-2025/,https://longbeach.gov/news-archive/?cid=6697,linked-from-official-page,not-tested
162:0643000,Long Beach,CA,450469,2025,incorporated-place,channels-found,514.65,incident-log,https://longbeach.gov/police/news/lbpd-blotter-nov-8-2025/,https://longbeach.gov/news-archive/?cid=6697,linked-from-official-page,not-tested
162:0643000,Long Beach,CA,450469,2025,incorporated-place,channels-found,514.65,incident-log,https://longbeach.gov/police/news/lbpd-blotter-nov-7-2025/,https://longbeach.gov/news-archive/?cid=6697,linked-from-official-page,not-tested
162:0643000,Long Beach,CA,450469,2025,incorporated-place,channels-found,514.65,incident-log,https://longbeach.gov/police/news/lbpd-blotter-nov-6-2025/,https://longbeach.gov/news-archive/?cid=6697,linked-from-official-page,not-tested
162:0643000,Long Beach,CA,450469,2025,incorporated-place,channels-found,514.65,incident-log,https://longbeach.gov/police/news/lbpd-blotter-nov-5-2025/,https://longbeach.gov/news-archive/?cid=6697,linked-from-official-page,not-tested
162:0643000,Long Beach,CA,450469,2025,incorporated-place,channels-found,514.65,incident-log,https://longbeach.gov/police/news/lbpd-blotter-nov-4-2025/,https://longbeach.gov/news-archive/?cid=6697,linked-from-official-page,not-tested
162:0643000,Long Beach,CA,450469,2025,incorporated-place,channels-found,514.65,incident-log,https://longbeach.gov/police/news/lbpd-blotter-nov-3-2025/,https://longbeach.gov/news-archive/?cid=6697,linked-from-official-page,not-tested
162:0643000,Long Beach,CA,450469,2025,incorporated-place,channels-found,514.65,incident-log,https://longbeach.gov/police/news/lbpd-blotter-nov-2-2025/,https://longbeach.gov/news-archive/?cid=6697,linked-from-official-page,not-tested
162:0643000,Long Beach,CA,450469,2025,incorporated-place,channels-found,514.65,incident-log,https://longbeach.gov/police/news/lbpd-blotter-nov-1-2025/,https://longbeach.gov/news-archive/?cid=6697,linked-from-official-page,not-tested
162:0643000,Long Beach,CA,450469,2025,incorporated-place,channels-found,514.65,incident-log,https://longbeach.gov/police/news/lbpd-blotter-october-31-2025/,https://longbeach.gov/news-archive/?cid=6697,linked-from-official-page,not-tested
162:0643000,Long Beach,CA,450469,2025,incorporated-place,channels-found,514.65,incident-log,https://longbeach.gov/police/news/lbpd-blotter-october-30-2025/,https://longbeach.gov/news-archive/?cid=6697,linked-from-official-page,not-tested
162:0643000,Long Beach,CA,450469,2025,incorporated-place,channels-found,514.65,incident-log,https://longbeach.gov/police/news/lbpd-blotter-october-29-2025/,https://longbeach.gov/news-archive/?cid=6697,linked-from-official-page,not-tested
162:0643000,Long Beach,CA,450469,2025,incorporated-place,channels-found,514.65,incident-log,https://longbeach.gov/police/news/lbpd-blotter-october-28-2025/,https://longbeach.gov/news-archive/?cid=6697,linked-from-official-page,not-tested
162:0643000,Long Beach,CA,450469,2025,incorporated-place,channels-found,514.65,incident-log,https://longbeach.gov/police/news/lbpd-blotter-october-27-2025/,https://longbeach.gov/news-archive/?cid=6697,linked-from-official-page,not-tested
162:0643000,Long Beach,CA,450469,2025,incorporated-place,channels-found,514.65,incident-log,https://longbeach.gov/police/news/lbpd-blotter-oct-26-2025/,https://longbeach.gov/news-archive/?cid=6697,linked-from-official-page,not-tested
162:0643000,Long Beach,CA,450469,2025,incorporated-place,channels-found,514.65,incident-log,https://longbeach.gov/police/news/lbpd-blotter-oct-25-2025/,https://longbeach.gov/news-archive/?cid=6697,linked-from-official-page,not-tested
162:0643000,Long Beach,CA,450469,2025,incorporated-place,channels-found,514.65,incident-log,https://longbeach.gov/police/news/lbpd-blotter-october-24-2025/,https://longbeach.gov/news-archive/?cid=6697,linked-from-official-page,not-tested
162:0643000,Long Beach,CA,450469,2025,incorporated-place,channels-found,514.65,incident-log,https://longbeach.gov/police/news/lbpd-blotter-october-23-2025/,https://longbeach.gov/news-archive/?cid=6697,linked-from-official-page,not-tested
162:0643000,Long Beach,CA,450469,2025,incorporated-place,channels-found,514.65,incident-log,https://longbeach.gov/police/news/lbpd-blotter-october-22-2025/,https://longbeach.gov/news-archive/?cid=6697,linked-from-official-page,not-tested
162:0643000,Long Beach,CA,450469,2025,incorporated-place,channels-found,514.65,incident-log,https://longbeach.gov/police/news/lbpd-blotter-october-21-2025/,https://longbeach.gov/news-archive/?cid=6697,linked-from-official-page,not-tested
162:0643000,Long Beach,CA,450469,2025,incorporated-place,channels-found,514.65,incident-log,https://longbeach.gov/police/news/lbpd-blotter-october-20-2025/,https://longbeach.gov/news-archive/?cid=6697,linked-from-official-page,not-tested
162:0643000,Long Beach,CA,450469,2025,incorporated-place,channels-found,514.65,incident-log,https://longbeach.gov/police/news/lbpd-blotter-october-19-2025/,https://longbeach.gov/news-archive/?cid=6697,linked-from-official-page,not-tested
162:0643000,Long Beach,CA,450469,2025,incorporated-place,channels-found,514.65,incident-log,https://longbeach.gov/police/news/lbpd-blotter-october-18-2025/,https://longbeach.gov/news-archive/?cid=6697,linked-from-official-page,not-tested
162:0643000,Long Beach,CA,450469,2025,incorporated-place,channels-found,514.65,incident-log,https://longbeach.gov/police/news/lbpd-blotter---oct-17-2025/,https://longbeach.gov/news-archive/?cid=6697,linked-from-official-page,not-tested
162:0643000,Long Beach,CA,450469,2025,incorporated-place,channels-found,514.65,incident-log,https://longbeach.gov/police/news/lbpd-blotter-october-16-2025/,https://longbeach.gov/news-archive/?cid=6697,linked-from-official-page,not-tested
162:0643000,Long Beach,CA,450469,2025,incorporated-place,channels-found,514.65,incident-log,https://longbeach.gov/police/news/lbpd-blotter-october-15-2025/,https://longbeach.gov/news-archive/?cid=6697,linked-from-official-page,not-tested
162:0643000,Long Beach,CA,450469,2025,incorporated-place,channels-found,514.65,incident-log,https://longbeach.gov/police/news/lbpd-blotter-october-14-2025/,https://longbeach.gov/news-archive/?cid=6697,linked-from-official-page,not-tested
162:0643000,Long Beach,CA,450469,2025,incorporated-place,channels-found,514.65,incident-log,https://longbeach.gov/police/news/lbpd-blotter-october-13-2025/,https://longbeach.gov/news-archive/?cid=6697,linked-from-official-page,not-tested
162:0643000,Long Beach,CA,450469,2025,incorporated-place,channels-found,514.65,incident-log,https://longbeach.gov/police/news/lbpd-blotter-october-12-2025/,https://longbeach.gov/news-archive/?cid=6697,linked-from-official-page,not-tested
162:0643000,Long Beach,CA,450469,2025,incorporated-place,channels-found,514.65,incident-log,https://longbeach.gov/police/news/lbpd-blotter-october-11-2025/,https://longbeach.gov/news-archive/?cid=6697,linked-from-official-page,not-tested
162:0643000,Long Beach,CA,450469,2025,incorporated-place,channels-found,514.65,incident-log,https://longbeach.gov/police/news/lbpd-blotter-october-10-2025/,https://longbeach.gov/news-archive/?cid=6697,linked-from-official-page,not-tested
162:0643000,Long Beach,CA,450469,2025,incorporated-place,channels-found,514.65,incident-log,https://longbeach.gov/police/news/lbpd-blotter-october-9-2025/,https://longbeach.gov/news-archive/?cid=6697,linked-from-official-page,not-tested
162:0643000,Long Beach,CA,450469,2025,incorporated-place,channels-found,514.65,incident-log,https://longbeach.gov/police/news/lbpd-blotter-october-8-2025/,https://longbeach.gov/news-archive/?cid=6697,linked-from-official-page,not-tested
162:0643000,Long Beach,CA,450469,2025,incorporated-place,channels-found,514.65,incident-log,https://longbeach.gov/police/news/lbpd-blotter-october-7-2025/,https://longbeach.gov/news-archive/?cid=6697,linked-from-official-page,not-tested
162:0643000,Long Beach,CA,450469,2025,incorporated-place,channels-found,514.65,incident-log,https://longbeach.gov/police/news/lbpd-blotter-october-6-2025/,https://longbeach.gov/news-archive/?cid=6697,linked-from-official-page,not-tested
162:0643000,Long Beach,CA,450469,2025,incorporated-place,channels-found,514.65,incident-log,https://longbeach.gov/police/news/lbpd-blotter-october-5-2025/,https://longbeach.gov/news-archive/?cid=6697,linked-from-official-page,not-tested
162:0643000,Long Beach,CA,450469,2025,incorporated-place,channels-found,514.65,incident-log,https://longbeach.gov/police/news/lbpd-blotter-october-4-2025/,https://longbeach.gov/news-archive/?cid=6697,linked-from-official-page,not-tested
162:0643000,Long Beach,CA,450469,2025,incorporated-place,channels-found,514.65,incident-log,https://longbeach.gov/police/news/lbpd-blotter-october-3-2025/,https://longbeach.gov/news-archive/?cid=6697,linked-from-official-page,not-tested
162:0643000,Long Beach,CA,450469,2025,incorporated-place,channels-found,514.65,incident-log,https://longbeach.gov/police/news/lbpd-blotter-october-2-2025/,https://longbeach.gov/news-archive/?cid=6697,linked-from-official-page,not-tested
162:0643000,Long Beach,CA,450469,2025,incorporated-place,channels-found,514.65,incident-log,https://longbeach.gov/police/news/lbpd-blotter-october-1-2025/,https://longbeach.gov/news-archive/?cid=6697,linked-from-official-page,not-tested
162:0643000,Long Beach,CA,450469,2025,incorporated-place,channels-found,514.65,incident-log,https://longbeach.gov/police/news/lbpd-blotter-september-30-2025/,https://longbeach.gov/news-archive/?cid=6697,linked-from-official-page,not-tested
162:0643000,Long Beach,CA,450469,2025,incorporated-place,channels-found,514.65,incident-log,https://longbeach.gov/police/news/lbpd-blotter-september-29-2025/,https://longbeach.gov/news-archive/?cid=6697,linked-from-official-page,not-tested
162:0643000,Long Beach,CA,450469,2025,incorporated-place,channels-found,514.65,incident-log,https://longbeach.gov/police/news/lbpd-blotter-september-28-20252/,https://longbeach.gov/news-archive/?cid=6697,linked-from-official-page,not-tested
162:0643000,Long Beach,CA,450469,2025,incorporated-place,channels-found,514.65,incident-log,https://longbeach.gov/police/news/lbpd-blotter-september-27-2025/,https://longbeach.gov/news-archive/?cid=6697,linked-from-official-page,not-tested
162:0643000,Long Beach,CA,450469,2025,incorporated-place,channels-found,514.65,incident-log,https://longbeach.gov/police/news/lbpd-blotter-september-26-2025/,https://longbeach.gov/news-archive/?cid=6697,linked-from-official-page,not-tested
162:0643000,Long Beach,CA,450469,2025,incorporated-place,channels-found,514.65,incident-log,https://longbeach.gov/police/news/lbpd-blotter-september-25-2025/,https://longbeach.gov/news-archive/?cid=6697,linked-from-official-page,not-tested
162:0643000,Long Beach,CA,450469,2025,incorporated-place,channels-found,514.65,incident-log,https://longbeach.gov/police/news/lbpd-blotter-september-24-2025/,https://longbeach.gov/news-archive/?cid=6697,linked-from-official-page,not-tested
162:0643000,Long Beach,CA,450469,2025,incorporated-place,channels-found,514.65,incident-log,https://longbeach.gov/police/news/lbpd-blotter-sept.-23-2025/,https://longbeach.gov/news-archive/?cid=6697,linked-from-official-page,not-tested
162:0643000,Long Beach,CA,450469,2025,incorporated-place,channels-found,514.65,incident-log,https://longbeach.gov/police/news/lbpd-blotter-september-22-2025/,https://longbeach.gov/news-archive/?cid=6697,linked-from-official-page,not-tested
162:0643000,Long Beach,CA,450469,2025,incorporated-place,channels-found,514.65,incident-log,https://longbeach.gov/police/news/lbpd-blotter-september-20-2025/,https://longbeach.gov/news-archive/?cid=6697,linked-from-official-page,not-tested
162:0643000,Long Beach,CA,450469,2025,incorporated-place,channels-found,514.65,incident-log,https://longbeach.gov/police/news/lbpd-blotter-september-19-2025/,https://longbeach.gov/news-archive/?cid=6697,linked-from-official-page,not-tested
162:0643000,Long Beach,CA,450469,2025,incorporated-place,channels-found,514.65,incident-log,https://longbeach.gov/police/news/lbpd-blotter-september-18-2025/,https://longbeach.gov/news-archive/?cid=6697,linked-from-official-page,not-tested
162:0643000,Long Beach,CA,450469,2025,incorporated-place,channels-found,514.65,incident-log,https://longbeach.gov/police/news/lbpd-blotter-september-17-2025/,https://longbeach.gov/news-archive/?cid=6697,linked-from-official-page,not-tested
162:0643000,Long Beach,CA,450469,2025,incorporated-place,channels-found,514.65,incident-log,https://longbeach.gov/police/news/lbpd-blotter-september-16-2025/,https://longbeach.gov/news-archive/?cid=6697,linked-from-official-page,not-tested
162:0643000,Long Beach,CA,450469,2025,incorporated-place,channels-found,514.65,incident-log,https://longbeach.gov/police/news/lbpd-blotter-september-15-2025/,https://longbeach.gov/news-archive/?cid=6697,linked-from-official-page,not-tested
162:0643000,Long Beach,CA,450469,2025,incorporated-place,channels-found,514.65,incident-log,https://longbeach.gov/police/news/lbpd-blotter-september-14-2025/,https://longbeach.gov/news-archive/?cid=6697,linked-from-official-page,not-tested
162:0643000,Long Beach,CA,450469,2025,incorporated-place,channels-found,514.65,incident-log,https://longbeach.gov/police/news/lbpd-blotter-september-13-2025/,https://longbeach.gov/news-archive/?cid=6697,linked-from-official-page,not-tested
162:0643000,Long Beach,CA,450469,2025,incorporated-place,channels-found,514.65,incident-log,https://longbeach.gov/police/news/lbpd-blotter-september-12-2025/,https://longbeach.gov/news-archive/?cid=6697,linked-from-official-page,not-tested
162:0643000,Long Beach,CA,450469,2025,incorporated-place,channels-found,514.65,incident-log,https://longbeach.gov/police/news/lbpd-blotter-september-11-2025/,https://longbeach.gov/news-archive/?cid=6697,linked-from-official-page,not-tested
162:0643000,Long Beach,CA,450469,2025,incorporated-place,channels-found,514.65,incident-log,https://longbeach.gov/police/news/lbpd-blotter-september-10-2025/,https://longbeach.gov/news-archive/?cid=6697,linked-from-official-page,not-tested
162:0643000,Long Beach,CA,450469,2025,incorporated-place,channels-found,514.65,incident-log,https://longbeach.gov/police/news/lbpd-blotter-september-9-2025/,https://longbeach.gov/news-archive/?cid=6697,linked-from-official-page,not-tested
162:0643000,Long Beach,CA,450469,2025,incorporated-place,channels-found,514.65,incident-log,https://longbeach.gov/police/news/lbpd-blotter-september-8-2025/,https://longbeach.gov/news-archive/?cid=6697,linked-from-official-page,not-tested
162:0643000,Long Beach,CA,450469,2025,incorporated-place,channels-found,514.65,incident-log,https://longbeach.gov/police/news/lbpd-blotter-sept.-7-2025/,https://longbeach.gov/news-archive/?cid=6697,linked-from-official-page,not-tested
162:0643000,Long Beach,CA,450469,2025,incorporated-place,channels-found,514.65,incident-log,https://longbeach.gov/police/news/lbpd-blotter-september-6-2025/,https://longbeach.gov/news-archive/?cid=6697,linked-from-official-page,not-tested
162:0643000,Long Beach,CA,450469,2025,incorporated-place,channels-found,514.65,incident-log,https://longbeach.gov/police/news/lbpd-blotter-sept-5-2025/,https://longbeach.gov/news-archive/?cid=6697,linked-from-official-page,not-tested
162:0643000,Long Beach,CA,450469,2025,incorporated-place,channels-found,514.65,incident-log,https://longbeach.gov/police/news/lbpd-blotter-sept-4-2025/,https://longbeach.gov/news-archive/?cid=6697,linked-from-official-page,not-tested
162:0643000,Long Beach,CA,450469,2025,incorporated-place,channels-found,514.65,incident-log,https://longbeach.gov/police/news/lbpd-blotter-september-3-2025/,https://longbeach.gov/news-archive/?cid=6697,linked-from-official-page,not-tested
162:0643000,Long Beach,CA,450469,2025,incorporated-place,channels-found,514.65,incident-log,https://longbeach.gov/police/news/lbpd-blotter-september-2-2025/,https://longbeach.gov/news-archive/?cid=6697,linked-from-official-page,not-tested
162:0643000,Long Beach,CA,450469,2025,incorporated-place,channels-found,514.65,incident-log,https://longbeach.gov/police/news/lbpd-blotter-september-1-2025/,https://longbeach.gov/news-archive/?cid=6697,linked-from-official-page,not-tested
162:0643000,Long Beach,CA,450469,2025,incorporated-place,channels-found,514.65,incident-log,https://longbeach.gov/police/news/lbpd-blotter-august-31-2025/,https://longbeach.gov/news-archive/?cid=6697,linked-from-official-page,not-tested
162:0643000,Long Beach,CA,450469,2025,incorporated-place,channels-found,514.65,incident-log,https://longbeach.gov/police/news/lbpd-blotter-august-30-2025/,https://longbeach.gov/news-archive/?cid=6697,linked-from-official-page,not-tested
162:0643000,Long Beach,CA,450469,2025,incorporated-place,channels-found,514.65,incident-log,https://longbeach.gov/police/news/lbpd-blotter-august-29-2025/,https://longbeach.gov/news-archive/?cid=6697,linked-from-official-page,not-tested
162:0643000,Long Beach,CA,450469,2025,incorporated-place,channels-found,514.65,incident-log,https://longbeach.gov/police/news/lbpd-blotter-august-28-2025/,https://longbeach.gov/news-archive/?cid=6697,linked-from-official-page,not-tested
162:0643000,Long Beach,CA,450469,2025,incorporated-place,channels-found,514.65,incident-log,https://longbeach.gov/police/news/lbpd-blotter-august-27-2025/,https://longbeach.gov/news-archive/?cid=6697,linked-from-official-page,not-tested
162:0643000,Long Beach,CA,450469,2025,incorporated-place,channels-found,514.65,incident-log,https://longbeach.gov/police/news/lbpd-blotter-august-26-2025/,https://longbeach.gov/news-archive/?cid=6697,linked-from-official-page,not-tested
162:0643000,Long Beach,CA,450469,2025,incorporated-place,channels-found,514.65,incident-log,https://longbeach.gov/police/news/lbpd-blotter-august-25-2025/,https://longbeach.gov/news-archive/?cid=6697,linked-from-official-page,not-tested
162:0643000,Long Beach,CA,450469,2025,incorporated-place,channels-found,514.65,incident-log,https://longbeach.gov/police/news/lbpd-blotter-august-24-2025/,https://longbeach.gov/news-archive/?cid=6697,linked-from-official-page,not-tested
162:0643000,Long Beach,CA,450469,2025,incorporated-place,channels-found,514.65,incident-log,https://longbeach.gov/police/news/lbpd-blotter-august-23-2025/,https://longbeach.gov/news-archive/?cid=6697,linked-from-official-page,not-tested
162:0643000,Long Beach,CA,450469,2025,incorporated-place,channels-found,514.65,incident-log,https://longbeach.gov/police/news/lbpd-blotter-august-22-2025/,https://longbeach.gov/news-archive/?cid=6697,linked-from-official-page,not-tested
162:0643000,Long Beach,CA,450469,2025,incorporated-place,channels-found,514.65,incident-log,https://longbeach.gov/police/news/lbpd-blotter-august-21-2025/,https://longbeach.gov/news-archive/?cid=6697,linked-from-official-page,not-tested
162:0643000,Long Beach,CA,450469,2025,incorporated-place,channels-found,514.65,incident-log,https://longbeach.gov/police/news/lbpd-blotter-august-20-2025/,https://longbeach.gov/news-archive/?cid=6697,linked-from-official-page,not-tested
162:0643000,Long Beach,CA,450469,2025,incorporated-place,channels-found,514.65,incident-log,https://longbeach.gov/police/news/lbpd-blotter-august-19-2025/,https://longbeach.gov/news-archive/?cid=6697,linked-from-official-page,not-tested
162:0643000,Long Beach,CA,450469,2025,incorporated-place,channels-found,514.65,incident-log,https://longbeach.gov/police/news/lbpd-blotter-august-18-2025/,https://longbeach.gov/news-archive/?cid=6697,linked-from-official-page,not-tested
162:0643000,Long Beach,CA,450469,2025,incorporated-place,channels-found,514.65,incident-log,https://longbeach.gov/police/news/lbpd-blotter-august-17-2025/,https://longbeach.gov/news-archive/?cid=6697,linked-from-official-page,not-tested
162:0643000,Long Beach,CA,450469,2025,incorporated-place,channels-found,514.65,incident-log,https://longbeach.gov/police/news/lbpd-blotter-august-16-2025/,https://longbeach.gov/news-archive/?cid=6697,linked-from-official-page,not-tested
162:0643000,Long Beach,CA,450469,2025,incorporated-place,channels-found,514.65,incident-log,https://longbeach.gov/police/news/lbpd-blotter-august-15-2025/,https://longbeach.gov/news-archive/?cid=6697,linked-from-official-page,not-tested
162:0643000,Long Beach,CA,450469,2025,incorporated-place,channels-found,514.65,incident-log,https://longbeach.gov/police/news/lbpd-blotter-august-14-2025/,https://longbeach.gov/news-archive/?cid=6697,linked-from-official-page,not-tested
162:0643000,Long Beach,CA,450469,2025,incorporated-place,channels-found,514.65,incident-log,https://longbeach.gov/police/news/lbpd-blotter-august-13-2025/,https://longbeach.gov/news-archive/?cid=6697,linked-from-official-page,not-tested
162:0643000,Long Beach,CA,450469,2025,incorporated-place,channels-found,514.65,incident-log,https://longbeach.gov/police/news/lbpd-blotter-august-12-2025/,https://longbeach.gov/news-archive/?cid=6697,linked-from-official-page,not-tested
162:0643000,Long Beach,CA,450469,2025,incorporated-place,channels-found,514.65,incident-log,https://longbeach.gov/police/news/lbpd-blotter-august-11-2025/,https://longbeach.gov/news-archive/?cid=6697,linked-from-official-page,not-tested
162:0643000,Long Beach,CA,450469,2025,incorporated-place,channels-found,514.65,incident-log,https://longbeach.gov/police/news/lbpd-blotter-august-10-2025/,https://longbeach.gov/news-archive/?cid=6697,linked-from-official-page,not-tested
162:0643000,Long Beach,CA,450469,2025,incorporated-place,channels-found,514.65,incident-log,https://longbeach.gov/police/news/lbpd-blotter-august-9-2025/,https://longbeach.gov/news-archive/?cid=6697,linked-from-official-page,not-tested
162:0643000,Long Beach,CA,450469,2025,incorporated-place,channels-found,514.65,incident-log,https://longbeach.gov/police/news/lbpd-blotter-august-8-2025/,https://longbeach.gov/news-archive/?cid=6697,linked-from-official-page,not-tested
162:0643000,Long Beach,CA,450469,2025,incorporated-place,channels-found,514.65,incident-log,https://longbeach.gov/police/news/lbpd-blotter-aug-3-20252/,https://longbeach.gov/news-archive/?cid=6697,linked-from-official-page,not-tested
162:0643000,Long Beach,CA,450469,2025,incorporated-place,channels-found,514.65,incident-log,https://longbeach.gov/police/news/lbpd-blotter-aug-6-2025/,https://longbeach.gov/news-archive/?cid=6697,linked-from-official-page,not-tested
162:0643000,Long Beach,CA,450469,2025,incorporated-place,channels-found,514.65,incident-log,https://longbeach.gov/police/news/lbpd-blotter-aug-5-2025/,https://longbeach.gov/news-archive/?cid=6697,linked-from-official-page,not-tested
162:0643000,Long Beach,CA,450469,2025,incorporated-place,channels-found,514.65,incident-log,https://longbeach.gov/police/news/lbpd-blotter-aug-4-2025/,https://longbeach.gov/news-archive/?cid=6697,linked-from-official-page,not-tested
162:0643000,Long Beach,CA,450469,2025,incorporated-place,channels-found,514.65,incident-log,https://longbeach.gov/police/news/lbpd-blotter-aug-3-2025/,https://longbeach.gov/news-archive/?cid=6697,linked-from-official-page,not-tested
162:0643000,Long Beach,CA,450469,2025,incorporated-place,channels-found,514.65,incident-log,https://longbeach.gov/police/news/lbpd-blotter-aug-2-2025/,https://longbeach.gov/news-archive/?cid=6697,linked-from-official-page,not-tested
162:0643000,Long Beach,CA,450469,2025,incorporated-place,channels-found,514.65,incident-log,https://longbeach.gov/police/news/lbpd-blotter-aug-1-2025/,https://longbeach.gov/news-archive/?cid=6697,linked-from-official-page,not-tested
162:0643000,Long Beach,CA,450469,2025,incorporated-place,channels-found,514.65,incident-log,https://longbeach.gov/police/news/lbpd-blotter-july-31-2025/,https://longbeach.gov/news-archive/?cid=6697,linked-from-official-page,not-tested
162:0643000,Long Beach,CA,450469,2025,incorporated-place,channels-found,514.65,incident-log,https://longbeach.gov/police/news/lbpd-blotter-july-30-2025/,https://longbeach.gov/news-archive/?cid=6697,linked-from-official-page,not-tested
162:0643000,Long Beach,CA,450469,2025,incorporated-place,channels-found,514.65,incident-log,https://longbeach.gov/police/news/lbpd-blotter-july-29-2025/,https://longbeach.gov/news-archive/?cid=6697,linked-from-official-page,not-tested
162:0643000,Long Beach,CA,450469,2025,incorporated-place,channels-found,514.65,incident-log,https://longbeach.gov/police/news/lbpd-blotter-july-28-2025/,https://longbeach.gov/news-archive/?cid=6697,linked-from-official-page,not-tested
162:0643000,Long Beach,CA,450469,2025,incorporated-place,channels-found,514.65,incident-log,https://longbeach.gov/police/news/lbpd-blotter-july-27-2025/,https://longbeach.gov/news-archive/?cid=6697,linked-from-official-page,not-tested
162:0643000,Long Beach,CA,450469,2025,incorporated-place,channels-found,514.65,incident-log,https://longbeach.gov/police/news/lbpd-blotter---july-26-2025/,https://longbeach.gov/news-archive/?cid=6697,linked-from-official-page,not-tested
162:0643000,Long Beach,CA,450469,2025,incorporated-place,channels-found,514.65,incident-log,https://longbeach.gov/police/news/lbpd-blotter---july-25-2025/,https://longbeach.gov/news-archive/?cid=6697,linked-from-official-page,not-tested
162:0643000,Long Beach,CA,450469,2025,incorporated-place,channels-found,514.65,incident-log,https://longbeach.gov/police/news/lbpd-blotter-july-24-2025/,https://longbeach.gov/news-archive/?cid=6697,linked-from-official-page,not-tested
162:0643000,Long Beach,CA,450469,2025,incorporated-place,channels-found,514.65,incident-log,https://longbeach.gov/police/news/lbpd-blotter-july-23-2025/,https://longbeach.gov/news-archive/?cid=6697,linked-from-official-page,not-tested
162:0643000,Long Beach,CA,450469,2025,incorporated-place,channels-found,514.65,incident-log,https://longbeach.gov/police/news/lbpd-blotter-july-22-2025/,https://longbeach.gov/news-archive/?cid=6697,linked-from-official-page,not-tested
162:0643000,Long Beach,CA,450469,2025,incorporated-place,channels-found,514.65,incident-log,https://longbeach.gov/police/news/lbpd-blotter-july-21-2025/,https://longbeach.gov/news-archive/?cid=6697,linked-from-official-page,not-tested
162:0643000,Long Beach,CA,450469,2025,incorporated-place,channels-found,514.65,incident-log,https://longbeach.gov/police/news/lbpd-blotter-july-20-2025/,https://longbeach.gov/news-archive/?cid=6697,linked-from-official-page,not-tested
162:0643000,Long Beach,CA,450469,2025,incorporated-place,channels-found,514.65,incident-log,https://longbeach.gov/police/news/lbpd-blotter-july-19-2025/,https://longbeach.gov/news-archive/?cid=6697,linked-from-official-page,not-tested
162:0643000,Long Beach,CA,450469,2025,incorporated-place,channels-found,514.65,incident-log,https://longbeach.gov/police/news/lbpd-blotter-july-18-2025/,https://longbeach.gov/news-archive/?cid=6697,linked-from-official-page,not-tested
162:0643000,Long Beach,CA,450469,2025,incorporated-place,channels-found,514.65,incident-log,https://longbeach.gov/police/news/lbpd-blotter-july-17-2025/,https://longbeach.gov/news-archive/?cid=6697,linked-from-official-page,not-tested
162:0643000,Long Beach,CA,450469,2025,incorporated-place,channels-found,514.65,incident-log,https://longbeach.gov/police/news/lbpd-blotter-july-16-2025/,https://longbeach.gov/news-archive/?cid=6697,linked-from-official-page,not-tested
162:0643000,Long Beach,CA,450469,2025,incorporated-place,channels-found,514.65,incident-log,https://longbeach.gov/police/news/lbpd-blotter-july-15-2025/,https://longbeach.gov/news-archive/?cid=6697,linked-from-official-page,not-tested
162:0643000,Long Beach,CA,450469,2025,incorporated-place,channels-found,514.65,incident-log,https://longbeach.gov/police/news/lbpd-blotter-july-14-2025/,https://longbeach.gov/news-archive/?cid=6697,linked-from-official-page,not-tested
162:0643000,Long Beach,CA,450469,2025,incorporated-place,channels-found,514.65,incident-log,https://longbeach.gov/police/news/lbpd-blotter-july-13-2025/,https://longbeach.gov/news-archive/?cid=6697,linked-from-official-page,not-tested
162:0643000,Long Beach,CA,450469,2025,incorporated-place,channels-found,514.65,incident-log,https://longbeach.gov/police/news/lbpd-blotter-july-12-2025/,https://longbeach.gov/news-archive/?cid=6697,linked-from-official-page,not-tested
162:0643000,Long Beach,CA,450469,2025,incorporated-place,channels-found,514.65,incident-log,https://longbeach.gov/police/news/lbpd-blotter-july-11-2025/,https://longbeach.gov/news-archive/?cid=6697,linked-from-official-page,not-tested
162:0643000,Long Beach,CA,450469,2025,incorporated-place,channels-found,514.65,incident-log,https://longbeach.gov/police/news/lbpd-blotter-july-10-2025/,https://longbeach.gov/news-archive/?cid=6697,linked-from-official-page,not-tested
162:0643000,Long Beach,CA,450469,2025,incorporated-place,channels-found,514.65,incident-log,https://longbeach.gov/police/news/lbpd-blotter-july-9-2025/,https://longbeach.gov/news-archive/?cid=6697,linked-from-official-page,not-tested
162:0643000,Long Beach,CA,450469,2025,incorporated-place,channels-found,514.65,incident-log,https://longbeach.gov/police/news/lbpd-blotter-july-8-2025/,https://longbeach.gov/news-archive/?cid=6697,linked-from-official-page,not-tested
162:0643000,Long Beach,CA,450469,2025,incorporated-place,channels-found,514.65,incident-log,https://longbeach.gov/police/news/lbpd-blotter-july-7-2025/,https://longbeach.gov/news-archive/?cid=6697,linked-from-official-page,not-tested
162:0643000,Long Beach,CA,450469,2025,incorporated-place,channels-found,514.65,incident-log,https://longbeach.gov/police/news/lbpd-blotter-july-6-2025/,https://longbeach.gov/news-archive/?cid=6697,linked-from-official-page,not-tested
162:0643000,Long Beach,CA,450469,2025,incorporated-place,channels-found,514.65,incident-log,https://longbeach.gov/police/news/lbpd-blotter-july-5-2025/,https://longbeach.gov/news-archive/?cid=6697,linked-from-official-page,not-tested
162:0643000,Long Beach,CA,450469,2025,incorporated-place,channels-found,514.65,incident-log,https://longbeach.gov/police/news/lbpd-blotter-july-4-2025/,https://longbeach.gov/news-archive/?cid=6697,linked-from-official-page,not-tested
162:0643000,Long Beach,CA,450469,2025,incorporated-place,channels-found,514.65,incident-log,https://longbeach.gov/police/news/lbpd-blotter-july-3-2025/,https://longbeach.gov/news-archive/?cid=6697,linked-from-official-page,not-tested
162:0643000,Long Beach,CA,450469,2025,incorporated-place,channels-found,514.65,incident-log,https://longbeach.gov/police/news/lbpd-blotter-july-2-2025/,https://longbeach.gov/news-archive/?cid=6697,linked-from-official-page,not-tested
162:0643000,Long Beach,CA,450469,2025,incorporated-place,channels-found,514.65,incident-log,https://longbeach.gov/police/news/lbpd-blotter-july-1-2025/,https://longbeach.gov/news-archive/?cid=6697,linked-from-official-page,not-tested
162:0643000,Long Beach,CA,450469,2025,incorporated-place,channels-found,514.65,incident-log,https://longbeach.gov/police/news/lbpd-blotter-june-30-2025/,https://longbeach.gov/news-archive/?cid=6697,linked-from-official-page,not-tested
162:0643000,Long Beach,CA,450469,2025,incorporated-place,channels-found,514.65,incident-log,https://longbeach.gov/police/news/lbpd-blotter-june-29-2025/,https://longbeach.gov/news-archive/?cid=6697,linked-from-official-page,not-tested
162:0643000,Long Beach,CA,450469,2025,incorporated-place,channels-found,514.65,incident-log,https://longbeach.gov/police/news/lbpd-blotter-june-28-2025/,https://longbeach.gov/news-archive/?cid=6697,linked-from-official-page,not-tested
162:0643000,Long Beach,CA,450469,2025,incorporated-place,channels-found,514.65,incident-log,https://longbeach.gov/police/news/lbpd-blotter-june-27-2025/,https://longbeach.gov/news-archive/?cid=6697,linked-from-official-page,not-tested
162:0643000,Long Beach,CA,450469,2025,incorporated-place,channels-found,514.65,incident-log,https://longbeach.gov/police/news/lbpd-blotter-june-26-2025/,https://longbeach.gov/news-archive/?cid=6697,linked-from-official-page,not-tested
162:0643000,Long Beach,CA,450469,2025,incorporated-place,channels-found,514.65,incident-log,https://longbeach.gov/police/news/lbpd-blotter-june-25-2025/,https://longbeach.gov/news-archive/?cid=6697,linked-from-official-page,not-tested
162:0643000,Long Beach,CA,450469,2025,incorporated-place,channels-found,514.65,incident-log,https://longbeach.gov/police/news/lbpd-blotter-june-24-2025/,https://longbeach.gov/news-archive/?cid=6697,linked-from-official-page,not-tested
162:0643000,Long Beach,CA,450469,2025,incorporated-place,channels-found,514.65,incident-log,https://longbeach.gov/police/news/lbpd-blotter-june-23-2025/,https://longbeach.gov/news-archive/?cid=6697,linked-from-official-page,not-tested
162:0643000,Long Beach,CA,450469,2025,incorporated-place,channels-found,514.65,incident-log,https://longbeach.gov/police/news/lbpd-blotter-june-22-2025/,https://longbeach.gov/news-archive/?cid=6697,linked-from-official-page,not-tested
162:0643000,Long Beach,CA,450469,2025,incorporated-place,channels-found,514.65,incident-log,https://longbeach.gov/police/news/lbpd-blotter-june-21-2025/,https://longbeach.gov/news-archive/?cid=6697,linked-from-official-page,not-tested
162:0643000,Long Beach,CA,450469,2025,incorporated-place,channels-found,514.65,incident-log,https://longbeach.gov/police/news/lbpd-blotter-june-20-2025/,https://longbeach.gov/news-archive/?cid=6697,linked-from-official-page,not-tested
162:0643000,Long Beach,CA,450469,2025,incorporated-place,channels-found,514.65,incident-log,https://longbeach.gov/police/news/lbpd-blotter-june-19-2025/,https://longbeach.gov/news-archive/?cid=6697,linked-from-official-page,not-tested
162:0643000,Long Beach,CA,450469,2025,incorporated-place,channels-found,514.65,incident-log,https://longbeach.gov/police/news/lbpd-blotter-june-18-2025/,https://longbeach.gov/news-archive/?cid=6697,linked-from-official-page,not-tested
162:0643000,Long Beach,CA,450469,2025,incorporated-place,channels-found,514.65,incident-log,https://longbeach.gov/police/news/lbpd-blotter-june-17-2025/,https://longbeach.gov/news-archive/?cid=6697,linked-from-official-page,not-tested
162:0643000,Long Beach,CA,450469,2025,incorporated-place,channels-found,514.65,incident-log,https://longbeach.gov/police/news/lbpd-blotter-june-16-2025/,https://longbeach.gov/news-archive/?cid=6697,linked-from-official-page,not-tested
162:0643000,Long Beach,CA,450469,2025,incorporated-place,channels-found,514.65,incident-log,https://longbeach.gov/police/news/lbpd-blotter-june-15-2025/,https://longbeach.gov/news-archive/?cid=6697,linked-from-official-page,not-tested
162:0643000,Long Beach,CA,450469,2025,incorporated-place,channels-found,514.65,incident-log,https://longbeach.gov/police/news/lbpd-blotter-june-14-2025/,https://longbeach.gov/news-archive/?cid=6697,linked-from-official-page,not-tested
162:0643000,Long Beach,CA,450469,2025,incorporated-place,channels-found,514.65,incident-log,https://longbeach.gov/police/news/lbpd-blotter-june-13-2025/,https://longbeach.gov/news-archive/?cid=6697,linked-from-official-page,not-tested
162:0643000,Long Beach,CA,450469,2025,incorporated-place,channels-found,514.65,incident-log,https://longbeach.gov/police/news/lbpd-blotter-june-12-2025/,https://longbeach.gov/news-archive/?cid=6697,linked-from-official-page,not-tested
162:0643000,Long Beach,CA,450469,2025,incorporated-place,channels-found,514.65,incident-log,https://longbeach.gov/police/news/lbpd-blotter-june-11-2025/,https://longbeach.gov/news-archive/?cid=6697,linked-from-official-page,not-tested
162:0643000,Long Beach,CA,450469,2025,incorporated-place,channels-found,514.65,incident-log,https://longbeach.gov/police/news/lbpd-blotter-june-10-20252/,https://longbeach.gov/news-archive/?cid=6697,linked-from-official-page,not-tested
162:0643000,Long Beach,CA,450469,2025,incorporated-place,channels-found,514.65,incident-log,https://longbeach.gov/police/news/lbpd-blotter-june-9-2025/,https://longbeach.gov/news-archive/?cid=6697,linked-from-official-page,not-tested
162:0643000,Long Beach,CA,450469,2025,incorporated-place,channels-found,514.65,incident-log,https://longbeach.gov/police/news/lbpd-blotter-june-8-2025/,https://longbeach.gov/news-archive/?cid=6697,linked-from-official-page,not-tested
162:0643000,Long Beach,CA,450469,2025,incorporated-place,channels-found,514.65,incident-log,https://longbeach.gov/police/news/lbpd-blotter-june-7-2025/,https://longbeach.gov/news-archive/?cid=6697,linked-from-official-page,not-tested
162:0643000,Long Beach,CA,450469,2025,incorporated-place,channels-found,514.65,incident-log,https://longbeach.gov/police/news/lbpd-blotter-june-6-2025/,https://longbeach.gov/news-archive/?cid=6697,linked-from-official-page,not-tested
162:0643000,Long Beach,CA,450469,2025,incorporated-place,channels-found,514.65,incident-log,https://longbeach.gov/police/news/lbpd-blotter-june-5-2025/,https://longbeach.gov/news-archive/?cid=6697,linked-from-official-page,not-tested
162:0643000,Long Beach,CA,450469,2025,incorporated-place,channels-found,514.65,incident-log,https://longbeach.gov/police/news/lbpd-blotter-june-4-2025/,https://longbeach.gov/news-archive/?cid=6697,linked-from-official-page,not-tested
162:0643000,Long Beach,CA,450469,2025,incorporated-place,channels-found,514.65,incident-log,https://longbeach.gov/police/news/lbpd-blotter-june-3-2025/,https://longbeach.gov/news-archive/?cid=6697,linked-from-official-page,not-tested
162:0643000,Long Beach,CA,450469,2025,incorporated-place,channels-found,514.65,incident-log,https://longbeach.gov/police/news/lbpd-blotter-june-2-2025/,https://longbeach.gov/news-archive/?cid=6697,linked-from-official-page,not-tested
162:0643000,Long Beach,CA,450469,2025,incorporated-place,channels-found,514.65,incident-log,https://longbeach.gov/police/news/lbpd-blotter-june-1-2025/,https://longbeach.gov/news-archive/?cid=6697,linked-from-official-page,not-tested
162:0643000,Long Beach,CA,450469,2025,incorporated-place,channels-found,514.65,incident-log,https://longbeach.gov/police/news/lbpd-blotter-may-31-2025/,https://longbeach.gov/news-archive/?cid=6697,linked-from-official-page,not-tested
162:0643000,Long Beach,CA,450469,2025,incorporated-place,channels-found,514.65,incident-log,https://longbeach.gov/police/news/lbpd-blotter-may-30-2025/,https://longbeach.gov/news-archive/?cid=6697,linked-from-official-page,not-tested
162:0643000,Long Beach,CA,450469,2025,incorporated-place,channels-found,514.65,incident-log,https://longbeach.gov/police/news/lbpd-blotter-may-29-2025/,https://longbeach.gov/news-archive/?cid=6697,linked-from-official-page,not-tested
162:0643000,Long Beach,CA,450469,2025,incorporated-place,channels-found,514.65,incident-log,https://longbeach.gov/police/news/lbpd-blotter-may-28-2025/,https://longbeach.gov/news-archive/?cid=6697,linked-from-official-page,not-tested
162:0643000,Long Beach,CA,450469,2025,incorporated-place,channels-found,514.65,incident-log,https://longbeach.gov/police/news/lbpd-blotter-may-27-2025/,https://longbeach.gov/news-archive/?cid=6697,linked-from-official-page,not-tested
162:0643000,Long Beach,CA,450469,2025,incorporated-place,channels-found,514.65,incident-log,https://longbeach.gov/police/news/lbpd-blotter-may-26-2025/,https://longbeach.gov/news-archive/?cid=6697,linked-from-official-page,not-tested
162:0643000,Long Beach,CA,450469,2025,incorporated-place,channels-found,514.65,incident-log,https://longbeach.gov/police/news/lbpd-blotter-may-25-2025/,https://longbeach.gov/news-archive/?cid=6697,linked-from-official-page,not-tested
162:0643000,Long Beach,CA,450469,2025,incorporated-place,channels-found,514.65,incident-log,https://longbeach.gov/police/news/lbpd-blotter-may-24-2025/,https://longbeach.gov/news-archive/?cid=6697,linked-from-official-page,not-tested
162:0643000,Long Beach,CA,450469,2025,incorporated-place,channels-found,514.65,incident-log,https://longbeach.gov/police/news/lbpd-blotter-may-23-2025/,https://longbeach.gov/news-archive/?cid=6697,linked-from-official-page,not-tested
162:0643000,Long Beach,CA,450469,2025,incorporated-place,channels-found,514.65,incident-log,https://longbeach.gov/police/news/lbpd-blotter-may-22-2025/,https://longbeach.gov/news-archive/?cid=6697,linked-from-official-page,not-tested
162:0643000,Long Beach,CA,450469,2025,incorporated-place,channels-found,514.65,incident-log,https://longbeach.gov/police/news/lbpd-blotter-may-21-2025/,https://longbeach.gov/news-archive/?cid=6697,linked-from-official-page,not-tested
162:0643000,Long Beach,CA,450469,2025,incorporated-place,channels-found,514.65,incident-log,https://longbeach.gov/police/news/lbpd-blotter-may-20-2025/,https://longbeach.gov/news-archive/?cid=6697,linked-from-official-page,not-tested
162:0643000,Long Beach,CA,450469,2025,incorporated-place,channels-found,514.65,incident-log,https://longbeach.gov/police/news/lbpd-blotter-may-19-2025/,https://longbeach.gov/news-archive/?cid=6697,linked-from-official-page,not-tested
162:0643000,Long Beach,CA,450469,2025,incorporated-place,channels-found,514.65,incident-log,https://longbeach.gov/police/news/lbpd-blotter-may-18-2025/,https://longbeach.gov/news-archive/?cid=6697,linked-from-official-page,not-tested
162:0643000,Long Beach,CA,450469,2025,incorporated-place,channels-found,514.65,incident-log,https://longbeach.gov/police/news/lbpd-blotter-may-17-2025/,https://longbeach.gov/news-archive/?cid=6697,linked-from-official-page,not-tested
162:0643000,Long Beach,CA,450469,2025,incorporated-place,channels-found,514.65,incident-log,https://longbeach.gov/police/news/lbpd-blotter-may-16-2025/,https://longbeach.gov/news-archive/?cid=6697,linked-from-official-page,not-tested
162:0643000,Long Beach,CA,450469,2025,incorporated-place,channels-found,514.65,incident-log,https://longbeach.gov/police/news/lbpd-blotter-may-15-2025/,https://longbeach.gov/news-archive/?cid=6697,linked-from-official-page,not-tested
162:0643000,Long Beach,CA,450469,2025,incorporated-place,channels-found,514.65,incident-log,https://longbeach.gov/police/news/lbpd-blotter-may-14-2025/,https://longbeach.gov/news-archive/?cid=6697,linked-from-official-page,not-tested
162:0643000,Long Beach,CA,450469,2025,incorporated-place,channels-found,514.65,incident-log,https://longbeach.gov/police/news/lbpd-blotter-may-13-2025/,https://longbeach.gov/news-archive/?cid=6697,linked-from-official-page,not-tested
162:0643000,Long Beach,CA,450469,2025,incorporated-place,channels-found,514.65,incident-log,https://longbeach.gov/police/news/lbpd-blotter-may-12-2025/,https://longbeach.gov/news-archive/?cid=6697,linked-from-official-page,not-tested
162:0643000,Long Beach,CA,450469,2025,incorporated-place,channels-found,514.65,incident-log,https://longbeach.gov/police/news/lbpd-blotter-may-11-2025/,https://longbeach.gov/news-archive/?cid=6697,linked-from-official-page,not-tested
162:0643000,Long Beach,CA,450469,2025,incorporated-place,channels-found,514.65,incident-log,https://longbeach.gov/police/news/lbpd-blotter-may-10-2025/,https://longbeach.gov/news-archive/?cid=6697,linked-from-official-page,not-tested
162:0643000,Long Beach,CA,450469,2025,incorporated-place,channels-found,514.65,incident-log,https://longbeach.gov/police/news/lbpd-blotter-may-9-2025/,https://longbeach.gov/news-archive/?cid=6697,linked-from-official-page,not-tested
162:0643000,Long Beach,CA,450469,2025,incorporated-place,channels-found,514.65,incident-log,https://longbeach.gov/police/news/lbpd-blotter-may-8-2025/,https://longbeach.gov/news-archive/?cid=6697,linked-from-official-page,not-tested
162:0643000,Long Beach,CA,450469,2025,incorporated-place,channels-found,514.65,incident-log,https://longbeach.gov/police/news/lbpd-blotter-may-7-2025/,https://longbeach.gov/news-archive/?cid=6697,linked-from-official-page,not-tested
162:0643000,Long Beach,CA,450469,2025,incorporated-place,channels-found,514.65,incident-log,https://longbeach.gov/police/news/lbpd-blotter-may-6-20252/,https://longbeach.gov/news-archive/?cid=6697,linked-from-official-page,not-tested
162:0643000,Long Beach,CA,450469,2025,incorporated-place,channels-found,514.65,incident-log,https://longbeach.gov/police/news/lbpd-blotter-may-5-2025/,https://longbeach.gov/news-archive/?cid=6697,linked-from-official-page,not-tested
162:0643000,Long Beach,CA,450469,2025,incorporated-place,channels-found,514.65,incident-log,https://longbeach.gov/police/news/lbpd-blotter-may-4-2025/,https://longbeach.gov/news-archive/?cid=6697,linked-from-official-page,not-tested
162:0643000,Long Beach,CA,450469,2025,incorporated-place,channels-found,514.65,incident-log,https://longbeach.gov/police/news/lbpd-blotter-may-3-2025/,https://longbeach.gov/news-archive/?cid=6697,linked-from-official-page,not-tested
162:0643000,Long Beach,CA,450469,2025,incorporated-place,channels-found,514.65,incident-log,https://longbeach.gov/police/news/lbpd-blotter-may-2-2025/,https://longbeach.gov/news-archive/?cid=6697,linked-from-official-page,not-tested
162:0643000,Long Beach,CA,450469,2025,incorporated-place,channels-found,514.65,incident-log,https://longbeach.gov/police/news/lbpd-blotter-may-1-2025/,https://longbeach.gov/news-archive/?cid=6697,linked-from-official-page,not-tested
162:0643000,Long Beach,CA,450469,2025,incorporated-place,channels-found,514.65,incident-log,https://longbeach.gov/police/news/lbpd-blotter-april-30-2025/,https://longbeach.gov/news-archive/?cid=6697,linked-from-official-page,not-tested
162:0643000,Long Beach,CA,450469,2025,incorporated-place,channels-found,514.65,incident-log,https://longbeach.gov/police/news/lbpd-blotter-april-29-2025/,https://longbeach.gov/news-archive/?cid=6697,linked-from-official-page,not-tested
162:0643000,Long Beach,CA,450469,2025,incorporated-place,channels-found,514.65,incident-log,https://longbeach.gov/police/news/lbpd-blotter-april-28-2025/,https://longbeach.gov/news-archive/?cid=6697,linked-from-official-page,not-tested
162:0643000,Long Beach,CA,450469,2025,incorporated-place,channels-found,514.65,incident-log,https://longbeach.gov/police/news/lbpd-blotter-april-27-2025/,https://longbeach.gov/news-archive/?cid=6697,linked-from-official-page,not-tested
162:0643000,Long Beach,CA,450469,2025,incorporated-place,channels-found,514.65,incident-log,https://longbeach.gov/police/news/lbpd-blotter-april-26-2025/,https://longbeach.gov/news-archive/?cid=6697,linked-from-official-page,not-tested
162:0643000,Long Beach,CA,450469,2025,incorporated-place,channels-found,514.65,incident-log,https://longbeach.gov/police/news/lbpd-blotter-april-25-2025/,https://longbeach.gov/news-archive/?cid=6697,linked-from-official-page,not-tested
162:0643000,Long Beach,CA,450469,2025,incorporated-place,channels-found,514.65,incident-log,https://longbeach.gov/police/news/lbpd-blotter-april-24-2025/,https://longbeach.gov/news-archive/?cid=6697,linked-from-official-page,not-tested
162:0643000,Long Beach,CA,450469,2025,incorporated-place,channels-found,514.65,incident-log,https://longbeach.gov/police/news/lbpd-blotter-april-23-2025/,https://longbeach.gov/news-archive/?cid=6697,linked-from-official-page,not-tested
162:0643000,Long Beach,CA,450469,2025,incorporated-place,channels-found,514.65,incident-log,https://longbeach.gov/police/news/lbpd-blotter-april-22-2025/,https://longbeach.gov/news-archive/?cid=6697,linked-from-official-page,not-tested
162:0643000,Long Beach,CA,450469,2025,incorporated-place,channels-found,514.65,incident-log,https://longbeach.gov/police/news/lbpd-blotter-april-21-2025/,https://longbeach.gov/news-archive/?cid=6697,linked-from-official-page,not-tested
162:0643000,Long Beach,CA,450469,2025,incorporated-place,channels-found,514.65,incident-log,https://longbeach.gov/police/news/lbpd-blotter-april-20-2025/,https://longbeach.gov/news-archive/?cid=6697,linked-from-official-page,not-tested
162:0643000,Long Beach,CA,450469,2025,incorporated-place,channels-found,514.65,incident-log,https://longbeach.gov/police/news/lbpd-blotter-april-19-2025/,https://longbeach.gov/news-archive/?cid=6697,linked-from-official-page,not-tested
162:0643000,Long Beach,CA,450469,2025,incorporated-place,channels-found,514.65,incident-log,https://longbeach.gov/police/news/lbpd-blotter-april-18-2025/,https://longbeach.gov/news-archive/?cid=6697,linked-from-official-page,not-tested
162:0643000,Long Beach,CA,450469,2025,incorporated-place,channels-found,514.65,incident-log,https://longbeach.gov/police/news/lbpd-blotter-april-17-2025/,https://longbeach.gov/news-archive/?cid=6697,linked-from-official-page,not-tested
162:0643000,Long Beach,CA,450469,2025,incorporated-place,channels-found,514.65,incident-log,https://longbeach.gov/police/news/lbpd-blotter-april-16-2025/,https://longbeach.gov/news-archive/?cid=6697,linked-from-official-page,not-tested
162:0643000,Long Beach,CA,450469,2025,incorporated-place,channels-found,514.65,incident-log,https://longbeach.gov/police/news/lbpd-blotter-april-15-2025/,https://longbeach.gov/news-archive/?cid=6697,linked-from-official-page,not-tested
162:0643000,Long Beach,CA,450469,2025,incorporated-place,channels-found,514.65,incident-log,https://longbeach.gov/police/news/lbpd-blotter-april-14-2025/,https://longbeach.gov/news-archive/?cid=6697,linked-from-official-page,not-tested
162:0643000,Long Beach,CA,450469,2025,incorporated-place,channels-found,514.65,incident-log,https://longbeach.gov/police/news/lbpd-blotter-april-13-2025/,https://longbeach.gov/news-archive/?cid=6697,linked-from-official-page,not-tested
162:0643000,Long Beach,CA,450469,2025,incorporated-place,channels-found,514.65,incident-log,https://longbeach.gov/police/news/lbpd-blotter-april-12-2025/,https://longbeach.gov/news-archive/?cid=6697,linked-from-official-page,not-tested
162:0643000,Long Beach,CA,450469,2025,incorporated-place,channels-found,514.65,incident-log,https://longbeach.gov/police/news/lbpd-blotter-april-11-2025/,https://longbeach.gov/news-archive/?cid=6697,linked-from-official-page,not-tested
162:0643000,Long Beach,CA,450469,2025,incorporated-place,channels-found,514.65,incident-log,https://longbeach.gov/police/news/lbpd-blotter-april-10-2025/,https://longbeach.gov/news-archive/?cid=6697,linked-from-official-page,not-tested
162:0643000,Long Beach,CA,450469,2025,incorporated-place,channels-found,514.65,incident-log,https://longbeach.gov/police/news/lbpd-blotter-april-9-2025/,https://longbeach.gov/news-archive/?cid=6697,linked-from-official-page,not-tested
162:0643000,Long Beach,CA,450469,2025,incorporated-place,channels-found,514.65,incident-log,https://longbeach.gov/police/news/lbpd-blotter-april-8-2025/,https://longbeach.gov/news-archive/?cid=6697,linked-from-official-page,not-tested
162:0643000,Long Beach,CA,450469,2025,incorporated-place,channels-found,514.65,incident-log,https://longbeach.gov/police/news/lbpd-blotter-april-7-2025/,https://longbeach.gov/news-archive/?cid=6697,linked-from-official-page,not-tested
162:0643000,Long Beach,CA,450469,2025,incorporated-place,channels-found,514.65,incident-log,https://longbeach.gov/police/news/lbpd-blotter-april-6-2025/,https://longbeach.gov/news-archive/?cid=6697,linked-from-official-page,not-tested
162:0643000,Long Beach,CA,450469,2025,incorporated-place,channels-found,514.65,incident-log,https://longbeach.gov/police/news/lbpd-blotter-april-5-2025/,https://longbeach.gov/news-archive/?cid=6697,linked-from-official-page,not-tested
162:0643000,Long Beach,CA,450469,2025,incorporated-place,channels-found,514.65,incident-log,https://longbeach.gov/police/news/lbpd-blotter-april-4-2025/,https://longbeach.gov/news-archive/?cid=6697,linked-from-official-page,not-tested
162:0643000,Long Beach,CA,450469,2025,incorporated-place,channels-found,514.65,incident-log,https://longbeach.gov/police/news/lbpd-blotter-april-3-2025/,https://longbeach.gov/news-archive/?cid=6697,linked-from-official-page,not-tested
162:0643000,Long Beach,CA,450469,2025,incorporated-place,channels-found,514.65,incident-log,https://longbeach.gov/police/news/lbpd-blotter-april-2-2025/,https://longbeach.gov/news-archive/?cid=6697,linked-from-official-page,not-tested
162:0643000,Long Beach,CA,450469,2025,incorporated-place,channels-found,514.65,incident-log,https://longbeach.gov/police/news/lbpd-blotter-april-1-2025/,https://longbeach.gov/news-archive/?cid=6697,linked-from-official-page,not-tested
162:0643000,Long Beach,CA,450469,2025,incorporated-place,channels-found,514.65,incident-log,https://longbeach.gov/police/news/lbpd-blotter-march-31-2025/,https://longbeach.gov/news-archive/?cid=6697,linked-from-official-page,not-tested
162:0643000,Long Beach,CA,450469,2025,incorporated-place,channels-found,514.65,incident-log,https://longbeach.gov/police/news/lbpd-blotter-march-30-2025/,https://longbeach.gov/news-archive/?cid=6697,linked-from-official-page,not-tested
162:0643000,Long Beach,CA,450469,2025,incorporated-place,channels-found,514.65,incident-log,https://longbeach.gov/police/news/lbpd-blotter-march-29-2025/,https://longbeach.gov/news-archive/?cid=6697,linked-from-official-page,not-tested
162:0643000,Long Beach,CA,450469,2025,incorporated-place,channels-found,514.65,incident-log,https://longbeach.gov/police/news/lbpd-blotter-march-28-2025/,https://longbeach.gov/news-archive/?cid=6697,linked-from-official-page,not-tested
162:0643000,Long Beach,CA,450469,2025,incorporated-place,channels-found,514.65,incident-log,https://longbeach.gov/police/news/lbpd-blotter-march-27-2025/,https://longbeach.gov/news-archive/?cid=6697,linked-from-official-page,not-tested
162:0643000,Long Beach,CA,450469,2025,incorporated-place,channels-found,514.65,incident-log,https://longbeach.gov/police/news/lbpd-blotter-march-26-2025/,https://longbeach.gov/news-archive/?cid=6697,linked-from-official-page,not-tested
162:0643000,Long Beach,CA,450469,2025,incorporated-place,channels-found,514.65,incident-log,https://longbeach.gov/police/news/lbpd-blotter-march-25-2025/,https://longbeach.gov/news-archive/?cid=6697,linked-from-official-page,not-tested
162:0643000,Long Beach,CA,450469,2025,incorporated-place,channels-found,514.65,incident-log,https://longbeach.gov/police/news/lbpd-blotter-march-24-2025/,https://longbeach.gov/news-archive/?cid=6697,linked-from-official-page,not-tested
162:0643000,Long Beach,CA,450469,2025,incorporated-place,channels-found,514.65,incident-log,https://longbeach.gov/police/news/lbpd-blotter-march-23-2025/,https://longbeach.gov/news-archive/?cid=6697,linked-from-official-page,not-tested
162:0643000,Long Beach,CA,450469,2025,incorporated-place,channels-found,514.65,incident-log,https://longbeach.gov/police/news/lbpd-blotter-march-22-2025/,https://longbeach.gov/news-archive/?cid=6697,linked-from-official-page,not-tested
162:0643000,Long Beach,CA,450469,2025,incorporated-place,channels-found,514.65,incident-log,https://longbeach.gov/police/news/lbpd-blotter-march-21-2025/,https://longbeach.gov/news-archive/?cid=6697,linked-from-official-page,not-tested
162:0643000,Long Beach,CA,450469,2025,incorporated-place,channels-found,514.65,incident-log,https://longbeach.gov/police/news/lbpd-blotter-march-20-2025/,https://longbeach.gov/news-archive/?cid=6697,linked-from-official-page,not-tested
162:0643000,Long Beach,CA,450469,2025,incorporated-place,channels-found,514.65,incident-log,https://longbeach.gov/police/news/lbpd-blotter-march-20-20252/,https://longbeach.gov/news-archive/?cid=6697,linked-from-official-page,not-tested
162:0643000,Long Beach,CA,450469,2025,incorporated-place,channels-found,514.65,incident-log,https://longbeach.gov/police/news/lbpd-blotter-march-19-2025/,https://longbeach.gov/news-archive/?cid=6697,linked-from-official-page,not-tested
162:0643000,Long Beach,CA,450469,2025,incorporated-place,channels-found,514.65,incident-log,https://longbeach.gov/police/news/lbpd-blotter-march-18-2025/,https://longbeach.gov/news-archive/?cid=6697,linked-from-official-page,not-tested
162:0643000,Long Beach,CA,450469,2025,incorporated-place,channels-found,514.65,department-page,https://longbeach.gov/policeoversight/,https://longbeach.gov/,official-domain-or-referral,public-html
162:0643000,Long Beach,CA,450469,2025,incorporated-place,channels-found,514.65,alerts,https://accountportal.onsolve.net/alertlb,https://longbeach.gov/disasterpreparedness/alert-long-beach/,linked-from-official-page,not-tested
162:0643000,Long Beach,CA,450469,2025,incorporated-place,channels-found,514.65,newsroom,https://longbeach.gov/globalassets/disaster-preparedness/media-library/documents/alert-long-beach/press-release-alertlongbeach,https://longbeach.gov/disasterpreparedness/alert-long-beach/,linked-from-official-page,not-tested
162:0643000,Long Beach,CA,450469,2025,incorporated-place,channels-found,514.65,alerts,https://longbeach.gov/globalassets/disaster-preparedness/media-library/documents/alert-long-beach/alert-long-beach-english-,https://longbeach.gov/disasterpreparedness/alert-long-beach/,linked-from-official-page,not-tested
162:0643000,Long Beach,CA,450469,2025,incorporated-place,channels-found,514.65,newsroom,https://longbeach.gov/globalassets/disaster-preparedness/media-library/documents/alert-long-beach/press-release-alertlongbeach-spanish,https://longbeach.gov/disasterpreparedness/alert-long-beach/,linked-from-official-page,not-tested
162:0643000,Long Beach,CA,450469,2025,incorporated-place,channels-found,514.65,alerts,https://longbeach.gov/globalassets/disaster-preparedness/media-library/documents/alert-long-beach/alert-long-beach-spanish,https://longbeach.gov/disasterpreparedness/alert-long-beach/,linked-from-official-page,not-tested
162:0643000,Long Beach,CA,450469,2025,incorporated-place,channels-found,514.65,alerts,http://lbc.ahasalerts.com/Default.aspx,https://longbeach.gov/disasterpreparedness/alert-long-beach/,linked-from-official-page,not-tested
162:0644000,Los Angeles,CA,3869089,2025,incorporated-place,channels-found,479.93,newsroom,https://www.lapdonline.org/newsroom/,https://www.lapdonline.org/newsroom/,reviewed-primary-web-source,search-readable; automation-unverified
162:0644574,Lynwood,CA,63512,2025,incorporated-place,channels-found,500.6,department-page,https://lynwoodca.gov/m/newsflash/home/detail/351,https://lynwoodca.gov/,official-domain-or-referral,public-html
162:0644574,Lynwood,CA,63512,2025,incorporated-place,channels-found,500.6,department-page,https://lynwoodca.gov/m/newsflash,https://lynwoodca.gov/m/newsflash/home/detail/351,official-domain-or-referral,public-html
162:0644574,Lynwood,CA,63512,2025,incorporated-place,channels-found,500.6,alerts,https://lynwoodca.gov/list.aspx?Mode=Subscribe,https://lynwoodca.gov/m/newsflash,linked-from-official-page,not-tested
162:0645022,Madera,CA,69017,2025,incorporated-place,channels-found,167.52,department-page,https://www.madera.gov/emergency-protective-services/police-department/,https://www.madera.gov/,official-domain-or-referral,public-html
162:0645022,Madera,CA,69017,2025,incorporated-place,channels-found,167.52,alerts,https://www.madera.gov/css/GOV/modules/alert/alert.css,https://www.madera.gov/emergency-protective-services/police-department/,linked-from-official-page,not-tested
162:0645022,Madera,CA,69017,2025,incorporated-place,channels-found,167.52,nixle,https://local.nixle.com/madera-police-department/,https://local.nixle.com/city/ca/madera/,certified-publisher-in-city-directory; jurisdiction-review-required,public-nixle-archive
162:0645484,Manteca,CA,96693,2025,incorporated-place,channels-found,87.89,crime-map-directory,https://www.manteca.gov/627/Crime-Information,https://www.manteca.gov/627/Crime-Information,reviewed-primary-web-source,search-readable; automation-unverified
162:0645484,Manteca,CA,96693,2025,incorporated-place,channels-found,87.89,department-page,https://oag.ca.gov/fingerprints/locations/manteca-police-department,https://oag.ca.gov/fingerprints/locations/manteca-police-department,search-discovered-primary-source; review-jurisdiction,search-readable; automation-unverified
162:0645484,Manteca,CA,96693,2025,incorporated-place,channels-found,87.89,nixle,https://local.nixle.com/manteca-police-department/,https://local.nixle.com/city/ca/manteca/,certified-publisher-in-city-directory; jurisdiction-review-required,public-nixle-archive
162:0646842,Menifee,CA,118592,2025,incorporated-place,department-found,584.51,department-page,https://www.cityofmenifee.us/Archive/ViewFile/Item/2998,https://www.cityofmenifee.us/Archive/ViewFile/Item/2998,search-discovered-primary-source; review-jurisdiction,search-readable; automation-unverified
162:0646898,Merced,CA,99724,2025,incorporated-place,department-found,130.48,department-page,https://www.cityofmerced.gov/public-safety/police,https://www.cityofmerced.gov/public-safety/police,search-discovered-primary-source; review-jurisdiction,search-readable; automation-unverified
162:0646898,Merced,CA,99724,2025,incorporated-place,department-found,130.48,department-page,https://www.cityofmerced.gov/public-safety/police/transparency-hub,https://www.cityofmerced.gov/public-safety/police/transparency-hub,search-discovered-primary-source; review-jurisdiction,search-readable; automation-unverified
162:0646898,Merced,CA,99724,2025,incorporated-place,department-found,130.48,department-page,https://www.cityofmerced.gov/public-safety/police/crimemapping-com,https://www.cityofmerced.gov/public-safety/police/crimemapping-com,search-discovered-primary-source; review-jurisdiction,search-readable; automation-unverified
162:0647766,Milpitas,CA,78596,2025,incorporated-place,channels-found,21.58,department-page,https://www.milpitas.gov/1101/Police,curated department URL,official-domain-or-referral,public-html
162:0647766,Milpitas,CA,78596,2025,incorporated-place,channels-found,21.58,facebook,https://www.facebook.com/MilpitasPD,https://www.milpitas.gov/1101/Police,linked-from-official-page,not-tested
162:0647766,Milpitas,CA,78596,2025,incorporated-place,channels-found,21.58,x,https://x.com/milpitaspd,https://www.milpitas.gov/1101/Police,linked-from-official-page,not-tested
162:0647766,Milpitas,CA,78596,2025,incorporated-place,channels-found,21.58,instagram,https://www.instagram.com/milpitaspolice/,https://www.milpitas.gov/1101/Police,linked-from-official-page,not-tested
162:0647766,Milpitas,CA,78596,2025,incorporated-place,channels-found,21.58,nextdoor,https://nextdoor.com/agency-detail/ca/milpitas/milpitas-police-department/,https://www.milpitas.gov/1101/Police,linked-from-official-page,not-tested
162:0647766,Milpitas,CA,78596,2025,incorporated-place,channels-found,21.58,newsroom,https://www.milpitas.gov/372/Press-Releases,https://www.milpitas.gov/1101/Police,linked-from-official-page,not-tested
162:0647766,Milpitas,CA,78596,2025,incorporated-place,channels-found,21.58,department-page,https://www.milpitas.gov/1098/Transparency-Portal,https://www.milpitas.gov/372/Press-Releases,official-domain-or-referral,public-html
162:0647766,Milpitas,CA,78596,2025,incorporated-place,channels-found,21.58,department-page,https://www.milpitas.gov/162/Crime-Prevention-Safety,https://www.milpitas.gov/1101/Police,official-domain-or-referral,public-html
162:0648256,Mission Viejo,CA,90484,2025,incorporated-place,channels-found,560.33,department-page,https://www.missionviejo.gov/category/crime-alerts,https://www.missionviejo.gov/category/crime-alerts,search-discovered-primary-source; review-jurisdiction,search-readable; automation-unverified
162:0648256,Mission Viejo,CA,90484,2025,incorporated-place,channels-found,560.33,incident-log,https://www.missionviejo.gov/departments/police-services/alert-bulletin-resources/crime-alertsnews,https://www.missionviejo.gov/departments/police-services/alert-bulletin-resources/crime-alertsnews,search-discovered-primary-source; review-jurisdiction,search-readable; automation-unverified
162:0648256,Mission Viejo,CA,90484,2025,incorporated-place,channels-found,560.33,department-page,https://www.missionviejo.gov/departments/police-services,https://www.missionviejo.gov/departments/police-services,search-discovered-primary-source; review-jurisdiction,search-readable; automation-unverified
162:0648354,Modesto,CA,219652,2025,incorporated-place,department-found,93.81,department-page,https://www.modestogov.com/229/Crime-Map,https://www.modestogov.com/229/Crime-Map,search-discovered-primary-source; review-jurisdiction,search-readable; automation-unverified
162:0648354,Modesto,CA,219652,2025,incorporated-place,department-found,93.81,department-page,https://permits.modestogov.com/223/Police-Department,https://permits.modestogov.com/223/Police-Department,search-discovered-primary-source; review-jurisdiction,search-readable; automation-unverified
162:0648354,Modesto,CA,219652,2025,incorporated-place,department-found,93.81,department-page,https://www.modestogov.com/1169/File-a-Non-Emergency-Police-Report,https://www.modestogov.com/1169/File-a-Non-Emergency-Police-Report,search-discovered-primary-source; review-jurisdiction,search-readable; automation-unverified
162:0648816,Montebello,CA,60693,2025,incorporated-place,channels-found,498.67,department-page,https://www.montebelloca.gov/departments/police,https://www.montebelloca.gov/,official-domain-or-referral,public-html
162:0648816,Montebello,CA,60693,2025,incorporated-place,channels-found,498.67,newsroom,https://www.montebelloca.gov/departments/public_affairs___information_technology/press_releases,https://www.montebelloca.gov/departments/police,linked-from-official-page,not-tested
162:0648816,Montebello,CA,60693,2025,incorporated-place,channels-found,498.67,alerts,https://www.montebelloca.gov/departments/transit/rider_alerts,https://www.montebelloca.gov/departments/police,linked-from-official-page,not-tested
162:0648816,Montebello,CA,60693,2025,incorporated-place,channels-found,498.67,facebook,https://www.facebook.com/montebellopd,https://www.montebelloca.gov/departments/police,linked-from-official-page,not-tested
162:0648816,Montebello,CA,60693,2025,incorporated-place,channels-found,498.67,x,https://x.com/montebellopd,https://www.montebelloca.gov/departments/police,linked-from-official-page,not-tested
162:0648816,Montebello,CA,60693,2025,incorporated-place,channels-found,498.67,instagram,https://www.instagram.com/montebellopd/,https://www.montebelloca.gov/departments/police,linked-from-official-page,not-tested
162:0648816,Montebello,CA,60693,2025,incorporated-place,channels-found,498.67,nextdoor,https://nextdoor.com/agency-detail/ca/montebello/montebello-police-department/,https://www.montebelloca.gov/departments/police,linked-from-official-page,not-tested
162:0648816,Montebello,CA,60693,2025,incorporated-place,channels-found,498.67,department-page,https://www.montebelloca.gov/departments/police/news,https://www.montebelloca.gov/departments/police,official-domain-or-referral,public-html
162:0648816,Montebello,CA,60693,2025,incorporated-place,channels-found,498.67,department-page,https://www.montebelloca.gov/departments/police/connect,https://www.montebelloca.gov/departments/police,official-domain-or-referral,public-html
162:0648816,Montebello,CA,60693,2025,incorporated-place,channels-found,498.67,youtube,https://www.youtube.com/@montebellopd,https://www.montebelloca.gov/departments/police/connect,linked-from-official-page,not-tested
162:0648914,Monterey Park,CA,57457,2025,incorporated-place,channels-found,494.6,department-page,http://www.montereypark.ca.gov/m/newsflash/home/detail/1409,http://www.montereypark.ca.gov/,discovered-department-page; review-jurisdiction,public-html
162:0648914,Monterey Park,CA,57457,2025,incorporated-place,channels-found,494.6,alerts,http://www.MontereyPark.ca.gov/NotifyMe,http://www.montereypark.ca.gov/m/newsflash/home/detail/1409,linked-from-municipal-or-department-page; review-scope,not-tested
162:0648914,Monterey Park,CA,57457,2025,incorporated-place,channels-found,494.6,alerts,http://www.montereypark.ca.gov/CivicAlerts.aspx?CID=1,http://www.montereypark.ca.gov/m/newsflash/home/detail/1409,linked-from-municipal-or-department-page; review-scope,not-tested
162:0648914,Monterey Park,CA,57457,2025,incorporated-place,channels-found,494.6,alerts,http://www.montereypark.ca.gov/list.aspx,http://www.montereypark.ca.gov/m/newsflash/home/detail/1409,linked-from-municipal-or-department-page; review-scope,not-tested
162:0648914,Monterey Park,CA,57457,2025,incorporated-place,channels-found,494.6,alerts,https://member.everbridge.net/93013422374936/login,http://www.montereypark.ca.gov/m/newsflash/home/detail/1409,linked-from-municipal-or-department-page; review-scope,not-tested
162:0648914,Monterey Park,CA,57457,2025,incorporated-place,channels-found,494.6,department-page,http://www.montereypark.ca.gov/m/newsflash,http://www.montereypark.ca.gov/m/newsflash/home/detail/1409,discovered-department-page; review-jurisdiction,public-html
162:0648914,Monterey Park,CA,57457,2025,incorporated-place,channels-found,494.6,feed-directory,http://www.montereypark.ca.gov/rss.aspx,http://www.montereypark.ca.gov/m/newsflash,linked-from-municipal-or-department-page; review-scope,not-tested
162:0648914,Monterey Park,CA,57457,2025,incorporated-place,channels-found,494.6,alerts,http://www.montereypark.ca.gov/list.aspx?Mode=Subscribe,http://www.montereypark.ca.gov/m/newsflash,linked-from-municipal-or-department-page; review-scope,not-tested
162:0648914,Monterey Park,CA,57457,2025,incorporated-place,channels-found,494.6,department-page,http://www.montereypark.ca.gov/79/Stay-Connected,http://www.montereypark.ca.gov/m/newsflash/home/detail/1409,discovered-department-page; review-jurisdiction,public-html
162:0648914,Monterey Park,CA,57457,2025,incorporated-place,channels-found,494.6,alerts,http://www.montereypark.ca.gov/1683/Emergency-Alerts,http://www.montereypark.ca.gov/79/Stay-Connected,linked-from-municipal-or-department-page; review-scope,not-tested
162:0648914,Monterey Park,CA,57457,2025,incorporated-place,channels-found,494.6,x,https://x.com/montereyparkpd,http://www.montereypark.ca.gov/79/Stay-Connected,linked-from-municipal-or-department-page; review-scope,not-tested
162:0648914,Monterey Park,CA,57457,2025,incorporated-place,channels-found,494.6,instagram,https://www.instagram.com/montereypark_pd/,http://www.montereypark.ca.gov/79/Stay-Connected,linked-from-municipal-or-department-page; review-scope,not-tested
162:0648914,Monterey Park,CA,57457,2025,incorporated-place,channels-found,494.6,department-page,http://www.montereypark.ca.gov/576/Cascades-Newspaper,http://www.montereypark.ca.gov/m/newsflash/home/detail/1409,discovered-department-page; review-jurisdiction,public-html
162:0648914,Monterey Park,CA,57457,2025,incorporated-place,channels-found,494.6,department-page,http://www.montereypark.ca.gov/m/newsflash/home/detail/1408,http://www.montereypark.ca.gov/,discovered-department-page; review-jurisdiction,public-html
162:0649270,Moreno Valley,CA,214263,2025,incorporated-place,channels-found,565.37,department-page,https://moval.gov/departments/police/index.html,https://moval.gov/,official-domain-or-referral,public-html
162:0649270,Moreno Valley,CA,214263,2025,incorporated-place,channels-found,565.37,department-page,https://moval.gov/departments/police/report-crime.html,https://moval.gov/departments/police/index.html,official-domain-or-referral,public-html
162:0649270,Moreno Valley,CA,214263,2025,incorporated-place,channels-found,565.37,department-page,https://moval.gov/departments/police/report-602-trespass.html,https://moval.gov/,official-domain-or-referral,public-html
162:0649270,Moreno Valley,CA,214263,2025,incorporated-place,channels-found,565.37,department-page,https://www.riversidesheriff.org/FormCenter/Crime-6/Online-Reporting-50,https://moval.gov/,official-domain-or-referral,public-html
162:0649270,Moreno Valley,CA,214263,2025,incorporated-place,channels-found,565.37,newsroom,https://www.riversidesheriff.org/m/newsflash?sortBy=1&searchTerms=&cat=,https://www.riversidesheriff.org/FormCenter/Crime-6/Online-Reporting-50,linked-from-official-page,not-tested
162:0649270,Moreno Valley,CA,214263,2025,incorporated-place,channels-found,565.37,department-page,https://www.riversidesheriff.org/663/Transparency,https://www.riversidesheriff.org/FormCenter/Crime-6/Online-Reporting-50,official-domain-or-referral,public-html
162:0649270,Moreno Valley,CA,214263,2025,incorporated-place,channels-found,565.37,alerts,https://www.riversidesheriff.org/DocumentCenter/View/6569/Nonimmigrant-Status-Notification-Report-2021-PDF,https://www.riversidesheriff.org/663/Transparency,linked-from-official-page,not-tested
162:0649270,Moreno Valley,CA,214263,2025,incorporated-place,channels-found,565.37,alerts,https://www.riversidesheriff.org/DocumentCenter/View/8567/Nonimmigrant-Status-Notification-Report-2024-PDF,https://www.riversidesheriff.org/663/Transparency,linked-from-official-page,not-tested
162:0649270,Moreno Valley,CA,214263,2025,incorporated-place,channels-found,565.37,alerts,https://www.riversidesheriff.org/DocumentCenter/View/7427/Nonimmigrant-Status-Notification-Report-2022-PDF,https://www.riversidesheriff.org/663/Transparency,linked-from-official-page,not-tested
162:0649270,Moreno Valley,CA,214263,2025,incorporated-place,channels-found,565.37,alerts,https://www.riversidesheriff.org/DocumentCenter/View/8053/Nonimmigrant-Status-Notification-Report-2023-PDF,https://www.riversidesheriff.org/663/Transparency,linked-from-official-page,not-tested
162:0649270,Moreno Valley,CA,214263,2025,incorporated-place,channels-found,565.37,alerts,https://www.riversidesheriff.org/Faq.aspx?QID=214,https://www.riversidesheriff.org/663/Transparency,linked-from-official-page,not-tested
162:0649670,Mountain View,CA,85438,2025,incorporated-place,channels-found,21.16,newsroom,https://www.mountainview.gov/our-city/departments/police/news/-arch-1/-fsiteid-1/-locale-en,https://www.mountainview.gov/our-city/departments/police/news/-arch-1/-fsiteid-1/-locale-en,reviewed-primary-web-source,search-readable; automation-unverified
162:0649670,Mountain View,CA,85438,2025,incorporated-place,channels-found,21.16,newsroom,https://www.mountainview.gov/our-city/departments/police/news?locale=en,https://www.mountainview.gov/our-city/departments/police/news?locale=en,search-discovered-primary-source; review-jurisdiction,search-readable; automation-unverified
162:0649670,Mountain View,CA,85438,2025,incorporated-place,channels-found,21.16,department-page,https://www.mountainview.gov/our-city/departments/police?locale=en,https://www.mountainview.gov/our-city/departments/police?locale=en,search-discovered-primary-source; review-jurisdiction,search-readable; automation-unverified
162:0650076,Murrieta,CA,114124,2025,incorporated-place,channels-found,593.14,department-page,https://www.murrietaca.gov/759/Police-Activity-Reports,https://www.murrietaca.gov/759/Police-Activity-Reports,search-discovered-primary-source; review-jurisdiction,search-readable; automation-unverified
162:0650076,Murrieta,CA,114124,2025,incorporated-place,channels-found,593.14,newsroom,https://www.murrietaca.gov/557/Murrieta-Police-Press-Releases,https://www.murrietaca.gov/557/Murrieta-Police-Press-Releases,search-discovered-primary-source; review-jurisdiction,search-readable; automation-unverified
162:0650076,Murrieta,CA,114124,2025,incorporated-place,channels-found,593.14,department-page,https://mainstreet.murrietaca.gov/1409/Police,https://mainstreet.murrietaca.gov/1409/Police,search-discovered-primary-source; review-jurisdiction,search-readable; automation-unverified
162:0650258,Napa,CA,76562,2025,incorporated-place,department-found,121.39,department-page,https://www.napacounty.gov/1579/Public-Safety,https://www.napacounty.gov/1579/Public-Safety,search-discovered-primary-source; review-jurisdiction,search-readable; automation-unverified
162:0650258,Napa,CA,76562,2025,incorporated-place,department-found,121.39,department-page,https://www.cityofnapa.org/472/Office-of-the-Chief-of-Police,https://www.cityofnapa.org/472/Office-of-the-Chief-of-Police,search-discovered-primary-source; review-jurisdiction,search-readable; automation-unverified
162:0650258,Napa,CA,76562,2025,incorporated-place,department-found,121.39,department-page,https://www.napacounty.gov/1292/Sheriff,https://www.napacounty.gov/1292/Sheriff,search-discovered-primary-source; review-jurisdiction,search-readable; automation-unverified
162:0650398,National City,CA,57807,2025,incorporated-place,channels-found,673.61,newsroom,https://www.nationalcityca.gov/government/police/press-releases,https://www.nationalcityca.gov/government/police/press-releases,search-discovered-primary-source; review-jurisdiction,search-readable; automation-unverified
162:0650398,National City,CA,57807,2025,incorporated-place,channels-found,673.61,department-page,https://www.nationalcityca.gov/government/police/directory,https://www.nationalcityca.gov/government/police/directory,search-discovered-primary-source; review-jurisdiction,search-readable; automation-unverified
162:0650398,National City,CA,57807,2025,incorporated-place,channels-found,673.61,department-page,https://www.nationalcityca.gov/government/police,https://www.nationalcityca.gov/government/police,search-discovered-primary-source; review-jurisdiction,search-readable; automation-unverified
162:0650398,National City,CA,57807,2025,incorporated-place,channels-found,673.61,nixle,https://local.nixle.com/national-city-police-department/,https://local.nixle.com/city/ca/national-city/,certified-publisher-in-city-directory; jurisdiction-review-required,public-nixle-archive
162:0651182,Newport Beach,CA,81977,2025,incorporated-place,channels-found,545.96,department-page,https://newportbeachpolicehq.com/,https://www.newportbeachca.gov/,discovered-department-page; review-jurisdiction,public-html
162:0651182,Newport Beach,CA,81977,2025,incorporated-place,channels-found,545.96,feed-candidate,https://newportbeachpolicehq.com/feed/,https://newportbeachpolicehq.com/,linked-from-municipal-or-department-page; review-scope,public-feed-with-items
162:0651182,Newport Beach,CA,81977,2025,incorporated-place,channels-found,545.96,feed-candidate,https://newportbeachpolicehq.com/comments/feed/,https://newportbeachpolicehq.com/,linked-from-municipal-or-department-page; review-scope,public-feed-with-items
162:0651182,Newport Beach,CA,81977,2025,incorporated-place,channels-found,545.96,department-page,https://newportbeachpolicehq.com/wp-content/plugins/elementor/assets/css/widget-social-icons.min.css?ver=4.1.5,https://newportbeachpolicehq.com/,discovered-department-page; review-jurisdiction,public-html
162:0651182,Newport Beach,CA,81977,2025,incorporated-place,channels-found,545.96,newsroom,https://www.nbpd.org/what-s-new/press-releases,https://www.nbpd.org/what-s-new/press-releases,reviewed-primary-web-source,search-readable; automation-unverified
162:0652526,Norwalk,CA,97104,2025,incorporated-place,channels-found,509.23,department-page,https://www.norwalkct.gov/139/Police-Department,https://www.norwalkct.gov/139/Police-Department,search-discovered-primary-source; review-jurisdiction,search-readable; automation-unverified
162:0652526,Norwalk,CA,97104,2025,incorporated-place,channels-found,509.23,newsroom,https://source.www.longbeach.gov/press-release-archive/?cid=6697,https://source.www.longbeach.gov/press-release-archive/?cid=6697,search-discovered-primary-source; review-jurisdiction,search-readable; automation-unverified
162:0652526,Norwalk,CA,97104,2025,incorporated-place,channels-found,509.23,newsroom,https://longbeach.gov/press-release-archive/?cid=6697,https://longbeach.gov/press-release-archive/?cid=6697,search-discovered-primary-source; review-jurisdiction,search-readable; automation-unverified
162:0652582,Novato,CA,51947,2025,incorporated-place,channels-found,107.7,department-page,https://www.novato.gov/government/police-department,https://www.novato.gov/government/police-department,search-discovered-primary-source; review-jurisdiction,search-readable; automation-unverified
162:0652582,Novato,CA,51947,2025,incorporated-place,channels-found,107.7,department-page,https://www.novato.gov/government/police-department?locale=es,https://www.novato.gov/government/police-department?locale=es,search-discovered-primary-source; review-jurisdiction,search-readable; automation-unverified
162:0652582,Novato,CA,51947,2025,incorporated-place,channels-found,107.7,department-page,https://www.novato.gov/government/police-department/crime-map,https://www.novato.gov/government/police-department/crime-map,search-discovered-primary-source; review-jurisdiction,search-readable; automation-unverified
162:0652582,Novato,CA,51947,2025,incorporated-place,channels-found,107.7,nixle,https://local.nixle.com/novato-police-ca/,https://local.nixle.com/city/ca/novato/,certified-publisher-in-city-directory; jurisdiction-review-required,public-nixle-archive
162:0653000,Oakland,CA,440838,2025,incorporated-place,channels-found,63.63,department-page,https://www.oaklandca.gov/Public-Safety-Streets,https://www.oaklandca.gov/Home,official-domain-or-referral,public-html
162:0653000,Oakland,CA,440838,2025,incorporated-place,channels-found,63.63,incident-log,https://www.oaklandca.gov/Public-Safety-Streets/Report-a-Crime/Report-a-Crime-in-Person-or-Phone,https://www.oaklandca.gov/Public-Safety-Streets,linked-from-official-page,not-tested
162:0653000,Oakland,CA,440838,2025,incorporated-place,channels-found,63.63,alerts,https://www.oaklandca.gov/Public-Safety-Streets/Parking-Vehicles/Sign-Up-for-Parking-Alerts,https://www.oaklandca.gov/Public-Safety-Streets,linked-from-official-page,not-tested
162:0653000,Oakland,CA,440838,2025,incorporated-place,channels-found,63.63,newsroom,https://www.oaklandca.gov/Government/Departments/Newsroom,https://www.oaklandca.gov/Public-Safety-Streets,linked-from-official-page,not-tested
162:0653000,Oakland,CA,440838,2025,incorporated-place,channels-found,63.63,department-page,https://www.oaklandca.gov/Government/News-Updates,https://www.oaklandca.gov/Public-Safety-Streets,official-domain-or-referral,public-html
162:0653000,Oakland,CA,440838,2025,incorporated-place,channels-found,63.63,newsroom,https://www.oaklandca.gov/Government/News-Updates/News,https://www.oaklandca.gov/Government/News-Updates,linked-from-official-page,not-tested
162:0653000,Oakland,CA,440838,2025,incorporated-place,channels-found,63.63,department-page,https://www.oaklandca.gov/Public-Safety-Streets/Crime-Prevention,https://www.oaklandca.gov/Public-Safety-Streets,official-domain-or-referral,public-html
162:0653000,Oakland,CA,440838,2025,incorporated-place,channels-found,63.63,alerts,https://www.oaklandca.gov/Public-Safety-Streets/Crime-Prevention/Missing-Persons,https://www.oaklandca.gov/Public-Safety-Streets/Crime-Prevention,linked-from-official-page,not-tested
162:0653000,Oakland,CA,440838,2025,incorporated-place,channels-found,63.63,department-page,https://www.oaklandca.gov/Public-Safety-Streets/Fire,https://www.oaklandca.gov/Home,official-domain-or-referral,public-html
162:0653000,Oakland,CA,440838,2025,incorporated-place,channels-found,63.63,department-page,https://www.oaklandca.gov/Public-Safety-Streets/Police,https://www.oaklandca.gov/Home,official-domain-or-referral,public-html
162:0653000,Oakland,CA,440838,2025,incorporated-place,channels-found,63.63,alerts,https://member.everbridge.net/index/453003085612570,https://www.oaklandca.gov/Public-Safety-Streets/Police,linked-from-official-page,not-tested
162:0653000,Oakland,CA,440838,2025,incorporated-place,channels-found,63.63,newsroom,https://www.oaklandca.gov/News-Releases/OPD-Tows-60-Abandoned-and-Stolen-Vehicles,https://www.oaklandca.gov/Public-Safety-Streets/Police,linked-from-official-page,not-tested
162:0653000,Oakland,CA,440838,2025,incorporated-place,channels-found,63.63,newsroom,https://www.oaklandca.gov/News-Releases/Officer-Involved-Shooting-in-the-area-of-22nd-Ave.-and-East-28th-St,https://www.oaklandca.gov/Public-Safety-Streets/Police,linked-from-official-page,not-tested
162:0653000,Oakland,CA,440838,2025,incorporated-place,channels-found,63.63,newsroom,https://www.oaklandca.gov/News-Releases/Missing-Person-Huitzilin-Nieves-Nieto-At-Risk-Due-to-Age/OPD-Internal-Audit-Uncovers-Alleged-Employee-Fraud,https://www.oaklandca.gov/Public-Safety-Streets/Police,linked-from-official-page,not-tested
162:0653000,Oakland,CA,440838,2025,incorporated-place,channels-found,63.63,newsroom,https://www.oaklandca.gov/News-Releases/Missing-Person-Huitzilin-Nieves-Nieto-At-Risk-Due-to-Age/Missing-Person-Gheisimar-Marcano-Hernandez-At-Risk-Due-to-Age,https://www.oaklandca.gov/Public-Safety-Streets/Police,linked-from-official-page,not-tested
162:0653000,Oakland,CA,440838,2025,incorporated-place,channels-found,63.63,newsroom,https://www.oaklandca.gov/News-Releases/Missing-Person-Huitzilin-Nieves-Nieto-At-Risk-Due-to-Age/OPD-Arrests-Suspect-in-Armed-Kidnapping,https://www.oaklandca.gov/Public-Safety-Streets/Police,linked-from-official-page,not-tested
162:0653000,Oakland,CA,440838,2025,incorporated-place,channels-found,63.63,newsroom,https://www.oaklandca.gov/News-Releases?dlv_OC+CL+City+News+Listing=%28dd_OC+News+Categories%3DPolice%29,https://www.oaklandca.gov/Public-Safety-Streets/Police,linked-from-official-page,not-tested
162:0653000,Oakland,CA,440838,2025,incorporated-place,channels-found,63.63,incident-log,https://www.oaklandca.gov/Public-Safety-Streets/Police/Police-Services-Priorities/OPD-Daily-Log,https://www.oaklandca.gov/Public-Safety-Streets/Police,linked-from-official-page,not-tested
162:0653000,Oakland,CA,440838,2025,incorporated-place,channels-found,63.63,nixle,https://local.nixle.com/oakland-police-department-ca/,https://local.nixle.com/city/ca/oakland/,certified-publisher-in-city-directory; jurisdiction-review-required,public-nixle-archive
162:0653322,Oceanside,CA,170483,2025,incorporated-place,channels-found,613.85,newsroom,https://www.oceansidepolice.com/about-opd/press-releases,https://www.oceansidepolice.com/about-opd/press-releases,reviewed-primary-web-source,search-readable; automation-unverified
162:0653896,Ontario,CA,187013,2025,incorporated-place,department-found,529.7,department-page,https://www.ontarioca.gov/government/police/about-us/contact-us,https://www.ontarioca.gov/government/police/about-us/contact-us,search-discovered-primary-source; review-jurisdiction,search-readable; automation-unverified
162:0653896,Ontario,CA,187013,2025,incorporated-place,department-found,529.7,department-page,https://www.ontarioca.gov/government/police,https://www.ontarioca.gov/government/police,search-discovered-primary-source; review-jurisdiction,search-readable; automation-unverified
162:0653896,Ontario,CA,187013,2025,incorporated-place,department-found,529.7,department-page,https://www.ontarioca.gov/government/police/online-police-reporting,https://www.ontarioca.gov/government/police/online-police-reporting,search-discovered-primary-source; review-jurisdiction,search-readable; automation-unverified
162:0653980,Orange,CA,138365,2025,incorporated-place,department-found,532.97,department-page,https://www.cityoforange.org/our-city/departments/police/public-information,https://www.cityoforange.org/our-city/departments/police/public-information,search-discovered-primary-source; review-jurisdiction,search-readable; automation-unverified
162:0653980,Orange,CA,138365,2025,incorporated-place,department-found,532.97,department-page,https://www.cityoforange.org/our-city/departments/police/records-bureau,https://www.cityoforange.org/our-city/departments/police/records-bureau,search-discovered-primary-source; review-jurisdiction,search-readable; automation-unverified
162:0653980,Orange,CA,138365,2025,incorporated-place,department-found,532.97,department-page,https://www.cityoforange.org/our-city/departments/police/file-an-online-police-report,https://www.cityoforange.org/our-city/departments/police/file-an-online-police-report,search-discovered-primary-source; review-jurisdiction,search-readable; automation-unverified
162:0654652,Oxnard,CA,199651,2025,incorporated-place,channels-found,418.93,newsroom,https://www.oxnard.gov/police-department/pd-news,https://www.oxnard.gov/police-department/pd-news,search-discovered-primary-source; review-jurisdiction,search-readable; automation-unverified
162:0654652,Oxnard,CA,199651,2025,incorporated-place,channels-found,418.93,department-page,https://www.oxnard.gov/police-department,https://www.oxnard.gov/police-department,search-discovered-primary-source; review-jurisdiction,search-readable; automation-unverified
162:0655184,Palm Desert,CA,53259,2025,incorporated-place,department-found,637.8,department-page,https://www.palmdesert.gov/community/public-safety,https://www.palmdesert.gov/community/public-safety,search-discovered-primary-source; review-jurisdiction,search-readable; automation-unverified
162:0655156,Palmdale,CA,161845,2025,incorporated-place,channels-found,454.23,newsroom,https://www.cityofpalmdaleca.gov/m/newsflash/home/detail/1859,https://www.cityofpalmdaleca.gov/m/newsflash/home/detail/1859,search-discovered-primary-source; review-jurisdiction,search-readable; automation-unverified
162:0655156,Palmdale,CA,161845,2025,incorporated-place,channels-found,454.23,department-page,https://file.lacounty.gov/lasd/cms1_154628.pdf,https://file.lacounty.gov/lasd/cms1_154628.pdf,search-discovered-primary-source; review-jurisdiction,search-readable; automation-unverified
162:0655282,Palo Alto,CA,67609,2025,incorporated-place,channels-found,24.57,department-page,https://www.paloalto.gov/Departments/Police/Public-Information-Portal/Social-Media-Connections,curated department URL,official-domain-or-referral,public-html
162:0655282,Palo Alto,CA,67609,2025,incorporated-place,channels-found,24.57,newsroom,https://www.paloalto.gov/City-Hall/News-Press-Releases,https://www.paloalto.gov/Departments/Police/Public-Information-Portal/Social-Media-Connections,linked-from-official-page,not-tested
162:0655282,Palo Alto,CA,67609,2025,incorporated-place,channels-found,24.57,alerts,https://www.paloalto.gov/I-Want-To/Sign-up-for-Emergency-Alerts,https://www.paloalto.gov/Departments/Police/Public-Information-Portal/Social-Media-Connections,linked-from-official-page,not-tested
162:0655282,Palo Alto,CA,67609,2025,incorporated-place,channels-found,24.57,newsroom,https://www.paloalto.gov/Departments/Police/Public-Information-Portal/News-Releases,https://www.paloalto.gov/Departments/Police/Public-Information-Portal/Social-Media-Connections,linked-from-official-page,not-tested
162:0655282,Palo Alto,CA,67609,2025,incorporated-place,channels-found,24.57,alerts,https://emergencymanagement.sccgov.org/AlertSCC,https://www.paloalto.gov/Departments/Police/Public-Information-Portal/Social-Media-Connections,linked-from-official-page,not-tested
162:0655282,Palo Alto,CA,67609,2025,incorporated-place,channels-found,24.57,x,https://x.com/paloaltopolice,https://www.paloalto.gov/Departments/Police/Public-Information-Portal/Social-Media-Connections,linked-from-official-page,not-tested
162:0655282,Palo Alto,CA,67609,2025,incorporated-place,channels-found,24.57,nixle,https://local.nixle.com/palo-alto-police-department/,https://www.paloalto.gov/Departments/Police/Public-Information-Portal/Social-Media-Connections,linked-from-official-page,public-nixle-archive
162:0655282,Palo Alto,CA,67609,2025,incorporated-place,channels-found,24.57,instagram,https://www.instagram.com/paloaltopolice/,https://www.paloalto.gov/Departments/Police/Public-Information-Portal/Social-Media-Connections,linked-from-official-page,not-tested
162:0655282,Palo Alto,CA,67609,2025,incorporated-place,channels-found,24.57,youtube,https://www.youtube.com/user/PaloAltoPolice,https://www.paloalto.gov/Departments/Police/Public-Information-Portal/Social-Media-Connections,linked-from-official-page,not-tested
162:0655282,Palo Alto,CA,67609,2025,incorporated-place,channels-found,24.57,department-page,https://www.paloalto.gov/Departments/Fire/Fire-News,https://www.paloalto.gov/Departments/Police/Public-Information-Portal/Social-Media-Connections,official-domain-or-referral,public-html
162:0655282,Palo Alto,CA,67609,2025,incorporated-place,channels-found,24.57,announcement,https://www.paloalto.gov/News-Articles/Fire-Department/Celebrate-the-Fourth-Safely-Leave-Fireworks-to-the-Professionals,https://www.paloalto.gov/Departments/Fire/Fire-News,linked-from-official-page,not-tested
162:0655282,Palo Alto,CA,67609,2025,incorporated-place,channels-found,24.57,announcement,https://www.paloalto.gov/News-Articles/Fire-Department/Regional-Partners-Advance-Vegetation-Reduction-at-Page-Mill-Road-Interstate-280-Interchange-Project,https://www.paloalto.gov/Departments/Fire/Fire-News,linked-from-official-page,not-tested
162:0655282,Palo Alto,CA,67609,2025,incorporated-place,channels-found,24.57,announcement,https://www.paloalto.gov/News-Articles/Fire-Department/Fire-Preparedness-in-Palo-Alto-Safety-Tips-for-You-Your-Pets,https://www.paloalto.gov/Departments/Fire/Fire-News,linked-from-official-page,not-tested
162:0655282,Palo Alto,CA,67609,2025,incorporated-place,channels-found,24.57,announcement,https://www.paloalto.gov/News-Articles/Fire-Department/Leave-the-Fireworks-to-the-Pros,https://www.paloalto.gov/Departments/Fire/Fire-News,linked-from-official-page,not-tested
162:0655282,Palo Alto,CA,67609,2025,incorporated-place,channels-found,24.57,announcement,https://www.paloalto.gov/News-Articles/Fire-Department/Palo-Alto-Fire-Department-Staffing-at-Fire-Station-4-Community-Update,https://www.paloalto.gov/Departments/Fire/Fire-News,linked-from-official-page,not-tested
162:0655282,Palo Alto,CA,67609,2025,incorporated-place,channels-found,24.57,announcement,https://www.paloalto.gov/News-Articles/Fire-Department/Fire-Prevention-Week-Safety-Reminders,https://www.paloalto.gov/Departments/Fire/Fire-News,linked-from-official-page,not-tested
162:0655282,Palo Alto,CA,67609,2025,incorporated-place,channels-found,24.57,announcement,https://www.paloalto.gov/News-Articles/Fire-Department/Palo-Alto-Fire-Department-Launches-Low-Cost-Ambulance-Program,https://www.paloalto.gov/Departments/Fire/Fire-News,linked-from-official-page,not-tested
162:0655282,Palo Alto,CA,67609,2025,incorporated-place,channels-found,24.57,announcement,https://www.paloalto.gov/News-Articles/Fire-Department/Flags-Flown-at-Half-Staff-in-Honor-of-Stockton-Fire-Captain,https://www.paloalto.gov/Departments/Fire/Fire-News,linked-from-official-page,not-tested
162:0655282,Palo Alto,CA,67609,2025,incorporated-place,channels-found,24.57,announcement,https://www.paloalto.gov/News-Articles/Fire-Department/Rebuilt-Fire-Station-3-Opens-its-Doors-to-Serve-the-Community,https://www.paloalto.gov/Departments/Fire/Fire-News,linked-from-official-page,not-tested
162:0655282,Palo Alto,CA,67609,2025,incorporated-place,channels-found,24.57,announcement,https://www.paloalto.gov/News-Articles/Fire-Department/Fire-Station-3-Open-House-Postponed,https://www.paloalto.gov/Departments/Fire/Fire-News,linked-from-official-page,not-tested
162:0655282,Palo Alto,CA,67609,2025,incorporated-place,channels-found,24.57,department-page,https://www.paloalto.gov/News-Articles,https://www.paloalto.gov/Departments/Police/Public-Information-Portal/Social-Media-Connections,official-domain-or-referral,public-html
162:0655282,Palo Alto,CA,67609,2025,incorporated-place,channels-found,24.57,alerts,https://www.paloalto.gov/Departments/City-Manager/Latest-News/Hazardous-Materials-Incident-Response-Notifications,https://www.paloalto.gov/News-Articles,linked-from-official-page,not-tested
162:0655282,Palo Alto,CA,67609,2025,incorporated-place,channels-found,24.57,announcement,https://www.paloalto.gov/News-Articles/City-Manager/Flags-Flown-at-Half-Staff-September-11,https://www.paloalto.gov/News-Articles,linked-from-official-page,not-tested
162:0655282,Palo Alto,CA,67609,2025,incorporated-place,channels-found,24.57,announcement,https://www.paloalto.gov/News-Articles/City-Manager/City-Resolves-Public-Safety-Building-Construction-Dispute-and-Implements-New-Construction-Practices,https://www.paloalto.gov/News-Articles,linked-from-official-page,not-tested
162:0655282,Palo Alto,CA,67609,2025,incorporated-place,channels-found,24.57,announcement,https://www.paloalto.gov/News-Articles/City-Manager/Palo-Alto-Horizontal-Levee-Completion-Celebrated,https://www.paloalto.gov/News-Articles,linked-from-official-page,not-tested
162:0655282,Palo Alto,CA,67609,2025,incorporated-place,channels-found,24.57,announcement,https://www.paloalto.gov/News-Articles/City-Manager/Weekly-City-Manager-Updates-September-9-2026,https://www.paloalto.gov/News-Articles,linked-from-official-page,not-tested
162:0655282,Palo Alto,CA,67609,2025,incorporated-place,channels-found,24.57,announcement,https://www.paloalto.gov/News-Articles/City-Manager/Hot-Weather-Safety-September-2026,https://www.paloalto.gov/News-Articles,linked-from-official-page,not-tested
162:0655282,Palo Alto,CA,67609,2025,incorporated-place,channels-found,24.57,announcement,https://www.paloalto.gov/News-Articles/Public-Works/Sustaining-Our-Future-Blog-News,https://www.paloalto.gov/News-Articles,linked-from-official-page,not-tested
162:0655282,Palo Alto,CA,67609,2025,incorporated-place,channels-found,24.57,department-page,https://www.paloalto.gov/Departments/City-Manager/Latest-News,https://www.paloalto.gov/Departments/Police/Public-Information-Portal/Social-Media-Connections,official-domain-or-referral,public-html
162:0655282,Palo Alto,CA,67609,2025,incorporated-place,channels-found,24.57,announcement,https://www.paloalto.gov/News-Articles/City-Manager/Weekly-City-Manager-Updates-August-24-2026,https://www.paloalto.gov/Departments/City-Manager/Latest-News,linked-from-official-page,not-tested
162:0655618,Paramount,CA,50755,2025,incorporated-place,channels-found,504.83,department-page,https://www.paramountcity.gov/government/departments/public-safety/,https://www.paramountcity.gov/government/departments/public-safety/,search-discovered-primary-source; review-jurisdiction,search-readable; automation-unverified
162:0655618,Paramount,CA,50755,2025,incorporated-place,channels-found,504.83,newsroom,https://longbeach.gov/police/press-releases/traffic-fatality---paramount-boulevard-and-56th-street/,https://longbeach.gov/police/press-releases/traffic-fatality---paramount-boulevard-and-56th-street/,search-discovered-primary-source; review-jurisdiction,search-readable; automation-unverified
162:0655618,Paramount,CA,50755,2025,incorporated-place,channels-found,504.83,incident-log,https://www.longbeach.gov/police/news/lbpd-blotter-june-19-2026/,https://www.longbeach.gov/police/news/lbpd-blotter-june-19-2026/,search-discovered-primary-source; review-jurisdiction,search-readable; automation-unverified
162:0656000,Pasadena,CA,135804,2025,incorporated-place,channels-found,485.24,department-page,https://www.cityofpasadena.net/police/,https://www.cityofpasadena.net/,official-domain-or-referral,public-html
162:0656000,Pasadena,CA,135804,2025,incorporated-place,channels-found,485.24,feed-candidate,https://www.cityofpasadena.net/police/feed/,https://www.cityofpasadena.net/police/,linked-from-official-page,public-feed-with-items
162:0656000,Pasadena,CA,135804,2025,incorporated-place,channels-found,485.24,x,https://x.com/pasadenapd,https://www.cityofpasadena.net/police/,linked-from-official-page,not-tested
162:0656000,Pasadena,CA,135804,2025,incorporated-place,channels-found,485.24,facebook,https://www.facebook.com/PasadenaPD/,https://www.cityofpasadena.net/police/,linked-from-official-page,not-tested
162:0656000,Pasadena,CA,135804,2025,incorporated-place,channels-found,485.24,youtube,https://www.youtube.com/user/PasadenaPoliceDept,https://www.cityofpasadena.net/police/,linked-from-official-page,not-tested
162:0656000,Pasadena,CA,135804,2025,incorporated-place,channels-found,485.24,incident-log,https://www.cityofpasadena.net/police/crime/report-a-crime/,https://www.cityofpasadena.net/police/,linked-from-official-page,not-tested
162:0656000,Pasadena,CA,135804,2025,incorporated-place,channels-found,485.24,alerts,https://www.cityofpasadena.net/police/get-alerts-from-ppd/,https://www.cityofpasadena.net/police/,linked-from-official-page,not-tested
162:0656000,Pasadena,CA,135804,2025,incorporated-place,channels-found,485.24,alert-directory,https://local.nixle.com/city/ca/pasadena/,https://www.cityofpasadena.net/police/,linked-from-official-page,not-tested
162:0656000,Pasadena,CA,135804,2025,incorporated-place,channels-found,485.24,announcement,https://www.cityofpasadena.net/police/wp-content/uploads/sites/28/Press-Release-SCU-Gun-Recovery.pdf,https://www.cityofpasadena.net/police/,linked-from-official-page,not-tested
162:0656000,Pasadena,CA,135804,2025,incorporated-place,channels-found,485.24,announcement,https://www.cityofpasadena.net/police/wp-content/uploads/sites/28/Press-Release-PA2024-88313-PC-187.pdf,https://www.cityofpasadena.net/police/,linked-from-official-page,not-tested
162:0656000,Pasadena,CA,135804,2025,incorporated-place,channels-found,485.24,announcement,https://www.cityofpasadena.net/police/wp-content/uploads/sites/28/take-back-Rx-PRESS-RELEASE2-10-26-24.pdf,https://www.cityofpasadena.net/police/,linked-from-official-page,not-tested
162:0656000,Pasadena,CA,135804,2025,incorporated-place,channels-found,485.24,newsroom,https://www.cityofpasadena.net/police/news/,https://www.cityofpasadena.net/police/,linked-from-official-page,not-tested
162:0656000,Pasadena,CA,135804,2025,incorporated-place,channels-found,485.24,feed-candidate,https://www.cityofpasadena.net/police/news/feed/,https://www.cityofpasadena.net/police/news/,linked-from-official-page,public-feed-with-items
162:0656000,Pasadena,CA,135804,2025,incorporated-place,channels-found,485.24,announcement,https://www.cityofpasadena.net/police/wp-content/uploads/sites/28/Press-Release-PA2024-68370-SCU-Gang-Warrant.pdf,https://www.cityofpasadena.net/police/news/,linked-from-official-page,not-tested
162:0656000,Pasadena,CA,135804,2025,incorporated-place,channels-found,485.24,announcement,https://www.cityofpasadena.net/police/wp-content/uploads/sites/28/Press-Release-PA2024-64074Suspicious-Death.pdf,https://www.cityofpasadena.net/police/news/,linked-from-official-page,not-tested
162:0656000,Pasadena,CA,135804,2025,incorporated-place,channels-found,485.24,announcement,https://www.cityofpasadena.net/police/wp-content/uploads/sites/28/Press-Release-Notice-of-Public-Hearing-06-19-24.pdf,https://www.cityofpasadena.net/police/news/,linked-from-official-page,not-tested
162:0656000,Pasadena,CA,135804,2025,incorporated-place,channels-found,485.24,announcement,https://www.cityofpasadena.net/police/wp-content/uploads/sites/28/Press-Release-PA2024-28813-Critical-Incident-Video-OIS.pdf,https://www.cityofpasadena.net/police/news/,linked-from-official-page,not-tested
162:0656000,Pasadena,CA,135804,2025,incorporated-place,channels-found,485.24,announcement,https://www.cityofpasadena.net/police/wp-content/uploads/sites/28/Press-Release-Unidentified-Explosions-Arrest.pdf,https://www.cityofpasadena.net/police/news/,linked-from-official-page,not-tested
162:0656000,Pasadena,CA,135804,2025,incorporated-place,channels-found,485.24,announcement,https://www.cityofpasadena.net/police/wp-content/uploads/sites/28/Press-Release-Fatal-Traffic-Crash-24-36862.pdf,https://www.cityofpasadena.net/police/news/,linked-from-official-page,not-tested
162:0656000,Pasadena,CA,135804,2025,incorporated-place,channels-found,485.24,announcement,https://www.cityofpasadena.net/police/wp-content/uploads/sites/28/Press-Release-PA2024-21775-PC-664-187.pdf,https://www.cityofpasadena.net/police/news/,linked-from-official-page,not-tested
162:0656000,Pasadena,CA,135804,2025,incorporated-place,channels-found,485.24,announcement,https://www.cityofpasadena.net/police/wp-content/uploads/sites/28/Press-Release-Sexual-Assault-24-28824.pdf,https://www.cityofpasadena.net/police/news/,linked-from-official-page,not-tested
162:0656000,Pasadena,CA,135804,2025,incorporated-place,channels-found,485.24,announcement,https://www.cityofpasadena.net/police/wp-content/uploads/sites/28/Press-Release-PA2024-28813-OIS.pdf,https://www.cityofpasadena.net/police/news/,linked-from-official-page,not-tested
162:0656000,Pasadena,CA,135804,2025,incorporated-place,channels-found,485.24,announcement,https://www.cityofpasadena.net/police/wp-content/uploads/sites/28/Press-Release-PA2024-18702-PC-187.pdf,https://www.cityofpasadena.net/police/news/,linked-from-official-page,not-tested
162:0656000,Pasadena,CA,135804,2025,incorporated-place,channels-found,485.24,announcement,https://www.cityofpasadena.net/police/wp-content/uploads/sites/28/Press-Release-Kirk-Alexander-window-smasher-24-15197.pdf,https://www.cityofpasadena.net/police/news/,linked-from-official-page,not-tested
162:0656000,Pasadena,CA,135804,2025,incorporated-place,channels-found,485.24,announcement,https://www.cityofpasadena.net/police/wp-content/uploads/sites/28/Press-Release-Assault-on-Elderly-Woman-24-11293.pdf,https://www.cityofpasadena.net/police/news/,linked-from-official-page,not-tested
162:0656000,Pasadena,CA,135804,2025,incorporated-place,channels-found,485.24,announcement,https://www.cityofpasadena.net/police/wp-content/uploads/sites/28/Press-Release-Police-Imposter-Scam.pdf,https://www.cityofpasadena.net/police/news/,linked-from-official-page,not-tested
162:0656000,Pasadena,CA,135804,2025,incorporated-place,channels-found,485.24,announcement,https://www.cityofpasadena.net/police/wp-content/uploads/sites/28/Press-Release-Statement-from-Pasadena-Police-Chief-Gene-Harris-1.pdf,https://www.cityofpasadena.net/police/news/,linked-from-official-page,not-tested
162:0656000,Pasadena,CA,135804,2025,incorporated-place,channels-found,485.24,announcement,https://www.cityofpasadena.net/police/wp-content/uploads/sites/28/Press-Release-Copper-Wire-Theft-23-102949-12-20-23.pdf,https://www.cityofpasadena.net/police/news/,linked-from-official-page,not-tested
162:0656000,Pasadena,CA,135804,2025,incorporated-place,channels-found,485.24,announcement,https://www.cityofpasadena.net/police/wp-content/uploads/sites/28/Press-Release-PA2023-96508-UPDATE-and-CHARGES-for-Homicide-at-a-Pasadena-Park.pdf,https://www.cityofpasadena.net/police/news/,linked-from-official-page,not-tested
162:0656000,Pasadena,CA,135804,2025,incorporated-place,channels-found,485.24,announcement,https://www.cityofpasadena.net/police/wp-content/uploads/sites/28/Press-Release-PA2023-96508-Update-PC-187-November-20th.pdf,https://www.cityofpasadena.net/police/news/,linked-from-official-page,not-tested
162:0656000,Pasadena,CA,135804,2025,incorporated-place,channels-found,485.24,announcement,https://www.cityofpasadena.net/police/wp-content/uploads/sites/28/Press-Release-PA2023-96508-PC-187.pdf,https://www.cityofpasadena.net/police/news/,linked-from-official-page,not-tested
162:0656000,Pasadena,CA,135804,2025,incorporated-place,channels-found,485.24,announcement,https://www.cityofpasadena.net/police/wp-content/uploads/sites/28/Press-Release-PA2023-88584-PC-187.pdf,https://www.cityofpasadena.net/police/news/,linked-from-official-page,not-tested
162:0656000,Pasadena,CA,135804,2025,incorporated-place,channels-found,485.24,announcement,https://www.cityofpasadena.net/police/wp-content/uploads/sites/28/Press-Release-PA2023-87126-Double-Fatality-Hit-Run-Traffic-Collision-UPDATE.pdf,https://www.cityofpasadena.net/police/news/,linked-from-official-page,not-tested
162:0656000,Pasadena,CA,135804,2025,incorporated-place,channels-found,485.24,announcement,https://www.cityofpasadena.net/police/wp-content/uploads/sites/28/Press-Release-PA2023-87126-Double-Fatality-Hit-Run-Traffic-Accident.pdf,https://www.cityofpasadena.net/police/news/,linked-from-official-page,not-tested
162:0656000,Pasadena,CA,135804,2025,incorporated-place,channels-found,485.24,announcement,https://www.cityofpasadena.net/police/wp-content/uploads/sites/28/Press-Release-PA2023-75108-PC-487a-Grand-Theft.pdf,https://www.cityofpasadena.net/police/news/,linked-from-official-page,not-tested
162:0656000,Pasadena,CA,135804,2025,incorporated-place,channels-found,485.24,announcement,https://www.cityofpasadena.net/police/wp-content/uploads/sites/28/Press-Release-PA2023-75491-Shooting-PC-187-Arrest.pdf,https://www.cityofpasadena.net/police/news/,linked-from-official-page,not-tested
162:0656000,Pasadena,CA,135804,2025,incorporated-place,channels-found,485.24,announcement,https://www.cityofpasadena.net/police/wp-content/uploads/sites/28/Press-Release-PA2023-59798-PC-187-Murder-Charges.pdf,https://www.cityofpasadena.net/police/news/,linked-from-official-page,not-tested
162:0656000,Pasadena,CA,135804,2025,incorporated-place,channels-found,485.24,announcement,https://www.cityofpasadena.net/police/wp-content/uploads/sites/28/Press-Release-PA2023-70595-Shooting.pdf,https://www.cityofpasadena.net/police/news/,linked-from-official-page,not-tested
162:0656000,Pasadena,CA,135804,2025,incorporated-place,channels-found,485.24,announcement,https://www.cityofpasadena.net/police/wp-content/uploads/sites/28/Press-Release-PA2023-69244-PC-187-DA-Filing.pdf,https://www.cityofpasadena.net/police/news/,linked-from-official-page,not-tested
162:0656000,Pasadena,CA,135804,2025,incorporated-place,channels-found,485.24,announcement,https://www.cityofpasadena.net/police/wp-content/uploads/sites/28/Press-Release-PA2023-69244-PC-187.pdf,https://www.cityofpasadena.net/police/news/,linked-from-official-page,not-tested
162:0656000,Pasadena,CA,135804,2025,incorporated-place,channels-found,485.24,announcement,https://www.cityofpasadena.net/police/wp-content/uploads/sites/28/Press-Release-PA2023-65028-PC-187-Update-8-10-23.pdf,https://www.cityofpasadena.net/police/news/,linked-from-official-page,not-tested
162:0656000,Pasadena,CA,135804,2025,incorporated-place,channels-found,485.24,announcement,https://www.cityofpasadena.net/police/wp-content/uploads/sites/28/Press-Release-PA2023-65028-PC-187.pdf,https://www.cityofpasadena.net/police/news/,linked-from-official-page,not-tested
162:0656000,Pasadena,CA,135804,2025,incorporated-place,channels-found,485.24,announcement,https://www.cityofpasadena.net/police/wp-content/uploads/sites/28/Press-Release-PA2023-59798-PC-187-UPDATE.pdf,https://www.cityofpasadena.net/police/news/,linked-from-official-page,not-tested
162:0656000,Pasadena,CA,135804,2025,incorporated-place,channels-found,485.24,announcement,https://www.cityofpasadena.net/police/wp-content/uploads/sites/28/Press-Release-PA2023-59798-PC-187-002.pdf,https://www.cityofpasadena.net/police/news/,linked-from-official-page,not-tested
162:0656000,Pasadena,CA,135804,2025,incorporated-place,channels-found,485.24,announcement,https://www.cityofpasadena.net/police/wp-content/uploads/sites/28/Press-Release-PA2023-52767-Shooting-Suicide.pdf,https://www.cityofpasadena.net/police/news/,linked-from-official-page,not-tested
162:0656000,Pasadena,CA,135804,2025,incorporated-place,channels-found,485.24,announcement,https://www.cityofpasadena.net/police/wp-content/uploads/sites/28/Press-Release-4th-of-July-amended-City-ordinance-safety-tips-060820-002.pdf,https://www.cityofpasadena.net/police/news/,linked-from-official-page,not-tested
162:0656000,Pasadena,CA,135804,2025,incorporated-place,channels-found,485.24,announcement,https://www.cityofpasadena.net/police/wp-content/uploads/sites/28/Press-Release-PA2023-50644-Marc-Oliver-David-Arrest.pdf,https://www.cityofpasadena.net/police/news/,linked-from-official-page,not-tested
162:0656000,Pasadena,CA,135804,2025,incorporated-place,channels-found,485.24,announcement,https://www.cityofpasadena.net/police/wp-content/uploads/sites/28/Press-Release-PA2023-49072-PC-664-187.pdf,https://www.cityofpasadena.net/police/news/,linked-from-official-page,not-tested
162:0656000,Pasadena,CA,135804,2025,incorporated-place,channels-found,485.24,announcement,https://www.cityofpasadena.net/police/wp-content/uploads/sites/28/Press-Release-PA2023-21525-PC-311.11-PC-647j1-.pdf,https://www.cityofpasadena.net/police/news/,linked-from-official-page,not-tested
162:0656000,Pasadena,CA,135804,2025,incorporated-place,channels-found,485.24,announcement,https://www.cityofpasadena.net/police/wp-content/uploads/sites/28/Press-Release-PA2023-16080-PC-288-Medina-warrant-arrest.pdf,https://www.cityofpasadena.net/police/news/,linked-from-official-page,not-tested
162:0656000,Pasadena,CA,135804,2025,incorporated-place,channels-found,485.24,announcement,https://www.cityofpasadena.net/police/wp-content/uploads/sites/28/Press-Release-PA2023-16080-PC-288-Arrest-002.pdf,https://www.cityofpasadena.net/police/news/,linked-from-official-page,not-tested
162:0656000,Pasadena,CA,135804,2025,incorporated-place,channels-found,485.24,announcement,https://www.cityofpasadena.net/police/wp-content/uploads/sites/28/Press-Release-PA2022-90986-PC-187-Arrests.pdf,https://www.cityofpasadena.net/police/news/,linked-from-official-page,not-tested
162:0656000,Pasadena,CA,135804,2025,incorporated-place,channels-found,485.24,announcement,https://www.cityofpasadena.net/police/wp-content/uploads/sites/28/Press-Release-Iran-Moreno-Update-PC-187-002.pdf,https://www.cityofpasadena.net/police/news/,linked-from-official-page,not-tested
162:0656000,Pasadena,CA,135804,2025,incorporated-place,channels-found,485.24,announcement,https://www.cityofpasadena.net/police/wp-content/uploads/sites/28/Press-Release-PA22-78849.pdf,https://www.cityofpasadena.net/police/news/,linked-from-official-page,not-tested
162:0656000,Pasadena,CA,135804,2025,incorporated-place,channels-found,485.24,announcement,https://www.cityofpasadena.net/police/wp-content/uploads/sites/28/Press-Release-20009694-Update.pdf,https://www.cityofpasadena.net/police/news/,linked-from-official-page,not-tested
162:0656000,Pasadena,CA,135804,2025,incorporated-place,channels-found,485.24,announcement,https://www.cityofpasadena.net/police/wp-content/uploads/sites/28/Press-Release-22-73519-PC-220-Arrest.pdf,https://www.cityofpasadena.net/police/news/,linked-from-official-page,not-tested
162:0656000,Pasadena,CA,135804,2025,incorporated-place,channels-found,485.24,announcement,https://www.cityofpasadena.net/police/wp-content/uploads/sites/28/Press-Release-22-73519-PC-220.pdf,https://www.cityofpasadena.net/police/news/,linked-from-official-page,not-tested
162:0656000,Pasadena,CA,135804,2025,incorporated-place,channels-found,485.24,announcement,https://www.cityofpasadena.net/police/wp-content/uploads/sites/28/Press-Release-22-67125-PC-187.pdf,https://www.cityofpasadena.net/police/news/,linked-from-official-page,not-tested
162:0656000,Pasadena,CA,135804,2025,incorporated-place,channels-found,485.24,announcement,https://www.cityofpasadena.net/police/wp-content/uploads/sites/28/22004706-PC-187-Update-8-1-22-Press-Release.pdf,https://www.cityofpasadena.net/police/news/,linked-from-official-page,not-tested
162:0656000,Pasadena,CA,135804,2025,incorporated-place,channels-found,485.24,announcement,https://www.cityofpasadena.net/police/wp-content/uploads/sites/28/Press-Release-22-63631-OIS.pdf,https://www.cityofpasadena.net/police/news/,linked-from-official-page,not-tested
162:0656000,Pasadena,CA,135804,2025,incorporated-place,channels-found,485.24,announcement,https://www.cityofpasadena.net/police/wp-content/uploads/sites/28/Press-Release-22-57009-PC-187.pdf,https://www.cityofpasadena.net/police/news/,linked-from-official-page,not-tested
162:0656000,Pasadena,CA,135804,2025,incorporated-place,channels-found,485.24,announcement,https://www.cityofpasadena.net/police/wp-content/uploads/sites/28/Press-Release-22004706-PC-187.pdf,https://www.cityofpasadena.net/police/news/,linked-from-official-page,not-tested
162:0656000,Pasadena,CA,135804,2025,incorporated-place,channels-found,485.24,announcement,https://www.cityofpasadena.net/police/wp-content/uploads/sites/28/Press-Release-21000007-5-4-2022.pdf,https://www.cityofpasadena.net/police/news/,linked-from-official-page,not-tested
162:0656000,Pasadena,CA,135804,2025,incorporated-place,channels-found,485.24,announcement,https://www.cityofpasadena.net/police/wp-content/uploads/sites/28/Press-Release-April-26-2022-Community-Reinvestment-Grant.pdf,https://www.cityofpasadena.net/police/news/,linked-from-official-page,not-tested
162:0656000,Pasadena,CA,135804,2025,incorporated-place,channels-found,485.24,announcement,https://www.cityofpasadena.net/police/wp-content/uploads/sites/28/Blessings-Theft-Robberies-Arrest-Press-Release.pdf,https://www.cityofpasadena.net/police/news/,linked-from-official-page,not-tested
162:0656000,Pasadena,CA,135804,2025,incorporated-place,channels-found,485.24,announcement,https://www.cityofpasadena.net/police/wp-content/uploads/sites/28/Press-Release-21012303-Reward-Donation.pdf,https://www.cityofpasadena.net/police/news/,linked-from-official-page,not-tested
162:0656000,Pasadena,CA,135804,2025,incorporated-place,channels-found,485.24,announcement,https://www.cityofpasadena.net/police/wp-content/uploads/sites/28/Press-Release-21012496-November-26th-Fatal-Collision.pdf,https://www.cityofpasadena.net/police/news/,linked-from-official-page,not-tested
162:0656000,Pasadena,CA,135804,2025,incorporated-place,channels-found,485.24,announcement,https://www.cityofpasadena.net/police/wp-content/uploads/sites/28/Press-Release-21012303-10K-Reward.pdf,https://www.cityofpasadena.net/police/news/,linked-from-official-page,not-tested
162:0656000,Pasadena,CA,135804,2025,incorporated-place,channels-found,485.24,announcement,https://www.cityofpasadena.net/police/wp-content/uploads/sites/28/Press-Release-November-23-2021-OIS-210012414.pdf,https://www.cityofpasadena.net/police/news/,linked-from-official-page,not-tested
162:0656000,Pasadena,CA,135804,2025,incorporated-place,channels-found,485.24,announcement,https://www.cityofpasadena.net/police/wp-content/uploads/sites/28/Press-Release-21012303.pdf,https://www.cityofpasadena.net/police/news/,linked-from-official-page,not-tested
162:0656000,Pasadena,CA,135804,2025,incorporated-place,channels-found,485.24,announcement,https://www.cityofpasadena.net/police/wp-content/uploads/sites/28/Press-Release-DEA-National-Rx-Take-Back-Campaign.pdf,https://www.cityofpasadena.net/police/news/,linked-from-official-page,not-tested
162:0656000,Pasadena,CA,135804,2025,incorporated-place,channels-found,485.24,announcement,https://www.cityofpasadena.net/police/wp-content/uploads/sites/28/July-4th-PC-246-21007007.pdf,https://www.cityofpasadena.net/police/news/,linked-from-official-page,not-tested
162:0656000,Pasadena,CA,135804,2025,incorporated-place,channels-found,485.24,announcement,https://www.cityofpasadena.net/police/wp-content/uploads/sites/28/OTS-Summer-Mobilization-Press-Release.pdf,https://www.cityofpasadena.net/police/news/,linked-from-official-page,not-tested
162:0656000,Pasadena,CA,135804,2025,incorporated-place,channels-found,485.24,announcement,https://www.cityofpasadena.net/police/wp-content/uploads/sites/28/Press-Release-21007955.pdf,https://www.cityofpasadena.net/police/news/,linked-from-official-page,not-tested
162:0656000,Pasadena,CA,135804,2025,incorporated-place,channels-found,485.24,announcement,https://www.cityofpasadena.net/police/wp-content/uploads/sites/28/Press-Release-July-15-2021-Community-Reinvestment-grant-press-release-1-clickable.pdf,https://www.cityofpasadena.net/police/news/,linked-from-official-page,not-tested
162:0656000,Pasadena,CA,135804,2025,incorporated-place,channels-found,485.24,announcement,https://www.cityofpasadena.net/police/wp-content/uploads/sites/28/Updated-Press-Release-Villa-Parke-Homicide-20012699-Composite.pdf,https://www.cityofpasadena.net/police/news/,linked-from-official-page,not-tested
162:0656000,Pasadena,CA,135804,2025,incorporated-place,channels-found,485.24,announcement,https://www.cityofpasadena.net/police/wp-content/uploads/sites/28/Press-Release-Attempt-Murder-21001567-Updated.pdf,https://www.cityofpasadena.net/police/news/,linked-from-official-page,not-tested
162:0656000,Pasadena,CA,135804,2025,incorporated-place,channels-found,485.24,announcement,https://www.cityofpasadena.net/police/wp-content/uploads/sites/28/Press-Release-Parke-St-Homicide-2nd-suspect-vehicle.pdf,https://www.cityofpasadena.net/police/news/,linked-from-official-page,not-tested
162:0656000,Pasadena,CA,135804,2025,incorporated-place,channels-found,485.24,announcement,https://www.cityofpasadena.net/police/wp-content/uploads/sites/28/Press-Release-New-Details-Re-Double-Homicide-20012699.pdf,https://www.cityofpasadena.net/police/news/,linked-from-official-page,not-tested
162:0656000,Pasadena,CA,135804,2025,incorporated-place,channels-found,485.24,announcement,https://www.cityofpasadena.net/police/wp-content/uploads/sites/28/Press-Release-Updated-21002680-Homicide.pdf,https://www.cityofpasadena.net/police/news/,linked-from-official-page,not-tested
162:0656000,Pasadena,CA,135804,2025,incorporated-place,channels-found,485.24,announcement,https://www.cityofpasadena.net/police/wp-content/uploads/sites/28/Press-Release-Updated-Roscoes-Armed-Robbery-210011778.pdf,https://www.cityofpasadena.net/police/news/,linked-from-official-page,not-tested
162:0656000,Pasadena,CA,135804,2025,incorporated-place,channels-found,485.24,announcement,https://www.cityofpasadena.net/police/wp-content/uploads/sites/28/Press-Release-21002680-Homicide.pdf,https://www.cityofpasadena.net/police/news/,linked-from-official-page,not-tested
162:0656000,Pasadena,CA,135804,2025,incorporated-place,channels-found,485.24,announcement,https://www.cityofpasadena.net/police/wp-content/uploads/sites/28/Press-Release-Attempt-Murder-21001567.pdf,https://www.cityofpasadena.net/police/news/,linked-from-official-page,not-tested
162:0656000,Pasadena,CA,135804,2025,incorporated-place,channels-found,485.24,announcement,https://www.cityofpasadena.net/police/wp-content/uploads/sites/28/Press-Release-Roscoes-Armed-Robbery-210011778.pdf,https://www.cityofpasadena.net/police/news/,linked-from-official-page,not-tested
162:0656000,Pasadena,CA,135804,2025,incorporated-place,channels-found,485.24,announcement,https://www.cityofpasadena.net/police/wp-content/uploads/sites/28/Press-Release-20013708-Attempt-Murder.pdf,https://www.cityofpasadena.net/police/news/,linked-from-official-page,not-tested
162:0656000,Pasadena,CA,135804,2025,incorporated-place,channels-found,485.24,announcement,https://www.cityofpasadena.net/police/wp-content/uploads/sites/28/Press-Release-20013810-Suspect-Villamil-charged-for-murder.pdf,https://www.cityofpasadena.net/police/news/,linked-from-official-page,not-tested
162:0656000,Pasadena,CA,135804,2025,incorporated-place,channels-found,485.24,department-page,https://www.cityofpasadena.net/event/public-safety-committee/,https://www.cityofpasadena.net/,official-domain-or-referral,public-html
162:0656000,Pasadena,CA,135804,2025,incorporated-place,channels-found,485.24,department-page,https://www.cityofpasadena.net/social-media/,https://www.cityofpasadena.net/event/public-safety-committee/,official-domain-or-referral,public-html
162:0656000,Pasadena,CA,135804,2025,incorporated-place,channels-found,485.24,instagram,https://www.instagram.com/pasadenapd/,https://www.cityofpasadena.net/social-media/,linked-from-official-page,not-tested
162:0656000,Pasadena,CA,135804,2025,incorporated-place,channels-found,485.24,youtube,http://www.youtube.com/PasadenaPoliceDept,https://www.cityofpasadena.net/social-media/,linked-from-official-page,not-tested
162:0656000,Pasadena,CA,135804,2025,incorporated-place,channels-found,485.24,department-page,https://www.cityofpasadena.net/city-manager/pasadena-media/,https://www.cityofpasadena.net/event/public-safety-committee/,official-domain-or-referral,public-html
162:0656000,Pasadena,CA,135804,2025,incorporated-place,channels-found,485.24,department-page,https://www.cityofpasadena.net/city-services/class-or-activity/,https://www.cityofpasadena.net/event/public-safety-committee/,official-domain-or-referral,public-html
162:0656700,Perris,CA,83237,2025,incorporated-place,department-found,574.31,department-page,https://www.cityofperris.org/departments/public-safety/police,https://www.cityofperris.org/departments/public-safety/police,search-discovered-primary-source; review-jurisdiction,search-readable; automation-unverified
162:0656700,Perris,CA,83237,2025,incorporated-place,department-found,574.31,department-page,https://www.cityofperris.org/departments/public-safety,https://www.cityofperris.org/departments/public-safety,search-discovered-primary-source; review-jurisdiction,search-readable; automation-unverified
162:0656784,Petaluma,CA,59688,2025,incorporated-place,channels-found,126.38,nextdoor,https://nextdoor.com/agency-detail/ca/petaluma/petaluma-police-department/,https://nextdoor.com/agency-detail/ca/petaluma/petaluma-police-department/,search-discovered-primary-source; review-jurisdiction,search-readable; automation-unverified
162:0656784,Petaluma,CA,59688,2025,incorporated-place,channels-found,126.38,nextdoor,https://api.us.nextdoor.com/agency-detail/ca/petaluma/petaluma-police-department/,https://api.us.nextdoor.com/agency-detail/ca/petaluma/petaluma-police-department/,search-discovered-primary-source; review-jurisdiction,search-readable; automation-unverified
162:0656784,Petaluma,CA,59688,2025,incorporated-place,channels-found,126.38,nixle,https://local.nixle.com/petaluma-police-department/,https://local.nixle.com/city/ca/petaluma/,certified-publisher-in-city-directory; jurisdiction-review-required,public-nixle-archive
162:0656924,Pico Rivera,CA,58915,2025,incorporated-place,channels-found,502.14,newsroom,https://origin.www.longbeach.gov/police/press-releases/at-risk-missing---mcgiffert/,https://origin.www.longbeach.gov/police/press-releases/at-risk-missing---mcgiffert/,search-discovered-primary-source; review-jurisdiction,search-readable; automation-unverified
162:0656924,Pico Rivera,CA,58915,2025,incorporated-place,channels-found,502.14,nixle,https://local.nixle.com/lasd---pico-rivera-station-los-angeles-county-sheriff/,https://local.nixle.com/city/ca/pico-rivera/,certified-publisher-in-city-directory; jurisdiction-review-required,public-nixle-archive
162:0657456,Pittsburg,CA,77542,2025,incorporated-place,channels-found,86.17,newsroom,https://www.pittsburgca.gov/services/police/contact-police-news-events,https://www.pittsburgca.gov/services/police/contact-police-news-events,search-discovered-primary-source; review-jurisdiction,search-readable; automation-unverified
162:0657456,Pittsburg,CA,77542,2025,incorporated-place,channels-found,86.17,department-page,https://www.pittsburgca.gov/services/police/online-crime-reporting,https://www.pittsburgca.gov/services/police/online-crime-reporting,search-discovered-primary-source; review-jurisdiction,search-readable; automation-unverified
162:0657456,Pittsburg,CA,77542,2025,incorporated-place,channels-found,86.17,department-page,https://www.pittsburgca.gov/services/police/support-services-bureau/records-division,https://www.pittsburgca.gov/services/police/support-services-bureau/records-division,search-discovered-primary-source; review-jurisdiction,search-readable; automation-unverified
162:0657526,Placentia,CA,54911,2025,incorporated-place,channels-found,525.73,department-page,https://www.placentia.org/17/Police,https://www.placentia.org/,discovered-department-page; review-jurisdiction,public-html
162:0657526,Placentia,CA,54911,2025,incorporated-place,channels-found,525.73,alerts,https://www.placentia.org/nixle,https://www.placentia.org/17/Police,linked-from-municipal-or-department-page; review-scope,not-tested
162:0657526,Placentia,CA,54911,2025,incorporated-place,channels-found,525.73,alerts,https://www.placentia.org/list.aspx,https://www.placentia.org/17/Police,linked-from-municipal-or-department-page; review-scope,not-tested
162:0657526,Placentia,CA,54911,2025,incorporated-place,channels-found,525.73,facebook,http://www.facebook.com/placentiapd,https://www.placentia.org/17/Police,linked-from-municipal-or-department-page; review-scope,not-tested
162:0657526,Placentia,CA,54911,2025,incorporated-place,channels-found,525.73,instagram,https://www.instagram.com/placentiapd,https://www.placentia.org/17/Police,linked-from-municipal-or-department-page; review-scope,not-tested
162:0657526,Placentia,CA,54911,2025,incorporated-place,channels-found,525.73,department-page,https://www.ocsheriff.gov/occrimestoppers,https://www.placentia.org/17/Police,discovered-department-page; review-jurisdiction,public-html
162:0657526,Placentia,CA,54911,2025,incorporated-place,channels-found,525.73,crime-map,https://www.crimemapping.com/,https://www.ocsheriff.gov/occrimestoppers,linked-from-municipal-or-department-page; review-scope,not-tested
162:0657526,Placentia,CA,54911,2025,incorporated-place,channels-found,525.73,department-page,https://www.placentia.org/592/Transparency,https://www.placentia.org/17/Police,discovered-department-page; review-jurisdiction,public-html
162:0657526,Placentia,CA,54911,2025,incorporated-place,channels-found,525.73,department-page,https://www.placentia.org/938/Critical-Incidents,https://www.placentia.org/17/Police,discovered-department-page; review-jurisdiction,public-html
162:0657792,Pleasanton,CA,74556,2025,incorporated-place,channels-found,47.42,department-page,https://www.cityofpleasantonca.gov/our-government/police/,https://www.cityofpleasantonca.gov/,official-domain-or-referral,public-html
162:0657792,Pleasanton,CA,74556,2025,incorporated-place,channels-found,47.42,alerts,https://www.cityofpleasantonca.gov/our-government/mayor-city-council/council-agenda-notification/,https://www.cityofpleasantonca.gov/our-government/police/,linked-from-official-page,not-tested
162:0657792,Pleasanton,CA,74556,2025,incorporated-place,channels-found,47.42,incident-log,https://www.cityofpleasantonca.gov/our-government/police/crime-mapping-blotter/,https://www.cityofpleasantonca.gov/our-government/police/,linked-from-official-page,not-tested
162:0657792,Pleasanton,CA,74556,2025,incorporated-place,channels-found,47.42,facebook,https://www.facebook.com/PleasantonPoliceCA,https://www.cityofpleasantonca.gov/our-government/police/,linked-from-official-page,not-tested
162:0657792,Pleasanton,CA,74556,2025,incorporated-place,channels-found,47.42,x,https://x.com/pleasantonpd,https://www.cityofpleasantonca.gov/our-government/police/,linked-from-official-page,not-tested
162:0657792,Pleasanton,CA,74556,2025,incorporated-place,channels-found,47.42,instagram,https://www.instagram.com/pleasantonpd/,https://www.cityofpleasantonca.gov/our-government/police/,linked-from-official-page,not-tested
162:0657792,Pleasanton,CA,74556,2025,incorporated-place,channels-found,47.42,alert-directory,https://local.nixle.com/register/,https://www.cityofpleasantonca.gov/our-government/police/,linked-from-official-page,not-tested
162:0657792,Pleasanton,CA,74556,2025,incorporated-place,channels-found,47.42,department-page,https://www.cityofpleasantonca.gov/news/,https://www.cityofpleasantonca.gov/our-government/police/,official-domain-or-referral,public-html
162:0657792,Pleasanton,CA,74556,2025,incorporated-place,channels-found,47.42,department-page,https://www.cityofpleasantonca.gov/our-government/newsletter-signup/,https://www.cityofpleasantonca.gov/our-government/police/,official-domain-or-referral,public-html
162:0657792,Pleasanton,CA,74556,2025,incorporated-place,channels-found,47.42,alerts,https://www.cityofpleasantonca.gov/our-government/community-and-economic-development/planning-commission/,https://www.cityofpleasantonca.gov/our-government/newsletter-signup/,linked-from-official-page,not-tested
162:0657792,Pleasanton,CA,74556,2025,incorporated-place,channels-found,47.42,department-page,https://www.cityofpleasantonca.gov/our-government/police/contact-us/,https://www.cityofpleasantonca.gov/,official-domain-or-referral,public-html
162:0657792,Pleasanton,CA,74556,2025,incorporated-place,channels-found,47.42,nixle,https://local.nixle.com/pleasanton-police-department/,https://local.nixle.com/city/ca/pleasanton/,certified-publisher-in-city-directory; jurisdiction-review-required,public-nixle-archive
162:0658072,Pomona,CA,147807,2025,incorporated-place,department-found,517.75,department-page,https://www.pomonaca.gov/government/departments/police-department?locale=en,https://www.pomonaca.gov/government/departments/police-department?locale=en,search-discovered-primary-source; review-jurisdiction,search-readable; automation-unverified
162:0658072,Pomona,CA,147807,2025,incorporated-place,department-found,517.75,department-page,https://www.pomonaca.gov/government/departments/police-department?locale=en&quot=,https://www.pomonaca.gov/government/departments/police-department?locale=en&quot=,search-discovered-primary-source; review-jurisdiction,search-readable; automation-unverified
162:0658072,Pomona,CA,147807,2025,incorporated-place,department-found,517.75,department-page,https://locator.lacounty.gov/lac/Location/3175457/city-of-pomona-police-department,https://locator.lacounty.gov/lac/Location/3175457/city-of-pomona-police-department,search-discovered-primary-source; review-jurisdiction,search-readable; automation-unverified
162:0658240,Porterville,CA,63088,2025,incorporated-place,channels-found,290.77,department-page,https://www.ci.porterville.ca.us/departments/police/index.php,https://www.ci.porterville.ca.us/,discovered-department-page; review-jurisdiction,public-html
162:0658240,Porterville,CA,63088,2025,incorporated-place,channels-found,290.77,alerts,https://www.ci.porterville.ca.us/departments/police/government/city_manager/iris_-_internet_resident_information_system.php,https://www.ci.porterville.ca.us/departments/police/index.php,linked-from-municipal-or-department-page; review-scope,not-tested
162:0658240,Porterville,CA,63088,2025,incorporated-place,channels-found,290.77,alerts,http://www.tularecounty.ca.gov/alerttc/,https://www.ci.porterville.ca.us/departments/police/index.php,linked-from-municipal-or-department-page; review-scope,not-tested
162:0658240,Porterville,CA,63088,2025,incorporated-place,channels-found,290.77,facebook,https://www.facebook.com/portervillepd,https://www.ci.porterville.ca.us/departments/police/index.php,linked-from-municipal-or-department-page; review-scope,not-tested
162:0658240,Porterville,CA,63088,2025,incorporated-place,channels-found,290.77,department-page,https://www.ci.porterville.ca.us/departments/police/about_us.php,https://www.ci.porterville.ca.us/,discovered-department-page; review-jurisdiction,public-html
162:0659444,Rancho Cordova,CA,87554,2025,incorporated-place,department-found,160.72,department-page,https://www.ranchocordovapd.com/,https://www.ranchocordovapd.com/,reviewed-primary-web-source,search-readable; automation-unverified
162:0659451,Rancho Cucamonga,CA,177856,2025,incorporated-place,channels-found,525.31,department-page,https://www.cityofrc.us/public-safety,https://www.cityofrc.us/,discovered-department-page; review-jurisdiction,public-html
162:0659451,Rancho Cucamonga,CA,177856,2025,incorporated-place,channels-found,525.31,department-page,https://www.cityofrc.us/RCPD,https://www.cityofrc.us/public-safety,discovered-department-page; review-jurisdiction,public-html
162:0659451,Rancho Cucamonga,CA,177856,2025,incorporated-place,channels-found,525.31,facebook,https://www.facebook.com/RanchoPD/,https://www.cityofrc.us/RCPD,linked-from-municipal-or-department-page; review-scope,not-tested
162:0659451,Rancho Cucamonga,CA,177856,2025,incorporated-place,channels-found,525.31,x,https://x.com/ranchopd,https://www.cityofrc.us/RCPD,linked-from-municipal-or-department-page; review-scope,not-tested
162:0659451,Rancho Cucamonga,CA,177856,2025,incorporated-place,channels-found,525.31,department-page,https://www.cityofrc.us/public-safety/police/pay-citation,https://www.cityofrc.us/,discovered-department-page; review-jurisdiction,public-html
162:0659451,Rancho Cucamonga,CA,177856,2025,incorporated-place,channels-found,525.31,nixle,https://local.nixle.com/sbsd---rancho-cucamonga-police-department/,https://local.nixle.com/city/ca/rancho-cucamonga/,certified-publisher-in-city-directory; jurisdiction-review-required,public-nixle-archive
162:0659920,Redding,CA,94092,2025,incorporated-place,department-found,371.73,department-page,https://files.cityofredding.gov/government/departments/police/index.php,https://files.cityofredding.gov/government/departments/police/index.php,search-discovered-primary-source; review-jurisdiction,search-readable; automation-unverified
162:0659920,Redding,CA,94092,2025,incorporated-place,department-found,371.73,department-page,https://files.cityofredding.gov/Document%20Center/Departments/Police/Policies%20%26%20Reference%20Library/Policy%20Manual/General%20Operations/316_Public_Alerts.pdf,https://files.cityofredding.gov/Document%20Center/Departments/Police/Policies%20%26%20Reference%20Library/Policy%20Manual/General%20Operations/316_Public_Alerts.pdf,search-discovered-primary-source; review-jurisdiction,search-readable; automation-unverified
162:0659920,Redding,CA,94092,2025,incorporated-place,department-found,371.73,department-page,https://files.cityofredding.gov/government/departments/police/crime_info/crime_statistics.php,https://files.cityofredding.gov/government/departments/police/crime_info/crime_statistics.php,search-discovered-primary-source; review-jurisdiction,search-readable; automation-unverified
162:0659962,Redlands,CA,74128,2025,incorporated-place,channels-found,558.21,department-page,https://www.redlands.gov/police-appointments/,https://raw.githubusercontent.com/cisagov/dotgov-data/main/current-full.csv,official-domain-or-referral,public-html
162:0659962,Redlands,CA,74128,2025,incorporated-place,channels-found,558.21,feed-candidate,https://www.redlands.gov/police-appointments/feed/,https://www.redlands.gov/police-appointments/,linked-from-official-page,empty-public-feed
162:0659962,Redlands,CA,74128,2025,incorporated-place,channels-found,558.21,alerts,https://www.redlands.gov/drone-notification/,https://www.redlands.gov/police-appointments/,linked-from-official-page,not-tested
162:0659962,Redlands,CA,74128,2025,incorporated-place,channels-found,558.21,newsroom,https://www.redlands.gov/newsroom/,https://www.redlands.gov/police-appointments/,linked-from-official-page,not-tested
162:0659962,Redlands,CA,74128,2025,incorporated-place,channels-found,558.21,department-page,https://www.redlands.gov/news-events/,https://www.redlands.gov/police-appointments/,official-domain-or-referral,public-html
162:0659962,Redlands,CA,74128,2025,incorporated-place,channels-found,558.21,newsroom,https://www.redlands.gov/news-events/newsroom/,https://www.redlands.gov/news-events/,linked-from-official-page,not-tested
162:0659962,Redlands,CA,74128,2025,incorporated-place,channels-found,558.21,department-page,https://www.redlands.gov/social-media/,https://www.redlands.gov/police-appointments/,official-domain-or-referral,public-html
162:0659962,Redlands,CA,74128,2025,incorporated-place,channels-found,558.21,department-page,https://www.redlands.gov/public-safety/,https://www.redlands.gov/,official-domain-or-referral,public-html
162:0659962,Redlands,CA,74128,2025,incorporated-place,channels-found,558.21,feed-candidate,https://www.redlands.gov/public-safety/feed/,https://www.redlands.gov/public-safety/,linked-from-official-page,empty-public-feed
162:0659962,Redlands,CA,74128,2025,incorporated-place,channels-found,558.21,department-page,https://www.redlands.gov/make-appointment/,https://www.redlands.gov/,official-domain-or-referral,public-html
162:0660018,Redondo Beach,CA,67281,2025,incorporated-place,department-found,495.0,department-page,https://www.redondo.org/Police%20Pictures/PD%20PDF/Transparency/RBPD%20Policy%20Manual%20September%202024.pdf,https://www.redondo.org/Police%20Pictures/PD%20PDF/Transparency/RBPD%20Policy%20Manual%20September%202024.pdf,search-discovered-primary-source; review-jurisdiction,search-readable; automation-unverified
162:0660018,Redondo Beach,CA,67281,2025,incorporated-place,department-found,495.0,department-page,https://locator.lacounty.gov/lac/Location/3068962/city-of-redondo-beach-police-department,https://locator.lacounty.gov/lac/Location/3068962/city-of-redondo-beach-police-department,search-discovered-primary-source; review-jurisdiction,search-readable; automation-unverified
162:0660102,Redwood City,CA,82178,2025,incorporated-place,channels-found,38.56,department-page,https://www.redwoodcity.org/departments/police-department,https://www.redwoodcity.org/departments/police-department,search-discovered-primary-source; review-jurisdiction,search-readable; automation-unverified
162:0660102,Redwood City,CA,82178,2025,incorporated-place,channels-found,38.56,department-page,https://www.redwoodcity.org/departments/police-department/about-us/community-policing,https://www.redwoodcity.org/departments/police-department/about-us/community-policing,search-discovered-primary-source; review-jurisdiction,search-readable; automation-unverified
162:0660102,Redwood City,CA,82178,2025,incorporated-place,channels-found,38.56,department-page,https://www.redwoodcity.org/departments/police-department/connect-with-us,https://www.redwoodcity.org/departments/police-department/connect-with-us,search-discovered-primary-source; review-jurisdiction,search-readable; automation-unverified
162:0660102,Redwood City,CA,82178,2025,incorporated-place,channels-found,38.56,nixle,https://local.nixle.com/redwood-city-police-department/,https://local.nixle.com/city/ca/redwood-city/,certified-publisher-in-city-directory; jurisdiction-review-required,public-nixle-archive
162:0660466,Rialto,CA,106554,2025,incorporated-place,department-found,538.37,department-page,https://www.rialtoca.gov/m/directory/department?did=53,https://www.rialtoca.gov/m/directory/department?did=53,search-discovered-primary-source; review-jurisdiction,search-readable; automation-unverified
162:0660620,Richmond,CA,114861,2025,incorporated-place,channels-found,86.99,department-page,https://www.richmondca.gov/82/Police-Department,https://www.richmondca.gov/,official-domain-or-referral,public-html
162:0660620,Richmond,CA,114861,2025,incorporated-place,channels-found,86.99,alerts,https://www.richmondca.gov/AlertCenter.aspx,https://www.richmondca.gov/82/Police-Department,linked-from-official-page,not-tested
162:0660620,Richmond,CA,114861,2025,incorporated-place,channels-found,86.99,alerts,https://www.richmondca.gov/m/NewsFlash/home/detail/2473,https://www.richmondca.gov/82/Police-Department,linked-from-official-page,not-tested
162:0660620,Richmond,CA,114861,2025,incorporated-place,channels-found,86.99,facebook,https://www.facebook.com/richmondpolicecali/,https://www.richmondca.gov/82/Police-Department,linked-from-official-page,not-tested
162:0660620,Richmond,CA,114861,2025,incorporated-place,channels-found,86.99,newsroom,https://www.richmondca.gov/4720/News-and-Press-Releases,https://www.richmondca.gov/82/Police-Department,linked-from-official-page,not-tested
162:0660620,Richmond,CA,114861,2025,incorporated-place,channels-found,86.99,newsroom,https://www.richmondca.gov/4693/Press-Releases,https://www.richmondca.gov/82/Police-Department,linked-from-official-page,not-tested
162:0660620,Richmond,CA,114861,2025,incorporated-place,channels-found,86.99,department-page,https://www.richmondca.gov/4689/Crime-Data,https://www.richmondca.gov/82/Police-Department,official-domain-or-referral,public-html
162:0660620,Richmond,CA,114861,2025,incorporated-place,channels-found,86.99,department-page,https://www.richmondca.gov/4582/KCRT-Media,https://www.richmondca.gov/82/Police-Department,official-domain-or-referral,public-html
162:0660620,Richmond,CA,114861,2025,incorporated-place,channels-found,86.99,alerts,https://www.richmondca.gov/CivicAlerts.aspx?AID=2373,https://www.richmondca.gov/4582/KCRT-Media,linked-from-official-page,not-tested
162:0660620,Richmond,CA,114861,2025,incorporated-place,channels-found,86.99,alerts,https://www.richmondca.gov/CivicAlerts.aspx?AID=2203,https://www.richmondca.gov/4582/KCRT-Media,linked-from-official-page,not-tested
162:0660620,Richmond,CA,114861,2025,incorporated-place,channels-found,86.99,alerts,https://www.richmondca.gov/CivicAlerts.aspx?CID=35,https://www.richmondca.gov/4582/KCRT-Media,linked-from-official-page,not-tested
162:0660620,Richmond,CA,114861,2025,incorporated-place,channels-found,86.99,alerts,https://www.richmondca.gov/List.aspx,https://www.richmondca.gov/AlertCenter.aspx,linked-from-official-page,not-tested
162:0660620,Richmond,CA,114861,2025,incorporated-place,channels-found,86.99,alerts,https://www.richmondca.gov/AlertCenter.aspx?AID=Phishing-Scam-Alert-Emails-Impersonating-29,https://www.richmondca.gov/AlertCenter.aspx,linked-from-official-page,not-tested
162:0660620,Richmond,CA,114861,2025,incorporated-place,channels-found,86.99,alerts,https://www.richmondca.gov/AlertCenter.aspx?AID=Coronavirus-Information-2,https://www.richmondca.gov/AlertCenter.aspx,linked-from-official-page,not-tested
162:0660620,Richmond,CA,114861,2025,incorporated-place,channels-found,86.99,alerts,https://www.richmondca.gov/list.aspx?Mode=Subscribe,https://www.richmondca.gov/AlertCenter.aspx,linked-from-official-page,not-tested
162:0660620,Richmond,CA,114861,2025,incorporated-place,channels-found,86.99,alerts,https://www.richmondca.gov/AlertCenter.aspx?CID=Public-Alerts-2,https://www.richmondca.gov/AlertCenter.aspx,linked-from-official-page,not-tested
162:0662000,Riverside,CA,323057,2025,incorporated-place,department-found,551.51,department-page,https://riversideca.gov/rpd/rpd/rpd/,https://riversideca.gov/rpd/rpd/rpd/,search-discovered-primary-source; review-jurisdiction,search-readable; automation-unverified
162:0662000,Riverside,CA,323057,2025,incorporated-place,department-found,551.51,department-page,https://www.riversideca.gov/rpd/about-contact,https://www.riversideca.gov/rpd/about-contact,search-discovered-primary-source; review-jurisdiction,search-readable; automation-unverified
162:0662000,Riverside,CA,323057,2025,incorporated-place,department-found,551.51,department-page,https://riversideca.gov/Explore/2018/Explore_WinSpr_DIGITAL_Linked.pdf,https://riversideca.gov/Explore/2018/Explore_WinSpr_DIGITAL_Linked.pdf,search-discovered-primary-source; review-jurisdiction,search-readable; automation-unverified
162:0662364,Rocklin,CA,76821,2025,incorporated-place,channels-found,184.13,newsroom,https://www.rocklin.ca.us/overview/pd-news-and-crime-reports,https://www.rocklin.ca.us/overview/pd-news-and-crime-reports,search-discovered-primary-source; review-jurisdiction,search-readable; automation-unverified
162:0662364,Rocklin,CA,76821,2025,incorporated-place,channels-found,184.13,newsroom,https://www.rocklin.ca.us/news/police-department-news,https://www.rocklin.ca.us/news/police-department-news,search-discovered-primary-source; review-jurisdiction,search-readable; automation-unverified
162:0662364,Rocklin,CA,76821,2025,incorporated-place,channels-found,184.13,department-page,https://www.rocklin.ca.us/locations-link/police-department,https://www.rocklin.ca.us/locations-link/police-department,search-discovered-primary-source; review-jurisdiction,search-readable; automation-unverified
162:0662938,Roseville,CA,167302,2025,incorporated-place,channels-found,178.33,department-page,https://www.roseville.ca.gov/police/index.php,https://www.roseville.ca.gov/,discovered-department-page; review-jurisdiction,public-html
162:0662938,Roseville,CA,167302,2025,incorporated-place,channels-found,178.33,alerts,https://member.everbridge.net/453003085611269/login,https://www.roseville.ca.gov/police/index.php,linked-from-municipal-or-department-page; review-scope,not-tested
162:0662938,Roseville,CA,167302,2025,incorporated-place,channels-found,178.33,alerts,https://public.govdelivery.com/accounts/CAROSEVILLE/subscriber/new,https://www.roseville.ca.gov/police/index.php,linked-from-municipal-or-department-page; review-scope,not-tested
162:0662938,Roseville,CA,167302,2025,incorporated-place,channels-found,178.33,incident-log,https://www.roseville.ca.gov/police/police/resources/crime_log_reports.php,https://www.roseville.ca.gov/police/index.php,linked-from-municipal-or-department-page; review-scope,not-tested
162:0662938,Roseville,CA,167302,2025,incorporated-place,channels-found,178.33,facebook,https://www.facebook.com/RosevilleCaliforniaPolice/,https://www.roseville.ca.gov/police/index.php,linked-from-municipal-or-department-page; review-scope,not-tested
162:0662938,Roseville,CA,167302,2025,incorporated-place,channels-found,178.33,instagram,https://www.instagram.com/company/roseville-police-department/,https://www.roseville.ca.gov/police/index.php,linked-from-municipal-or-department-page; review-scope,not-tested
162:0662938,Roseville,CA,167302,2025,incorporated-place,channels-found,178.33,x,https://x.com/rsvl_police,https://www.roseville.ca.gov/police/index.php,linked-from-municipal-or-department-page; review-scope,not-tested
162:0662938,Roseville,CA,167302,2025,incorporated-place,channels-found,178.33,department-page,https://www.roseville.ca.gov/police/animal_control/index.php,https://www.roseville.ca.gov/,discovered-department-page; review-jurisdiction,public-html
162:0664000,Sacramento,CA,536449,2025,incorporated-place,channels-found,153.01,department-page,https://www.cityofsacramento.gov/opsa,https://www.cityofsacramento.gov/,official-domain-or-referral,public-html
162:0664000,Sacramento,CA,536449,2025,incorporated-place,channels-found,153.01,newsroom,https://www.cityofsacramento.gov/mayor-council/district-1/d1-community-meetings,https://www.cityofsacramento.gov/opsa,linked-from-official-page,not-tested
162:0664000,Sacramento,CA,536449,2025,incorporated-place,channels-found,153.01,alerts,https://www.cityofsacramento.gov/fire/join-sacramento-fire/notifications,https://www.cityofsacramento.gov/opsa,linked-from-official-page,not-tested
162:0664000,Sacramento,CA,536449,2025,incorporated-place,channels-found,153.01,alerts,https://www.cityofsacramento.gov/police/police-news/public-information-office/helicopter-notifications,https://www.cityofsacramento.gov/opsa,linked-from-official-page,not-tested
162:0664000,Sacramento,CA,536449,2025,incorporated-place,channels-found,153.01,department-page,https://www.cityofsacramento.gov/ccs/esd/film-media,https://www.cityofsacramento.gov/opsa,official-domain-or-referral,public-html
162:0664224,Salinas,CA,159134,2025,incorporated-place,channels-found,67.36,department-page,https://police.salinas.gov/,https://www.salinas.gov/Home,official-domain-or-referral,public-html
162:0664224,Salinas,CA,159134,2025,incorporated-place,channels-found,67.36,feed-candidate,https://police.salinas.gov/feed/,https://police.salinas.gov/,linked-from-official-page,public-feed-with-items
162:0664224,Salinas,CA,159134,2025,incorporated-place,channels-found,67.36,feed-candidate,https://police.salinas.gov/comments/feed/,https://police.salinas.gov/,linked-from-official-page,empty-public-feed
162:0664224,Salinas,CA,159134,2025,incorporated-place,channels-found,67.36,incident-log,https://police.salinas.gov/hate-crime-reporting/,https://police.salinas.gov/,linked-from-official-page,not-tested
162:0664224,Salinas,CA,159134,2025,incorporated-place,channels-found,67.36,facebook,https://www.facebook.com/SalinasPoliceDepartment,https://police.salinas.gov/,linked-from-official-page,not-tested
162:0664224,Salinas,CA,159134,2025,incorporated-place,channels-found,67.36,instagram,https://www.instagram.com/salinaspolicedepartment/,https://police.salinas.gov/,linked-from-official-page,not-tested
162:0664224,Salinas,CA,159134,2025,incorporated-place,channels-found,67.36,x,https://x.com/salinaspd,https://police.salinas.gov/,linked-from-official-page,not-tested
162:0664224,Salinas,CA,159134,2025,incorporated-place,channels-found,67.36,department-page,https://police.salinas.gov/all-news/,https://police.salinas.gov/,official-domain-or-referral,public-html
162:0664224,Salinas,CA,159134,2025,incorporated-place,channels-found,67.36,department-page,https://www.salinas.gov/City-Hall/Boards-and-Commissions/Police-Community-Advisory-Committee,https://www.salinas.gov/Home,official-domain-or-referral,public-html
162:0664224,Salinas,CA,159134,2025,incorporated-place,channels-found,67.36,newsroom,https://www.salinas.gov/Newsroom,https://www.salinas.gov/City-Hall/Boards-and-Commissions/Police-Community-Advisory-Committee,linked-from-official-page,not-tested
162:0664224,Salinas,CA,159134,2025,incorporated-place,channels-found,67.36,newsroom,https://www.salinas.gov/Newsroom/Announcements-E-Newsletters,https://www.salinas.gov/City-Hall/Boards-and-Commissions/Police-Community-Advisory-Committee,linked-from-official-page,not-tested
162:0664224,Salinas,CA,159134,2025,incorporated-place,channels-found,67.36,newsroom,https://www.salinas.gov/Newsroom/News-Articles,https://www.salinas.gov/City-Hall/Boards-and-Commissions/Police-Community-Advisory-Committee,linked-from-official-page,not-tested
162:0664224,Salinas,CA,159134,2025,incorporated-place,channels-found,67.36,newsroom,https://www.salinas.gov/Newsroom/Public-Meetings-Agendas,https://www.salinas.gov/City-Hall/Boards-and-Commissions/Police-Community-Advisory-Committee,linked-from-official-page,not-tested
162:0664224,Salinas,CA,159134,2025,incorporated-place,channels-found,67.36,newsroom,https://www.salinas.gov/Newsroom/Press-Releases,https://www.salinas.gov/City-Hall/Boards-and-Commissions/Police-Community-Advisory-Committee,linked-from-official-page,not-tested
162:0664224,Salinas,CA,159134,2025,incorporated-place,channels-found,67.36,newsroom,https://www.salinas.gov/Newsroom/Public-Notices,https://www.salinas.gov/City-Hall/Boards-and-Commissions/Police-Community-Advisory-Committee,linked-from-official-page,not-tested
162:0664224,Salinas,CA,159134,2025,incorporated-place,channels-found,67.36,department-page,https://www.salinas.gov/City-Hall/Transparency,https://www.salinas.gov/City-Hall/Boards-and-Commissions/Police-Community-Advisory-Committee,official-domain-or-referral,public-html
162:0665000,San Bernardino,CA,222044,2025,incorporated-place,department-found,543.19,department-page,https://www.sanbernardino.gov/police,https://www.sanbernardino.gov/police,search-discovered-primary-source; review-jurisdiction,search-readable; automation-unverified
162:0665000,San Bernardino,CA,222044,2025,incorporated-place,department-found,543.19,department-page,https://sanbernardino.gov/FormCenter/Police-Department-10,https://sanbernardino.gov/FormCenter/Police-Department-10,search-discovered-primary-source; review-jurisdiction,search-readable; automation-unverified
162:0665000,San Bernardino,CA,222044,2025,incorporated-place,department-found,543.19,department-page,https://www.sanbernardino.gov/600/Crime-Statistics,https://www.sanbernardino.gov/600/Crime-Statistics,search-discovered-primary-source; review-jurisdiction,search-readable; automation-unverified
162:0665042,San Buenaventura (Ventura),CA,109914,2025,incorporated-place,channels-found,410.25,newsroom,https://www.cityofventura.ca.gov/Blog.aspx?CID=5,https://www.cityofventura.ca.gov/Blog.aspx?CID=5,reviewed-primary-web-source,search-readable; automation-unverified
162:0665084,San Clemente,CA,62226,2025,incorporated-place,department-found,576.23,department-page,https://www.sanclemente.gov/239/Public-Safety-Services,https://www.sanclemente.gov/239/Public-Safety-Services,search-discovered-primary-source; review-jurisdiction,search-readable; automation-unverified
162:0665084,San Clemente,CA,62226,2025,incorporated-place,department-found,576.23,department-page,https://www.sanclemente.gov/301/Police-Services-OCSD,https://www.sanclemente.gov/301/Police-Services-OCSD,search-discovered-primary-source; review-jurisdiction,search-readable; automation-unverified
162:0665084,San Clemente,CA,62226,2025,incorporated-place,department-found,576.23,department-page,https://ocsheriff.gov/patrol-areas/san-clemente,https://ocsheriff.gov/patrol-areas/san-clemente,search-discovered-primary-source; review-jurisdiction,search-readable; automation-unverified
162:0666000,San Diego,CA,1406106,2025,incorporated-place,channels-found,658.21,crime-map,https://www.crimemapping.com/,https://www.sandiego.gov/,linked-from-official-page,not-tested
162:0666000,San Diego,CA,1406106,2025,incorporated-place,channels-found,658.21,department-page,https://www.sandiego.gov/police,https://www.sandiego.gov/,official-domain-or-referral,public-html
162:0666000,San Diego,CA,1406106,2025,incorporated-place,channels-found,658.21,alerts,https://www.sandiego.gov/oes/informed,https://www.sandiego.gov/police,linked-from-official-page,not-tested
162:0666000,San Diego,CA,1406106,2025,incorporated-place,channels-found,658.21,newsroom,https://www.sandiego.gov/police/news-center,https://www.sandiego.gov/police,linked-from-official-page,not-tested
162:0666000,San Diego,CA,1406106,2025,incorporated-place,channels-found,658.21,facebook,https://facebook.com/sandiegopolicedepartment,https://www.sandiego.gov/police,linked-from-official-page,not-tested
162:0666000,San Diego,CA,1406106,2025,incorporated-place,channels-found,658.21,x,https://x.com/sandiegopd,https://www.sandiego.gov/police,linked-from-official-page,not-tested
162:0666000,San Diego,CA,1406106,2025,incorporated-place,channels-found,658.21,youtube,https://www.youtube.com/c/SanDiegoPoliceDepartment,https://www.sandiego.gov/police,linked-from-official-page,not-tested
162:0666000,San Diego,CA,1406106,2025,incorporated-place,channels-found,658.21,instagram,https://instagram.com/sandiegopd,https://www.sandiego.gov/police,linked-from-official-page,not-tested
162:0666000,San Diego,CA,1406106,2025,incorporated-place,channels-found,658.21,nextdoor,https://nextdoor.com/agency-detail/ca/san-diego/san-diego-police-department/,https://www.sandiego.gov/police,linked-from-official-page,not-tested
162:0666000,San Diego,CA,1406106,2025,incorporated-place,channels-found,658.21,newsroom,https://www.sandiego.gov/police/news-center/news-releases,https://www.sandiego.gov/police,linked-from-official-page,not-tested
162:0666000,San Diego,CA,1406106,2025,incorporated-place,channels-found,658.21,department-page,https://www.sandiego.gov/connect,https://www.sandiego.gov/police,official-domain-or-referral,public-html
162:0666000,San Diego,CA,1406106,2025,incorporated-place,channels-found,658.21,newsroom,https://www.sandiego.gov/police/news-center/cold-cases,https://www.sandiego.gov/police/news-center,linked-from-official-page,not-tested
162:0666000,San Diego,CA,1406106,2025,incorporated-place,channels-found,658.21,newsroom,https://www.sandiego.gov/police/news-center/public-records-act-request,https://www.sandiego.gov/police/news-center,linked-from-official-page,not-tested
162:0666000,San Diego,CA,1406106,2025,incorporated-place,channels-found,658.21,department-page,https://www.sandiego.gov/public-safety,https://www.sandiego.gov/,official-domain-or-referral,public-html
162:0666000,San Diego,CA,1406106,2025,incorporated-place,channels-found,658.21,alerts,https://www.sandiego.gov/ohs/emergencynotification,https://www.sandiego.gov/public-safety,linked-from-official-page,not-tested
162:0666000,San Diego,CA,1406106,2025,incorporated-place,channels-found,658.21,alerts,http://www.readysandiego.org/alertsandiego/,https://www.sandiego.gov/public-safety,linked-from-official-page,not-tested
162:0667000,San Francisco,CA,826079,2025,incorporated-place,department-found,110.16,department-page,https://www.ssfca.gov/Departments/Police-Department/Divisions/Services,https://www.ssfca.gov/Departments/Police-Department/Divisions/Services,search-discovered-primary-source; review-jurisdiction,search-readable; automation-unverified
162:0667000,San Francisco,CA,826079,2025,incorporated-place,department-found,110.16,department-page,https://media.api.sf.gov/documents/PoliceCommission101624-_Commission_Crime_Trends_Notes_10.16.24.pdf,https://media.api.sf.gov/documents/PoliceCommission101624-_Commission_Crime_Trends_Notes_10.16.24.pdf,search-discovered-primary-source; review-jurisdiction,search-readable; automation-unverified
162:0667000,San Francisco,CA,826079,2025,incorporated-place,department-found,110.16,department-page,https://media.api.sf.gov/documents/Commission_Crime_Trends_Notes_09.11.24.pdf,https://media.api.sf.gov/documents/Commission_Crime_Trends_Notes_09.11.24.pdf,search-discovered-primary-source; review-jurisdiction,search-readable; automation-unverified
162:0667112,San Jacinto,CA,56014,2025,incorporated-place,channels-found,589.02,department-page,https://www.sanjacintoca.gov/city_departments/public-safety,https://www.sanjacintoca.gov/,official-domain-or-referral,public-html
162:0667112,San Jacinto,CA,56014,2025,incorporated-place,channels-found,589.02,newsroom,https://www.sanjacintoca.gov/community/press_releases,https://www.sanjacintoca.gov/city_departments/public-safety,linked-from-official-page,not-tested
162:0667112,San Jacinto,CA,56014,2025,incorporated-place,channels-found,589.02,department-page,https://www.sanjacintoca.gov/city_departments/city-managers-office/social_media,https://www.sanjacintoca.gov/city_departments/public-safety,official-domain-or-referral,public-html
162:0667112,San Jacinto,CA,56014,2025,incorporated-place,channels-found,589.02,department-page,https://www.sanjacintoca.gov/city_departments/public-safety/police-department,https://www.sanjacintoca.gov/,official-domain-or-referral,public-html
162:0668000,San Jose,CA,989814,2025,incorporated-place,channels-found,12.75,newsroom,https://www.sjpd.org/about-us/inside-sjpd/press-releases,https://www.sjpd.org/about-us/organization/office-of-the-chief-of-police/media-relations-pio,reviewed-official-page,search-readable; direct-http-403
162:0668000,San Jose,CA,989814,2025,incorporated-place,channels-found,12.75,x,https://x.com/sjpd_pio,https://info.sjpd.org/records/pc-13650_library/Unit%20Guidelines/Media%20Relations%20Unit%20Guidelines%20UPDATE%201-4-2024_Redacted.pdf,official-department-publication,not-tested
162:0668084,San Leandro,CA,85353,2025,incorporated-place,channels-found,54.71,department-page,https://www.sanleandro.org/police,https://www.sanleandro.org/police,search-discovered-primary-source; review-jurisdiction,search-readable; automation-unverified
162:0668084,San Leandro,CA,85353,2025,incorporated-place,channels-found,54.71,department-page,https://www.sanleandro.org/448/Crime-Stats,https://www.sanleandro.org/448/Crime-Stats,search-discovered-primary-source; review-jurisdiction,search-readable; automation-unverified
162:0668084,San Leandro,CA,85353,2025,incorporated-place,channels-found,54.71,department-page,https://www.sanleandro.org/449/Crime-Stats,https://www.sanleandro.org/449/Crime-Stats,search-discovered-primary-source; review-jurisdiction,search-readable; automation-unverified
162:0668084,San Leandro,CA,85353,2025,incorporated-place,channels-found,54.71,nixle,https://local.nixle.com/san-leandro-police-department/,https://local.nixle.com/city/ca/san-leandro/,certified-publisher-in-city-directory; jurisdiction-review-required,public-nixle-archive
162:0668154,San Luis Obispo,CA,50636,2025,incorporated-place,department-found,247.77,department-page,https://www.slocounty.ca.gov/departments/sheriff-coroner/public-information,https://www.slocounty.ca.gov/departments/sheriff-coroner/public-information,search-discovered-primary-source; review-jurisdiction,search-readable; automation-unverified
162:0668154,San Luis Obispo,CA,50636,2025,incorporated-place,department-found,247.77,department-page,https://www.slocounty.ca.gov/departments/sheriff-coroner/public-information/services,https://www.slocounty.ca.gov/departments/sheriff-coroner/public-information/services,search-discovered-primary-source; review-jurisdiction,search-readable; automation-unverified
162:0668196,San Marcos,CA,94908,2025,incorporated-place,channels-found,629.95,department-page,https://www.sanmarcosca.gov/Resident-Services/Stay-Safe/Sheriff,https://www.sanmarcosca.gov/Home,official-domain-or-referral,public-html
162:0668196,San Marcos,CA,94908,2025,incorporated-place,channels-found,629.95,alerts,https://www.sanmarcosca.gov/Resident-Services/Road-Construction,https://www.sanmarcosca.gov/Resident-Services/Stay-Safe/Sheriff,linked-from-official-page,not-tested
162:0668196,San Marcos,CA,94908,2025,incorporated-place,channels-found,629.95,incident-log,https://sanmarcosca.prelive.opencities.com/city/Resident-Services/Stay-Safe/Sheriff?transfer=58b85bbe-e588-4e25-a04e-b6a57a46cadc,https://www.sanmarcosca.gov/Resident-Services/Stay-Safe/Sheriff,linked-from-official-page,not-tested
162:0668196,San Marcos,CA,94908,2025,incorporated-place,channels-found,629.95,alerts,https://www.sdsheriff.gov/community/hi-lo,https://www.sanmarcosca.gov/Resident-Services/Stay-Safe/Sheriff,linked-from-official-page,not-tested
162:0668252,San Mateo,CA,103337,2025,incorporated-place,channels-found,47.93,department-page,https://www.cityofsanmateo.org/3639/Public-Safety-Information-Services,https://www.cityofsanmateo.org/,discovered-department-page; review-jurisdiction,public-html
162:0668252,San Mateo,CA,103337,2025,incorporated-place,channels-found,47.93,incident-log,https://www.cityofsanmateo.org/1183/Report-a-Crime-Online,https://www.cityofsanmateo.org/3639/Public-Safety-Information-Services,linked-from-municipal-or-department-page; review-scope,not-tested
162:0668252,San Mateo,CA,103337,2025,incorporated-place,channels-found,47.93,newsroom,https://www.cityofsanmateo.org/4086,https://www.cityofsanmateo.org/3639/Public-Safety-Information-Services,linked-from-municipal-or-department-page; review-scope,not-tested
162:0668252,San Mateo,CA,103337,2025,incorporated-place,channels-found,47.93,department-page,https://www.cityofsanmateo.org/2729/Social-Media-Mobile-Apps,https://www.cityofsanmateo.org/3639/Public-Safety-Information-Services,discovered-department-page; review-jurisdiction,public-html
162:0668252,San Mateo,CA,103337,2025,incorporated-place,channels-found,47.93,x,https://x.com/sanmateopd,https://www.cityofsanmateo.org/2729/Social-Media-Mobile-Apps,linked-from-municipal-or-department-page; review-scope,not-tested
162:0668252,San Mateo,CA,103337,2025,incorporated-place,channels-found,47.93,facebook,https://www.facebook.com/CityofSanMateoPolice,https://www.cityofsanmateo.org/2729/Social-Media-Mobile-Apps,linked-from-municipal-or-department-page; review-scope,not-tested
162:0668252,San Mateo,CA,103337,2025,incorporated-place,channels-found,47.93,instagram,https://www.instagram.com/sanmateopd/,https://www.cityofsanmateo.org/2729/Social-Media-Mobile-Apps,linked-from-municipal-or-department-page; review-scope,not-tested
162:0668252,San Mateo,CA,103337,2025,incorporated-place,channels-found,47.93,nixle,https://local.nixle.com/san-mateo-ca-police-department/,https://www.cityofsanmateo.org/2729/Social-Media-Mobile-Apps,linked-from-municipal-or-department-page; review-scope,public-nixle-archive
162:0668252,San Mateo,CA,103337,2025,incorporated-place,channels-found,47.93,alerts,https://hsd.smcsheriff.com/smcalert,https://www.cityofsanmateo.org/2729/Social-Media-Mobile-Apps,linked-from-municipal-or-department-page; review-scope,not-tested
162:0668252,San Mateo,CA,103337,2025,incorporated-place,channels-found,47.93,newsroom,https://www.cityofsanmateo.org/4086/Newsroom,https://www.cityofsanmateo.org/2729/Social-Media-Mobile-Apps,linked-from-municipal-or-department-page; review-scope,not-tested
162:0668252,San Mateo,CA,103337,2025,incorporated-place,channels-found,47.93,alerts,https://www.cityofsanmateo.org/4707/Email-Alerts-News,https://www.cityofsanmateo.org/2729/Social-Media-Mobile-Apps,linked-from-municipal-or-department-page; review-scope,not-tested
162:0668252,San Mateo,CA,103337,2025,incorporated-place,channels-found,47.93,alerts,https://www.cityofsanmateo.org/CivicAlerts.aspx?CID=1%2C19,https://www.cityofsanmateo.org/4086/Newsroom,linked-from-municipal-or-department-page; review-scope,not-tested
162:0668252,San Mateo,CA,103337,2025,incorporated-place,channels-found,47.93,alerts,https://www.cityofsanmateo.org/CivicAlerts.aspx?AID=1921,https://www.cityofsanmateo.org/4086/Newsroom,linked-from-municipal-or-department-page; review-scope,not-tested
162:0668252,San Mateo,CA,103337,2025,incorporated-place,channels-found,47.93,department-page,https://www.cityofsanmateo.org/273/Police,https://www.cityofsanmateo.org/3639/Public-Safety-Information-Services,discovered-department-page; review-jurisdiction,public-html
162:0668252,San Mateo,CA,103337,2025,incorporated-place,channels-found,47.93,alerts,https://www.cityofsanmateo.org/CivicAlerts.aspx?CID=10,https://www.cityofsanmateo.org/273/Police,linked-from-municipal-or-department-page; review-scope,not-tested
162:0668252,San Mateo,CA,103337,2025,incorporated-place,channels-found,47.93,newsroom,https://www.cityofsanmateo.org/4029/Press-Releases,https://www.cityofsanmateo.org/273/Police,linked-from-municipal-or-department-page; review-scope,not-tested
162:0668364,San Rafael,CA,59410,2025,incorporated-place,channels-found,95.89,department-page,https://www.cityofsanrafael.org/event/spanish-community-police-academy-2026-09-16/,https://www.cityofsanrafael.org/,discovered-department-page; review-jurisdiction,public-html
162:0668364,San Rafael,CA,59410,2025,incorporated-place,channels-found,95.89,department-page,https://www.cityofsanrafael.org/news/,https://www.cityofsanrafael.org/event/spanish-community-police-academy-2026-09-16/,discovered-department-page; review-jurisdiction,public-html
162:0668364,San Rafael,CA,59410,2025,incorporated-place,channels-found,95.89,alerts,https://www.cityofsanrafael.org/subscribe/,https://www.cityofsanrafael.org/news/,linked-from-municipal-or-department-page; review-scope,not-tested
162:0668364,San Rafael,CA,59410,2025,incorporated-place,channels-found,95.89,alerts,https://www.cityofsanrafael.org/9-14-temporary-road-closure-notification-k-st/,https://www.cityofsanrafael.org/news/,linked-from-municipal-or-department-page; review-scope,not-tested
162:0668364,San Rafael,CA,59410,2025,incorporated-place,channels-found,95.89,alerts,https://www.cityofsanrafael.org/9-14-temporary-road-closure-notification-bret-harte-rd/,https://www.cityofsanrafael.org/news/,linked-from-municipal-or-department-page; review-scope,not-tested
162:0668364,San Rafael,CA,59410,2025,incorporated-place,channels-found,95.89,alerts,https://www.cityofsanrafael.org/9-10-9-11-night-work-notification-930-irwin-st/,https://www.cityofsanrafael.org/news/,linked-from-municipal-or-department-page; review-scope,not-tested
162:0668364,San Rafael,CA,59410,2025,incorporated-place,channels-found,95.89,department-page,https://www.cityofsanrafael.org/city-social-media-accounts/,https://www.cityofsanrafael.org/event/spanish-community-police-academy-2026-09-16/,discovered-department-page; review-jurisdiction,public-html
162:0668364,San Rafael,CA,59410,2025,incorporated-place,channels-found,95.89,facebook,https://www.facebook.com/sanrafaelpolice/,https://www.cityofsanrafael.org/city-social-media-accounts/,linked-from-municipal-or-department-page; review-scope,not-tested
162:0668364,San Rafael,CA,59410,2025,incorporated-place,channels-found,95.89,instagram,https://www.instagram.com/sanrafaelpolice/,https://www.cityofsanrafael.org/city-social-media-accounts/,linked-from-municipal-or-department-page; review-scope,not-tested
162:0668364,San Rafael,CA,59410,2025,incorporated-place,channels-found,95.89,x,https://x.com/sanrafaelpolice,https://www.cityofsanrafael.org/city-social-media-accounts/,linked-from-municipal-or-department-page; review-scope,not-tested
162:0668364,San Rafael,CA,59410,2025,incorporated-place,channels-found,95.89,department-page,https://www.cityofsanrafael.org/wp-content/plugins/elasticpress/dist/css/general-styles.css?ver=66295efe92a630617c00,https://www.cityofsanrafael.org/event/spanish-community-police-academy-2026-09-16/,discovered-department-page; review-jurisdiction,public-html
162:0668364,San Rafael,CA,59410,2025,incorporated-place,channels-found,95.89,nixle,https://local.nixle.com/san-rafael-police-department/,https://local.nixle.com/city/ca/san-rafael/,certified-publisher-in-city-directory; jurisdiction-review-required,public-nixle-archive
162:0668378,San Ramon,CA,86209,2025,incorporated-place,channels-found,58.02,department-page,https://www.sanramon.ca.gov/cms/one.aspx?pageId=12572486,https://www.sanramon.ca.gov/,discovered-department-page; review-jurisdiction,public-html
162:0668378,San Ramon,CA,86209,2025,incorporated-place,channels-found,58.02,alerts,https://www.sanramon.ca.gov/residents/subscribe_to_e_san_ramon_notifications,https://www.sanramon.ca.gov/cms/one.aspx?pageId=12572486,linked-from-municipal-or-department-page; review-scope,not-tested
162:0668378,San Ramon,CA,86209,2025,incorporated-place,channels-found,58.02,alerts,https://www.sanramon.ca.gov/how_do_i_/sign_up/request_for_proposal_enotification,https://www.sanramon.ca.gov/cms/one.aspx?pageId=12572486,linked-from-municipal-or-department-page; review-scope,not-tested
162:0668378,San Ramon,CA,86209,2025,incorporated-place,channels-found,58.02,newsroom,https://www.sanramon.ca.gov/cms/One.aspx?portalId=10826130&pageId=14395745,https://www.sanramon.ca.gov/cms/one.aspx?pageId=12572486,linked-from-municipal-or-department-page; review-scope,not-tested
162:0668378,San Ramon,CA,86209,2025,incorporated-place,channels-found,58.02,feed-directory,https://www.sanramon.ca.gov/syndication/rss.aspx?serverid=10826046&userid=5&feed=datasummary&key=zmHJsZ9W%2BbSSymY3hyV0K%2Fpp%2BR0ptNv45vyp429pBlBG81Q7hKAtXUdanDTE4f1FusnAF92Ovywxy7YgQGp8id3x23o%3D&target_object_id=12572486&portal_id=10826130&v=2.0&item_name=portlet_xml_title&item_description=portlet_xml_summary&item_pubdate=portlet_last_modified&max_items=8,https://www.sanramon.ca.gov/cms/one.aspx?pageId=12572486,linked-from-municipal-or-department-page; review-scope,not-tested
162:0668378,San Ramon,CA,86209,2025,incorporated-place,channels-found,58.02,newsroom,https://www.sanramon.ca.gov/our_city/departments_and_divisions/police/police_news/press_releases,https://www.sanramon.ca.gov/cms/one.aspx?pageId=12572486,linked-from-municipal-or-department-page; review-scope,not-tested
162:0668378,San Ramon,CA,86209,2025,incorporated-place,channels-found,58.02,department-page,https://www.sanramon.ca.gov/our_city/departments_and_divisions/city_manager/economic_development,https://www.sanramon.ca.gov/cms/one.aspx?pageId=12572486,discovered-department-page; review-jurisdiction,public-html
162:0668378,San Ramon,CA,86209,2025,incorporated-place,channels-found,58.02,department-page,https://www.sanramon.ca.gov/news/what_s_new,https://www.sanramon.ca.gov/cms/one.aspx?pageId=12572486,discovered-department-page; review-jurisdiction,public-html
162:0668378,San Ramon,CA,86209,2025,incorporated-place,channels-found,58.02,feed-directory,https://www.sanramon.ca.gov/syndication/rss.aspx?serverid=10826046&userid=5&feed=datasummary&key=mJHzaXPT43rmpN8mBpjuv%2FqDC%2BX77EO2djhLKY9DJbXOd2imQJYa9jkxBfbNtbfQZLAzot0N4WRLOwlF%2FezhWA3m38M%3D&target_object_id=10826141&portal_id=10826130&v=2.0&item_name=portlet_xml_title&item_description=portlet_xml_summary&item_pubdate=portlet_publish_date&max_items=16,https://www.sanramon.ca.gov/news/what_s_new,linked-from-municipal-or-department-page; review-scope,not-tested
162:0668378,San Ramon,CA,86209,2025,incorporated-place,channels-found,58.02,department-page,https://www.sanramon.ca.gov/how_do_i_/submit/police_report,https://www.sanramon.ca.gov/,discovered-department-page; review-jurisdiction,public-html
162:0669000,Santa Ana,CA,315586,2025,incorporated-place,channels-found,535.78,department-page,https://santa-ana.gov/e-police-reporting/,https://santa-ana.gov/,official-domain-or-referral,public-html
162:0669000,Santa Ana,CA,315586,2025,incorporated-place,channels-found,535.78,incident-log,https://santa-ana.gov/training-bulletins/,https://santa-ana.gov/e-police-reporting/,linked-from-official-page,not-tested
162:0669000,Santa Ana,CA,315586,2025,incorporated-place,channels-found,535.78,incident-log,https://santa-ana.gov/uniform-crime-reporting-statistics/,https://santa-ana.gov/e-police-reporting/,linked-from-official-page,not-tested
162:0669000,Santa Ana,CA,315586,2025,incorporated-place,channels-found,535.78,incident-log,https://santa-ana.gov/hate-crime-reports/,https://santa-ana.gov/e-police-reporting/,linked-from-official-page,not-tested
162:0669000,Santa Ana,CA,315586,2025,incorporated-place,channels-found,535.78,department-page,https://santa-ana.gov/news/,https://santa-ana.gov/e-police-reporting/,official-domain-or-referral,public-html
162:0669000,Santa Ana,CA,315586,2025,incorporated-place,channels-found,535.78,alerts,https://santa-ana.gov/connect-with-us/,https://santa-ana.gov/news/,linked-from-official-page,not-tested
162:0669000,Santa Ana,CA,315586,2025,incorporated-place,channels-found,535.78,department-page,https://santa-ana.gov/social-media/,https://santa-ana.gov/e-police-reporting/,official-domain-or-referral,public-html
162:0669000,Santa Ana,CA,315586,2025,incorporated-place,channels-found,535.78,department-page,https://santa-ana.gov/police-open-government-and-transparency-initiative/,https://santa-ana.gov/e-police-reporting/,official-domain-or-referral,public-html
162:0669000,Santa Ana,CA,315586,2025,incorporated-place,channels-found,535.78,nixle,https://local.nixle.com/santa-ana-police-department/,https://local.nixle.com/city/ca/santa-ana/,certified-publisher-in-city-directory; jurisdiction-review-required,public-nixle-archive
162:0669070,Santa Barbara,CA,86422,2025,incorporated-place,channels-found,374.27,department-page,https://santabarbaraca.gov/government/departments/santa-barbara-police-department,https://santabarbaraca.gov/,official-domain-or-referral,public-html
162:0669070,Santa Barbara,CA,86422,2025,incorporated-place,channels-found,374.27,alerts,https://www.readysbc.org/,https://santabarbaraca.gov/government/departments/santa-barbara-police-department,linked-from-official-page,not-tested
162:0669070,Santa Barbara,CA,86422,2025,incorporated-place,channels-found,374.27,department-page,https://santabarbaraca.gov/services/sb-connect,https://santabarbaraca.gov/government/departments/santa-barbara-police-department,official-domain-or-referral,public-html
162:0669070,Santa Barbara,CA,86422,2025,incorporated-place,channels-found,374.27,newsroom,https://santabarbaraca.gov/press-releases/introducing-sb-connect-city-just-click-away-new-app-eng/spa,https://santabarbaraca.gov/services/sb-connect,linked-from-official-page,not-tested
162:0669070,Santa Barbara,CA,86422,2025,incorporated-place,channels-found,374.27,department-page,https://santabarbaraca.gov/government/city-hall/news,https://santabarbaraca.gov/government/departments/santa-barbara-police-department,official-domain-or-referral,public-html
162:0669070,Santa Barbara,CA,86422,2025,incorporated-place,channels-found,374.27,newsroom,https://santabarbaraca.gov/government/city-hall/news/media-releases,https://santabarbaraca.gov/government/city-hall/news,linked-from-official-page,not-tested
162:0669070,Santa Barbara,CA,86422,2025,incorporated-place,channels-found,374.27,nixle,https://local.nixle.com/santa-barbara-police-department/,https://local.nixle.com/city/ca/santa-barbara/,certified-publisher-in-city-directory; jurisdiction-review-required,public-nixle-archive
162:0669084,Santa Clara,CA,133446,2025,incorporated-place,channels-found,13.65,incident-log,https://www.santaclaraca.gov/our-city/departments-g-z/police-department/crime/arrest-log,https://www.santaclaraca.gov/our-city/departments-g-z/police-department/crime/arrest-log,reviewed-primary-web-source,search-readable; automation-unverified
162:0669084,Santa Clara,CA,133446,2025,incorporated-place,channels-found,13.65,x,https://x.com/santaclarapd,https://www.santaclaraca.gov/home/showpublisheddocument/88189/639080556114870000,official-department-reference,not-tested
162:0669084,Santa Clara,CA,133446,2025,incorporated-place,channels-found,13.65,department-page,https://www.santaclaraca.gov/our-city/departments-g-z/police-department,https://www.santaclaraca.gov/our-city/departments-g-z/police-department,search-discovered-primary-source; review-jurisdiction,search-readable; automation-unverified
162:0669084,Santa Clara,CA,133446,2025,incorporated-place,channels-found,13.65,department-page,https://www.santaclaraca.gov/Home/Components/RFP/RFP/1687/,https://www.santaclaraca.gov/Home/Components/RFP/RFP/1687/,search-discovered-primary-source; review-jurisdiction,search-readable; automation-unverified
162:0669084,Santa Clara,CA,133446,2025,incorporated-place,channels-found,13.65,nixle,https://local.nixle.com/santa-clara-police-department/,https://local.nixle.com/city/ca/santa-clara/,certified-publisher-in-city-directory; jurisdiction-review-required,public-nixle-archive
162:0669088,Santa Clarita,CA,228430,2025,incorporated-place,department-found,441.63,department-page,https://santaclarita.gov/blog/2025/09/20/new-virtual-deputy-services-enhances-public-safety-in-santa-clarita/,https://santaclarita.gov/blog/2025/09/20/new-virtual-deputy-services-enhances-public-safety-in-santa-clarita/,search-discovered-primary-source; review-jurisdiction,search-readable; automation-unverified
162:0669088,Santa Clarita,CA,228430,2025,incorporated-place,department-found,441.63,department-page,https://santaclarita.gov/blog/2025/08/14/city-of-santa-clarita-announces-brandon-barclay-as-new-chief-of-police/,https://santaclarita.gov/blog/2025/08/14/city-of-santa-clarita-announces-brandon-barclay-as-new-chief-of-police/,search-discovered-primary-source; review-jurisdiction,search-readable; automation-unverified
162:0669112,Santa Cruz,CA,61797,2025,incorporated-place,channels-found,31.03,department-page,https://www.santacruzca.gov/Government/City-Departments/Police,https://www.santacruzca.gov/Home,official-domain-or-referral,public-html
162:0669112,Santa Cruz,CA,61797,2025,incorporated-place,channels-found,31.03,newsroom,https://www.santacruzca.gov/Government/City-Newsroom-Press-Releases,https://www.santacruzca.gov/Government/City-Departments/Police,linked-from-official-page,not-tested
162:0669112,Santa Cruz,CA,61797,2025,incorporated-place,channels-found,31.03,newsroom,https://www.santacruzca.gov/Government/City-Newsroom-Press-Releases/City-Managers-Updates,https://www.santacruzca.gov/Government/City-Departments/Police,linked-from-official-page,not-tested
162:0669112,Santa Cruz,CA,61797,2025,incorporated-place,channels-found,31.03,alerts,https://www.santacruzca.gov/Government/City-Departments/Police/News-Alerts,https://www.santacruzca.gov/Government/City-Departments/Police,linked-from-official-page,not-tested
162:0669112,Santa Cruz,CA,61797,2025,incorporated-place,channels-found,31.03,alerts,https://carealert.santacruzcountyca.gov/,https://www.santacruzca.gov/Government/City-Departments/Police,linked-from-official-page,not-tested
162:0669112,Santa Cruz,CA,61797,2025,incorporated-place,channels-found,31.03,newsroom,https://www.santacruzca.gov/Government/City-Departments/Police/News-Alerts/SCPD-Press-Releases,https://www.santacruzca.gov/Government/City-Departments/Police,linked-from-official-page,not-tested
162:0669112,Santa Cruz,CA,61797,2025,incorporated-place,channels-found,31.03,alerts,https://www.santacruzca.gov/Government/City-Departments/Police/News-Alerts/Arrest-and-Activity-Log,https://www.santacruzca.gov/Government/City-Departments/Police,linked-from-official-page,not-tested
162:0669112,Santa Cruz,CA,61797,2025,incorporated-place,channels-found,31.03,newsroom,https://www.santacruzca.gov/City-News-Press-Releases/New-page-17,https://www.santacruzca.gov/Government/City-Newsroom-Press-Releases,linked-from-official-page,not-tested
162:0669112,Santa Cruz,CA,61797,2025,incorporated-place,channels-found,31.03,newsroom,https://www.santacruzca.gov/City-News-Press-Releases/Poster-Contest-2026,https://www.santacruzca.gov/Government/City-Newsroom-Press-Releases,linked-from-official-page,not-tested
162:0669112,Santa Cruz,CA,61797,2025,incorporated-place,channels-found,31.03,newsroom,https://www.santacruzca.gov/City-News-Press-Releases/SLR-Maintenance-2026,https://www.santacruzca.gov/Government/City-Newsroom-Press-Releases,linked-from-official-page,not-tested
162:0669112,Santa Cruz,CA,61797,2025,incorporated-place,channels-found,31.03,newsroom,https://www.santacruzca.gov/City-News-Press-Releases/Seabright-Neighborhood-to-Host-Summers-End-Block-Party-on-Murray-Street-September-6,https://www.santacruzca.gov/Government/City-Newsroom-Press-Releases,linked-from-official-page,not-tested
162:0669112,Santa Cruz,CA,61797,2025,incorporated-place,channels-found,31.03,newsroom,https://www.santacruzca.gov/City-News-Press-Releases/Race-the-Flame,https://www.santacruzca.gov/Government/City-Newsroom-Press-Releases,linked-from-official-page,not-tested
162:0669112,Santa Cruz,CA,61797,2025,incorporated-place,channels-found,31.03,newsroom,https://www.santacruzca.gov/City-News-Press-Releases/New-page-16,https://www.santacruzca.gov/Government/City-Newsroom-Press-Releases,linked-from-official-page,not-tested
162:0669112,Santa Cruz,CA,61797,2025,incorporated-place,channels-found,31.03,newsroom,https://www.santacruzca.gov/City-News-Press-Releases/New-page-15,https://www.santacruzca.gov/Government/City-Newsroom-Press-Releases,linked-from-official-page,not-tested
162:0669112,Santa Cruz,CA,61797,2025,incorporated-place,channels-found,31.03,newsroom,https://www.santacruzca.gov/City-News-Press-Releases/New-page-14,https://www.santacruzca.gov/Government/City-Newsroom-Press-Releases,linked-from-official-page,not-tested
162:0669112,Santa Cruz,CA,61797,2025,incorporated-place,channels-found,31.03,newsroom,https://www.santacruzca.gov/City-News-Press-Releases/Design-Guidelines-–-Public-Input-Survey,https://www.santacruzca.gov/Government/City-Newsroom-Press-Releases,linked-from-official-page,not-tested
162:0669112,Santa Cruz,CA,61797,2025,incorporated-place,channels-found,31.03,newsroom,https://www.santacruzca.gov/City-News-Press-Releases/City-of-Santa-Cruz-Youth-Liaison-Application-2627,https://www.santacruzca.gov/Government/City-Newsroom-Press-Releases,linked-from-official-page,not-tested
162:0669112,Santa Cruz,CA,61797,2025,incorporated-place,channels-found,31.03,newsroom,https://www.santacruzca.gov/Government/City-Newsroom-Press-Releases/City-of-Santa-Cruz-Offers-Free-Self-Defense-Classes-Through-Voucher-Program,https://www.santacruzca.gov/Government/City-Newsroom-Press-Releases,linked-from-official-page,not-tested
162:0669112,Santa Cruz,CA,61797,2025,incorporated-place,channels-found,31.03,alerts,https://www.santacruzca.gov/Government/City-Departments/Police/News-Alerts/Social-Media-Connections,https://www.santacruzca.gov/Government/City-Departments/Police/News-Alerts,linked-from-official-page,not-tested
162:0669112,Santa Cruz,CA,61797,2025,incorporated-place,channels-found,31.03,alerts,https://www.santacruzca.gov/Government/City-Departments/Police/News-Alerts/Social-Media-Terms-of-Use,https://www.santacruzca.gov/Government/City-Departments/Police/News-Alerts,linked-from-official-page,not-tested
162:0669112,Santa Cruz,CA,61797,2025,incorporated-place,channels-found,31.03,alerts,https://cruzaware.genasys.com/portal/en,https://www.santacruzca.gov/Government/City-Departments/Police/News-Alerts,linked-from-official-page,not-tested
162:0669112,Santa Cruz,CA,61797,2025,incorporated-place,channels-found,31.03,nixle,https://local.nixle.com/santa-cruz-police-department/,https://local.nixle.com/city/ca/santa-cruz/,certified-publisher-in-city-directory; jurisdiction-review-required,public-nixle-archive
162:0669196,Santa Maria,CA,111390,2025,incorporated-place,channels-found,290.07,department-page,https://www.oag.ca.gov/fingerprints/locations/santa-maria-police-department,https://www.oag.ca.gov/fingerprints/locations/santa-maria-police-department,search-discovered-primary-source; review-jurisdiction,search-readable; automation-unverified
162:0669196,Santa Maria,CA,111390,2025,incorporated-place,channels-found,290.07,nixle,https://local.nixle.com/santa-maria-police-department/,https://local.nixle.com/city/ca/santa-maria/,certified-publisher-in-city-directory; jurisdiction-review-required,public-nixle-archive
162:0670000,Santa Monica,CA,90082,2025,incorporated-place,channels-found,475.44,department-page,https://www.santamonica.gov/departments/police,https://www.santamonica.gov/,official-domain-or-referral,public-html
162:0670000,Santa Monica,CA,90082,2025,incorporated-place,channels-found,475.44,incident-log,https://www.santamonicapd.org/crimereport/,https://www.santamonica.gov/departments/police,linked-from-official-page,not-tested
162:0670000,Santa Monica,CA,90082,2025,incorporated-place,channels-found,475.44,incident-log,https://www.santamonica.gov/topic-explainers/crime-reports-and-statistics,https://www.santamonica.gov/departments/police,linked-from-official-page,not-tested
162:0670000,Santa Monica,CA,90082,2025,incorporated-place,channels-found,475.44,instagram,https://www.instagram.com/SantaMonicaPD/,https://www.santamonica.gov/departments/police,linked-from-official-page,not-tested
162:0670000,Santa Monica,CA,90082,2025,incorporated-place,channels-found,475.44,facebook,https://www.facebook.com/santamonicapd,https://www.santamonica.gov/departments/police,linked-from-official-page,not-tested
162:0670000,Santa Monica,CA,90082,2025,incorporated-place,channels-found,475.44,x,https://x.com/santamonicapd,https://www.santamonica.gov/departments/police,linked-from-official-page,not-tested
162:0670000,Santa Monica,CA,90082,2025,incorporated-place,channels-found,475.44,newsroom,https://www.santamonica.gov/press/2026/09/12/critical-incident-video-released-following-august-22-2026-officer-involved-shooting,https://www.santamonica.gov/departments/police,linked-from-official-page,not-tested
162:0670000,Santa Monica,CA,90082,2025,incorporated-place,channels-found,475.44,newsroom,https://www.santamonica.gov/press/2026/09/04/smpd-investigating-shots-fired-incident-on-bay-street,https://www.santamonica.gov/departments/police,linked-from-official-page,not-tested
162:0670000,Santa Monica,CA,90082,2025,incorporated-place,channels-found,475.44,newsroom,https://www.santamonica.gov/press/2026/09/02/smpd-holding-dui-checkpoint-september-4-2026,https://www.santamonica.gov/departments/police,linked-from-official-page,not-tested
162:0670000,Santa Monica,CA,90082,2025,incorporated-place,channels-found,475.44,department-page,https://www.santamonica.gov/news,https://www.santamonica.gov/departments/police,official-domain-or-referral,public-html
162:0670000,Santa Monica,CA,90082,2025,incorporated-place,channels-found,475.44,newsroom,https://www.santamonica.gov/press/2026/09/11/beach-damage-from-hurricane-marie-forces-cancellation-of-inaugural-ocean-way-festival-to-2027,https://www.santamonica.gov/news,linked-from-official-page,not-tested
162:0670000,Santa Monica,CA,90082,2025,incorporated-place,channels-found,475.44,newsroom,https://www.santamonica.gov/press/2026/09/11/santa-monica-block-fest-returns-september-12-with-20-000-expected-as-monthly-series-extends-through-december,https://www.santamonica.gov/news,linked-from-official-page,not-tested
162:0670000,Santa Monica,CA,90082,2025,incorporated-place,channels-found,475.44,newsroom,https://www.santamonica.gov/press/2026/09/03/santa-monica-appoints-new-city-clerk-walfred-solorzano-appointed-following-national-recruitment,https://www.santamonica.gov/news,linked-from-official-page,not-tested
162:0670000,Santa Monica,CA,90082,2025,incorporated-place,channels-found,475.44,department-page,https://www.santamonica.gov/topic-explainers/crime-prevention,https://www.santamonica.gov/departments/police,official-domain-or-referral,public-html
162:0670000,Santa Monica,CA,90082,2025,incorporated-place,channels-found,475.44,department-page,https://www.santamonica.gov/places/city-facilities/police-activities-league-pal-youth-center,https://www.santamonica.gov/,official-domain-or-referral,public-html
162:0670000,Santa Monica,CA,90082,2025,incorporated-place,channels-found,475.44,department-page,https://www.santamonica.gov/connect-with-homelessness-services,https://www.santamonica.gov/places/city-facilities/police-activities-league-pal-youth-center,official-domain-or-referral,public-html
162:0670098,Santa Rosa,CA,179437,2025,incorporated-place,department-found,149.56,department-page,https://www.srcity.org/3328/Police-Reports,https://www.srcity.org/3328/Police-Reports,search-discovered-primary-source; review-jurisdiction,search-readable; automation-unverified
162:0670098,Santa Rosa,CA,179437,2025,incorporated-place,department-found,149.56,department-page,https://www.bscc.ca.gov/wp-content/uploads/97-Santa-Rosa-Police.pdf,https://www.bscc.ca.gov/wp-content/uploads/97-Santa-Rosa-Police.pdf,search-discovered-primary-source; review-jurisdiction,search-readable; automation-unverified
162:0670098,Santa Rosa,CA,179437,2025,incorporated-place,department-found,149.56,department-page,https://www.srcity.org/3929/Police,https://www.srcity.org/3929/Police,search-discovered-primary-source; review-jurisdiction,search-readable; automation-unverified
162:0670224,Santee,CA,58205,2025,incorporated-place,channels-found,664.4,newsroom,https://www.sdsheriff.gov/bureaus/media-relations/news-list,https://www.sdsheriff.gov/bureaus/media-relations/news-list,search-discovered-primary-source; review-jurisdiction,search-readable; automation-unverified
162:0670224,Santee,CA,58205,2025,incorporated-place,channels-found,664.4,newsroom,https://www.sdsheriff.gov/bureaus/media-relations/news-list/-selcat-36/-npage-2,https://www.sdsheriff.gov/bureaus/media-relations/news-list/-selcat-36/-npage-2,search-discovered-primary-source; review-jurisdiction,search-readable; automation-unverified
162:0670224,Santee,CA,58205,2025,incorporated-place,channels-found,664.4,newsroom,https://www.sdsheriff.gov/bureaus/media-relations/news-list/-selectview-1/-arch-1,https://www.sdsheriff.gov/bureaus/media-relations/news-list/-selectview-1/-arch-1,search-discovered-primary-source; review-jurisdiction,search-readable; automation-unverified
162:0672016,Simi Valley,CA,124861,2025,incorporated-place,channels-found,438.83,department-page,https://www.simivalley.org/departments/police-department,https://www.simivalley.org/departments/police-department,search-discovered-primary-source; review-jurisdiction,search-readable; automation-unverified
162:0672016,Simi Valley,CA,124861,2025,incorporated-place,channels-found,438.83,newsroom,https://www.oag.ca.gov/news/press-releases/california-department-justice-investigating-simi-valley-police-department,https://www.oag.ca.gov/news/press-releases/california-department-justice-investigating-simi-valley-police-department,search-discovered-primary-source; review-jurisdiction,search-readable; automation-unverified
162:0672016,Simi Valley,CA,124861,2025,incorporated-place,channels-found,438.83,department-page,https://www.simivalley.org/departments/police-department/resources,https://www.simivalley.org/departments/police-department/resources,search-discovered-primary-source; review-jurisdiction,search-readable; automation-unverified
162:0672016,Simi Valley,CA,124861,2025,incorporated-place,channels-found,438.83,nixle,https://local.nixle.com/simi-valley-police-department/,https://local.nixle.com/city/ca/simi-valley/,certified-publisher-in-city-directory; jurisdiction-review-required,public-nixle-archive
162:0673080,South Gate,CA,90071,2025,incorporated-place,channels-found,499.46,department-page,https://www.cityofsouthgate.org/City-Services/Public-Safety,https://www.cityofsouthgate.org/Home,discovered-department-page; review-jurisdiction,public-html
162:0673080,South Gate,CA,90071,2025,incorporated-place,channels-found,499.46,department-page,https://www.cityofsouthgate.org/Engage-South-Gate/E-Newsletter,https://www.cityofsouthgate.org/City-Services/Public-Safety,discovered-department-page; review-jurisdiction,public-html
162:0673080,South Gate,CA,90071,2025,incorporated-place,channels-found,499.46,department-page,https://www.cityofsouthgate.org/Engage-South-Gate/Social-Media,https://www.cityofsouthgate.org/City-Services/Public-Safety,discovered-department-page; review-jurisdiction,public-html
162:0673080,South Gate,CA,90071,2025,incorporated-place,channels-found,499.46,department-page,https://southgatepd.com/,https://www.cityofsouthgate.org/Home,discovered-department-page; review-jurisdiction,public-html
162:0673080,South Gate,CA,90071,2025,incorporated-place,channels-found,499.46,feed-candidate,https://southgatepd.com/feed/,https://southgatepd.com/,linked-from-municipal-or-department-page; review-scope,public-feed-with-items
162:0673080,South Gate,CA,90071,2025,incorporated-place,channels-found,499.46,feed-candidate,https://southgatepd.com/comments/feed/,https://southgatepd.com/,linked-from-municipal-or-department-page; review-scope,empty-public-feed
162:0673080,South Gate,CA,90071,2025,incorporated-place,channels-found,499.46,facebook,https://www.facebook.com/SoGatePD/,https://southgatepd.com/,linked-from-municipal-or-department-page; review-scope,not-tested
162:0673080,South Gate,CA,90071,2025,incorporated-place,channels-found,499.46,instagram,https://www.instagram.com/south_gate_police_department_/,https://southgatepd.com/,linked-from-municipal-or-department-page; review-scope,not-tested
162:0673080,South Gate,CA,90071,2025,incorporated-place,channels-found,499.46,newsroom,https://southgatepd.com/news,https://southgatepd.com/,linked-from-municipal-or-department-page; review-scope,not-tested
162:0673080,South Gate,CA,90071,2025,incorporated-place,channels-found,499.46,department-page,https://southgatepd.com/news-and-information/,https://southgatepd.com/,discovered-department-page; review-jurisdiction,public-html
162:0673262,South San Francisco,CA,64941,2025,incorporated-place,channels-found,59.66,department-page,https://www.ssfca.gov/Departments/Police-Department,https://www.ssfca.gov/Home,official-domain-or-referral,public-html
162:0673262,South San Francisco,CA,64941,2025,incorporated-place,channels-found,59.66,alerts,https://www.ssfca.gov/Services/Free-South-City-Shuttle/Shuttle-Notifications,https://www.ssfca.gov/Departments/Police-Department,linked-from-official-page,not-tested
162:0673262,South San Francisco,CA,64941,2025,incorporated-place,channels-found,59.66,department-page,https://www.ssfca.gov/Our-City/City-Newsletter,https://www.ssfca.gov/Departments/Police-Department,official-domain-or-referral,public-html
162:0673262,South San Francisco,CA,64941,2025,incorporated-place,channels-found,59.66,department-page,https://www.ssfca.gov/Our-City/Living/Resident-News,https://www.ssfca.gov/Departments/Police-Department,official-domain-or-referral,public-html
162:0673262,South San Francisco,CA,64941,2025,incorporated-place,channels-found,59.66,newsroom,https://www.ssfca.gov/News/Clariti-2026,https://www.ssfca.gov/Our-City/Living/Resident-News,linked-from-official-page,not-tested
162:0673262,South San Francisco,CA,64941,2025,incorporated-place,channels-found,59.66,newsroom,https://www.ssfca.gov/News/Light-Tree-2026,https://www.ssfca.gov/Our-City/Living/Resident-News,linked-from-official-page,not-tested
162:0673262,South San Francisco,CA,64941,2025,incorporated-place,channels-found,59.66,newsroom,https://www.ssfca.gov/News/Sign-Hill-Repaint,https://www.ssfca.gov/Our-City/Living/Resident-News,linked-from-official-page,not-tested
162:0673262,South San Francisco,CA,64941,2025,incorporated-place,channels-found,59.66,newsroom,https://www.ssfca.gov/News/522-Linden-Avenue-Public-Parking-Lot-Closing-September-1,https://www.ssfca.gov/Our-City/Living/Resident-News,linked-from-official-page,not-tested
162:0673262,South San Francisco,CA,64941,2025,incorporated-place,channels-found,59.66,newsroom,https://www.ssfca.gov/News/Centennial-Way-North-Workshop-Recap,https://www.ssfca.gov/Our-City/Living/Resident-News,linked-from-official-page,not-tested
162:0673262,South San Francisco,CA,64941,2025,incorporated-place,channels-found,59.66,newsroom,https://www.ssfca.gov/News/NNO2026Recap,https://www.ssfca.gov/Our-City/Living/Resident-News,linked-from-official-page,not-tested
162:0673262,South San Francisco,CA,64941,2025,incorporated-place,channels-found,59.66,newsroom,https://www.ssfca.gov/News/Keep-South-City-Clean,https://www.ssfca.gov/Our-City/Living/Resident-News,linked-from-official-page,not-tested
162:0673262,South San Francisco,CA,64941,2025,incorporated-place,channels-found,59.66,newsroom,https://www.ssfca.gov/News/Touch-A-Truck-2026-Results,https://www.ssfca.gov/Our-City/Living/Resident-News,linked-from-official-page,not-tested
162:0673262,South San Francisco,CA,64941,2025,incorporated-place,channels-found,59.66,department-page,https://www.smcgov.org/hsa/community-information-handbook,https://www.ssfca.gov/Departments/Police-Department,official-domain-or-referral,public-html
162:0673262,South San Francisco,CA,64941,2025,incorporated-place,channels-found,59.66,newsroom,https://www.smcgov.org/ceo/newsroom,https://www.smcgov.org/hsa/community-information-handbook,linked-from-official-page,not-tested
162:0673262,South San Francisco,CA,64941,2025,incorporated-place,channels-found,59.66,incident-log,https://www.smcsheriff.com/online-crime-reporting,https://www.smcgov.org/hsa/community-information-handbook,linked-from-official-page,not-tested
162:0673262,South San Francisco,CA,64941,2025,incorporated-place,channels-found,59.66,alerts,https://www.smcgov.org/dem/smc-alert,https://www.smcgov.org/hsa/community-information-handbook,linked-from-official-page,not-tested
162:0673262,South San Francisco,CA,64941,2025,incorporated-place,channels-found,59.66,alerts,https://visitor.r20.constantcontact.com/manage/optin?v=001YwBuX0JTuQnxXeJoxC6jYy88PRocmOLs7CBTLlVxxPzYEHU5HrNrp6zT5SKCKNb4J8YEBzQZA30AaqBmmjraDqcTxeZyXodtwtGXGsfYqBvfIQfdNgkUvEtFD-bSNcNSlU8KKw7Ek5uuVJSbRNtwFsw7h7ssEHSg,https://www.smcgov.org/hsa/community-information-handbook,linked-from-official-page,not-tested
162:0673262,South San Francisco,CA,64941,2025,incorporated-place,channels-found,59.66,newsroom,https://www.smcgov.org/newsroom,https://www.smcgov.org/hsa/community-information-handbook,linked-from-official-page,not-tested
162:0673262,South San Francisco,CA,64941,2025,incorporated-place,channels-found,59.66,department-page,https://www.ssfca.gov/Departments/Police-Department/FAQs,https://www.ssfca.gov/Home,official-domain-or-referral,public-html
162:0673262,South San Francisco,CA,64941,2025,incorporated-place,channels-found,59.66,incident-log,https://southsanfranciscopd.citizenrims.com,https://www.ssfca.gov/Departments/Police-Department/FAQs,linked-from-official-page,not-tested
162:0673262,South San Francisco,CA,64941,2025,incorporated-place,channels-found,59.66,department-page,https://www.ssfca.gov/Departments/Police-Department/Archives,https://www.ssfca.gov/Home,official-domain-or-referral,public-html
162:0675000,Stockton,CA,324597,2025,incorporated-place,channels-found,98.81,newsroom,https://oag.ca.gov/news/press-releases/attorney-general-bonta-and-stockton-police-department-announce-34-arrests-seizes,https://oag.ca.gov/news/press-releases/attorney-general-bonta-and-stockton-police-department-announce-34-arrests-seizes,search-discovered-primary-source; review-jurisdiction,search-readable; automation-unverified
162:0675000,Stockton,CA,324597,2025,incorporated-place,channels-found,98.81,nixle,https://local.nixle.com/stockton-police-department-ca/,https://local.nixle.com/city/ca/stockton/,certified-publisher-in-city-directory; jurisdiction-review-required,public-nixle-archive
162:0677000,Sunnyvale,CA,156577,2025,incorporated-place,channels-found,17.47,social-directory,https://www.sunnyvale.ca.gov/your-government/about/social-media-center,https://www.sunnyvale.ca.gov/your-government/about/social-media-center,reviewed-primary-web-source,search-readable; automation-unverified
162:0677000,Sunnyvale,CA,156577,2025,incorporated-place,channels-found,17.47,department-page,https://www.sunnyvale.ca.gov/your-government/departments/public-safety/public-safety-services/crime-statistics,https://www.sunnyvale.ca.gov/your-government/departments/public-safety/public-safety-services/crime-statistics,search-discovered-primary-source; review-jurisdiction,search-readable; automation-unverified
162:0677000,Sunnyvale,CA,156577,2025,incorporated-place,channels-found,17.47,department-page,https://www.sunnyvale.ca.gov/your-government/departments/public-safety,https://www.sunnyvale.ca.gov/your-government/departments/public-safety,search-discovered-primary-source; review-jurisdiction,search-readable; automation-unverified
162:0677000,Sunnyvale,CA,156577,2025,incorporated-place,channels-found,17.47,department-page,https://www.sunnyvale.ca.gov/your-government/departments/public-safety/public-safety-services,https://www.sunnyvale.ca.gov/your-government/departments/public-safety/public-safety-services,search-discovered-primary-source; review-jurisdiction,search-readable; automation-unverified
162:0677000,Sunnyvale,CA,156577,2025,incorporated-place,channels-found,17.47,nixle,https://local.nixle.com/sunnyvale-department-of-public-safety/,https://local.nixle.com/city/ca/sunnyvale/,certified-publisher-in-city-directory; jurisdiction-review-required,public-nixle-archive
162:0678120,Temecula,CA,114865,2025,incorporated-place,department-found,603.32,department-page,https://www.temeculaca.gov/196/Police,https://www.temeculaca.gov/196/Police,search-discovered-primary-source; review-jurisdiction,search-readable; automation-unverified
162:0678120,Temecula,CA,114865,2025,incorporated-place,department-found,603.32,department-page,https://temeculaca.gov/publicsafety,https://temeculaca.gov/publicsafety,search-discovered-primary-source; review-jurisdiction,search-readable; automation-unverified
162:0678120,Temecula,CA,114865,2025,incorporated-place,department-found,603.32,department-page,https://temeculaca.gov/228/Temecula-Police-Stations,https://temeculaca.gov/228/Temecula-Police-Stations,search-discovered-primary-source; review-jurisdiction,search-readable; automation-unverified
162:0678582,Thousand Oaks,CA,122230,2025,incorporated-place,channels-found,437.86,department-page,https://toaks.gov/publicsafety,https://toaks.gov/,official-domain-or-referral,public-html
162:0678582,Thousand Oaks,CA,122230,2025,incorporated-place,channels-found,437.86,department-page,https://toaks.gov/media/css/effect.css,https://toaks.gov/publicsafety,official-domain-or-referral,public-html
162:0678582,Thousand Oaks,CA,122230,2025,incorporated-place,channels-found,437.86,department-page,https://toaks.gov/index.php?section=news,https://toaks.gov/publicsafety,official-domain-or-referral,public-html
162:0678582,Thousand Oaks,CA,122230,2025,incorporated-place,channels-found,437.86,newsroom,https://toaks.gov/index.php?section=news&prrid=161,https://toaks.gov/index.php?section=news,linked-from-official-page,not-tested
162:0678582,Thousand Oaks,CA,122230,2025,incorporated-place,channels-found,437.86,newsroom,https://toaks.gov/index.php?section=news&prrid=157,https://toaks.gov/index.php?section=news,linked-from-official-page,not-tested
162:0678582,Thousand Oaks,CA,122230,2025,incorporated-place,channels-found,437.86,department-page,https://toaks.gov/media/css/animations.css,https://toaks.gov/publicsafety,official-domain-or-referral,public-html
162:0678582,Thousand Oaks,CA,122230,2025,incorporated-place,channels-found,437.86,department-page,https://toaks.gov/index.php?section=publicsafety,https://toaks.gov/,official-domain-or-referral,public-html
162:0680000,Torrance,CA,138391,2025,incorporated-place,channels-found,499.23,department-page,https://www.torranceca.gov/Government/Departments-Offices/Departments-Offices/Police/Records/Request-Public-Police-Records,https://www.torranceca.gov/Home,official-domain-or-referral,public-html
162:0680000,Torrance,CA,138391,2025,incorporated-place,channels-found,499.23,newsroom,https://www.torranceca.gov/Government/Newsroom,https://www.torranceca.gov/Government/Departments-Offices/Departments-Offices/Police/Records/Request-Public-Police-Records,linked-from-official-page,not-tested
162:0680000,Torrance,CA,138391,2025,incorporated-place,channels-found,499.23,alerts,https://www.torranceca.gov/Government/Stay-Connected/TorranceAlerts,https://www.torranceca.gov/Government/Departments-Offices/Departments-Offices/Police/Records/Request-Public-Police-Records,linked-from-official-page,not-tested
162:0680000,Torrance,CA,138391,2025,incorporated-place,channels-found,499.23,alerts,https://www.torranceca.gov/How-Do-I/Sign-Up-For/TorranceAlerts,https://www.torranceca.gov/Government/Departments-Offices/Departments-Offices/Police/Records/Request-Public-Police-Records,linked-from-official-page,not-tested
162:0680000,Torrance,CA,138391,2025,incorporated-place,channels-found,499.23,newsroom,https://www.torranceca.gov/Government/Newsroom/Torrance-Police-Department-Conducting-DUI-Patrols-91226,https://www.torranceca.gov/Government/Newsroom,linked-from-official-page,not-tested
162:0680000,Torrance,CA,138391,2025,incorporated-place,channels-found,499.23,newsroom,https://www.torranceca.gov/Government/Newsroom/Protecting-Pedestrians-CA-Urges-Drivers-to-Stay-Alert-This-September,https://www.torranceca.gov/Government/Newsroom,linked-from-official-page,not-tested
162:0680000,Torrance,CA,138391,2025,incorporated-place,channels-found,499.23,newsroom,https://www.torranceca.gov/Government/Newsroom/25th-Anniversary-September-11-Memorial-Ceremony,https://www.torranceca.gov/Government/Newsroom,linked-from-official-page,not-tested
162:0680000,Torrance,CA,138391,2025,incorporated-place,channels-found,499.23,newsroom,https://www.torranceca.gov/Government/Newsroom/Joint-Press-Release-Robert-Vargas-Latest-Mural-unveiling-in-Torrance,https://www.torranceca.gov/Government/Newsroom,linked-from-official-page,not-tested
162:0680000,Torrance,CA,138391,2025,incorporated-place,channels-found,499.23,newsroom,https://www.torranceca.gov/Government/Newsroom/City-of-Torrance-Welcomes-Linda-Barnett-as-District-4-Councilmember,https://www.torranceca.gov/Government/Newsroom,linked-from-official-page,not-tested
162:0680000,Torrance,CA,138391,2025,incorporated-place,channels-found,499.23,newsroom,https://www.torranceca.gov/Government/Newsroom/Dangers-of-Distracted-Driving,https://www.torranceca.gov/Government/Newsroom,linked-from-official-page,not-tested
162:0680000,Torrance,CA,138391,2025,incorporated-place,channels-found,499.23,newsroom,https://www.torranceca.gov/Government/Newsroom/Police-Department-and-ABC-Cites-Clerks-for-Selling-Alcohol-to-Minors,https://www.torranceca.gov/Government/Newsroom,linked-from-official-page,not-tested
162:0680000,Torrance,CA,138391,2025,incorporated-place,channels-found,499.23,newsroom,https://www.torranceca.gov/Government/Newsroom/Pedestrian-Struck-and-Killed-in-Traffic-Collision-on-Madrona-Avenue,https://www.torranceca.gov/Government/Newsroom,linked-from-official-page,not-tested
162:0680000,Torrance,CA,138391,2025,incorporated-place,channels-found,499.23,newsroom,https://www.torranceca.gov/Government/Newsroom/Save-Drives-Save-Lives,https://www.torranceca.gov/Government/Newsroom,linked-from-official-page,not-tested
162:0680000,Torrance,CA,138391,2025,incorporated-place,channels-found,499.23,newsroom,https://www.torranceca.gov/Government/Newsroom/New-Mural,https://www.torranceca.gov/Government/Newsroom,linked-from-official-page,not-tested
162:0680000,Torrance,CA,138391,2025,incorporated-place,channels-found,499.23,department-page,https://www.torranceca.gov/Our-Community/eNewsletter,https://www.torranceca.gov/Government/Departments-Offices/Departments-Offices/Police/Records/Request-Public-Police-Records,official-domain-or-referral,public-html
162:0680000,Torrance,CA,138391,2025,incorporated-place,channels-found,499.23,department-page,https://www.torranceca.gov/Government/Stay-Connected,https://www.torranceca.gov/Government/Departments-Offices/Departments-Offices/Police/Records/Request-Public-Police-Records,official-domain-or-referral,public-html
162:0680000,Torrance,CA,138391,2025,incorporated-place,channels-found,499.23,department-page,https://www.torranceca.gov/City-Services/Health-Public-Safety/Services,https://www.torranceca.gov/Home,official-domain-or-referral,public-html
162:0680000,Torrance,CA,138391,2025,incorporated-place,channels-found,499.23,alerts,https://www.torranceca.gov/City-Services/Health-Public-Safety/Services/Alerts-and-Notifications,https://www.torranceca.gov/City-Services/Health-Public-Safety/Services,linked-from-official-page,not-tested
162:0680238,Tracy,CA,101901,2025,incorporated-place,channels-found,69.05,department-page,https://tracypd.com/,https://www.cityoftracy.org/Home,discovered-department-page; review-jurisdiction,public-html
162:0680238,Tracy,CA,101901,2025,incorporated-place,channels-found,69.05,feed-candidate,https://tracypd.com/feed,https://tracypd.com/,linked-from-municipal-or-department-page; review-scope,public-feed-with-items
162:0680238,Tracy,CA,101901,2025,incorporated-place,channels-found,69.05,feed-candidate,https://tracypd.com/comments/feed,https://tracypd.com/,linked-from-municipal-or-department-page; review-scope,empty-public-feed
162:0680238,Tracy,CA,101901,2025,incorporated-place,channels-found,69.05,facebook,https://www.facebook.com/TracyPolice,https://tracypd.com/,linked-from-municipal-or-department-page; review-scope,not-tested
162:0680238,Tracy,CA,101901,2025,incorporated-place,channels-found,69.05,x,https://x.com/tracypd,https://tracypd.com/,linked-from-municipal-or-department-page; review-scope,not-tested
162:0680238,Tracy,CA,101901,2025,incorporated-place,channels-found,69.05,instagram,https://www.instagram.com/tracypolicedepartment,https://tracypd.com/,linked-from-municipal-or-department-page; review-scope,not-tested
162:0680238,Tracy,CA,101901,2025,incorporated-place,channels-found,69.05,newsroom,https://tracypd.com/category/news-releases,https://tracypd.com/,linked-from-municipal-or-department-page; review-scope,not-tested
162:0680238,Tracy,CA,101901,2025,incorporated-place,channels-found,69.05,newsroom,https://tracypd.com/news,https://tracypd.com/,linked-from-municipal-or-department-page; review-scope,not-tested
162:0680238,Tracy,CA,101901,2025,incorporated-place,channels-found,69.05,department-page,https://tracypd.com/crime-mapping,https://tracypd.com/,discovered-department-page; review-jurisdiction,public-html
162:0680238,Tracy,CA,101901,2025,incorporated-place,channels-found,69.05,crime-map,https://www.crimemapping.com/map/agency/377,https://tracypd.com/crime-mapping,linked-from-municipal-or-department-page; review-scope,not-tested
162:0680238,Tracy,CA,101901,2025,incorporated-place,channels-found,69.05,crime-map,https://www.crimemapping.com/Alerts,https://tracypd.com/crime-mapping,linked-from-municipal-or-department-page; review-scope,not-tested
162:0680644,Tulare,CA,73907,2025,incorporated-place,channels-found,259.36,department-page,https://www.tulare.ca.gov/government/departments/police,https://www.tulare.ca.gov/government/departments/police,search-discovered-primary-source; review-jurisdiction,search-readable; automation-unverified
162:0680644,Tulare,CA,73907,2025,incorporated-place,channels-found,259.36,department-page,https://www.tulare.ca.gov/government/departments/police/crime-tips,https://www.tulare.ca.gov/government/departments/police/crime-tips,search-discovered-primary-source; review-jurisdiction,search-readable; automation-unverified
162:0680644,Tulare,CA,73907,2025,incorporated-place,channels-found,259.36,newsroom,https://oag.ca.gov/news/press-releases/california-department-justice-investigating-tulare-county-sheriff%E2%80%99s-department,https://oag.ca.gov/news/press-releases/california-department-justice-investigating-tulare-county-sheriff%E2%80%99s-department,search-discovered-primary-source; review-jurisdiction,search-readable; automation-unverified
162:0680812,Turlock,CA,72864,2025,incorporated-place,channels-found,100.07,department-page,https://turlockca.gov/policedepartment/,https://turlockca.gov/,official-domain-or-referral,public-html
162:0680812,Turlock,CA,72864,2025,incorporated-place,channels-found,100.07,x,https://x.com/turlockpolice,https://turlockca.gov/policedepartment/,linked-from-official-page,not-tested
162:0680812,Turlock,CA,72864,2025,incorporated-place,channels-found,100.07,instagram,https://www.instagram.com/turlockpolice,https://turlockca.gov/policedepartment/,linked-from-official-page,not-tested
162:0680812,Turlock,CA,72864,2025,incorporated-place,channels-found,100.07,newsroom,https://turlockca.gov/stayinformed/pressreleases,https://turlockca.gov/policedepartment/,linked-from-official-page,not-tested
162:0680812,Turlock,CA,72864,2025,incorporated-place,channels-found,100.07,alerts,https://turlockca.gov/stayinformed/emailalerts,https://turlockca.gov/policedepartment/,linked-from-official-page,not-tested
162:0680812,Turlock,CA,72864,2025,incorporated-place,channels-found,100.07,department-page,https://turlockca.gov/policedepartment/crime/,https://turlockca.gov/policedepartment/,official-domain-or-referral,public-html
162:0680812,Turlock,CA,72864,2025,incorporated-place,channels-found,100.07,incident-log,https://turlockca.gov/policedepartment/crime/reportacrime,https://turlockca.gov/policedepartment/crime/,linked-from-official-page,not-tested
162:0680812,Turlock,CA,72864,2025,incorporated-place,channels-found,100.07,department-page,https://turlockca.gov/aboutturlock/socialmedia/,https://turlockca.gov/policedepartment/,official-domain-or-referral,public-html
162:0680812,Turlock,CA,72864,2025,incorporated-place,channels-found,100.07,facebook,https://www.facebook.com/turlockpd,https://turlockca.gov/aboutturlock/socialmedia/,linked-from-official-page,not-tested
162:0680812,Turlock,CA,72864,2025,incorporated-place,channels-found,100.07,youtube,https://www.youtube.com/channel/UCFcwuWYj8asAT4NCX6CParg,https://turlockca.gov/aboutturlock/socialmedia/,linked-from-official-page,not-tested
162:0680812,Turlock,CA,72864,2025,incorporated-place,channels-found,100.07,nixle,https://local.nixle.com/turlock-police-department-ca/,https://turlockca.gov/aboutturlock/socialmedia/,linked-from-official-page,public-nixle-archive
162:0680812,Turlock,CA,72864,2025,incorporated-place,channels-found,100.07,alerts,https://turlockca.gov/stayinformed/emailalerts/updatesubscription,https://turlockca.gov/stayinformed/emailalerts/,linked-from-official-page,not-tested
162:0680812,Turlock,CA,72864,2025,incorporated-place,channels-found,100.07,alerts,https://turlockca.gov/stayinformed/emailalerts/whatsavailable.asp,https://turlockca.gov/stayinformed/emailalerts/,linked-from-official-page,not-tested
162:0680812,Turlock,CA,72864,2025,incorporated-place,channels-found,100.07,department-page,https://turlockca.gov/policedepartment/index.asp,https://turlockca.gov/,official-domain-or-referral,public-html
162:0680854,Tustin,CA,77843,2025,incorporated-place,channels-found,540.73,department-page,https://www.tustinca.org/1321/Police,https://www.tustinca.org/,discovered-department-page; review-jurisdiction,public-html
162:0680854,Tustin,CA,77843,2025,incorporated-place,channels-found,540.73,crime-map,https://communitycrimemap.com/?address=Tustin+CA&crimeTypes=%5B11%5D&startDate=7&endDate=0&zoom=10,https://www.tustinca.org/1321/Police,linked-from-municipal-or-department-page; review-scope,not-tested
162:0680854,Tustin,CA,77843,2025,incorporated-place,channels-found,540.73,facebook,https://www.facebook.com/tustinpolice/,https://www.tustinca.org/1321/Police,linked-from-municipal-or-department-page; review-scope,not-tested
162:0680854,Tustin,CA,77843,2025,incorporated-place,channels-found,540.73,instagram,https://www.instagram.com/tustinpolice/,https://www.tustinca.org/1321/Police,linked-from-municipal-or-department-page; review-scope,not-tested
162:0680854,Tustin,CA,77843,2025,incorporated-place,channels-found,540.73,alerts,https://www.tustinca.org/CivicAlerts.aspx?AID=618,https://www.tustinca.org/1321/Police,linked-from-municipal-or-department-page; review-scope,not-tested
162:0680854,Tustin,CA,77843,2025,incorporated-place,channels-found,540.73,alerts,https://www.tustinca.org/CivicAlerts.aspx?AID=619,https://www.tustinca.org/1321/Police,linked-from-municipal-or-department-page; review-scope,not-tested
162:0680854,Tustin,CA,77843,2025,incorporated-place,channels-found,540.73,alerts,https://www.tustinca.org/CivicAlerts.aspx?AID=620,https://www.tustinca.org/1321/Police,linked-from-municipal-or-department-page; review-scope,not-tested
162:0680854,Tustin,CA,77843,2025,incorporated-place,channels-found,540.73,alerts,https://www.tustinca.org/CivicAlerts.aspx?AID=621,https://www.tustinca.org/1321/Police,linked-from-municipal-or-department-page; review-scope,not-tested
162:0680854,Tustin,CA,77843,2025,incorporated-place,channels-found,540.73,department-page,https://www.tustinca.org/176/Crime-Trends,https://www.tustinca.org/1321/Police,discovered-department-page; review-jurisdiction,public-html
162:0680854,Tustin,CA,77843,2025,incorporated-place,channels-found,540.73,alerts,https://www.tustinca.org/367/Crime-Statistics-Alerts,https://www.tustinca.org/176/Crime-Trends,linked-from-municipal-or-department-page; review-scope,not-tested
162:0680854,Tustin,CA,77843,2025,incorporated-place,channels-found,540.73,alerts,https://www.tustinca.org/373/Nixle-Alerts,https://www.tustinca.org/176/Crime-Trends,linked-from-municipal-or-department-page; review-scope,not-tested
162:0680854,Tustin,CA,77843,2025,incorporated-place,channels-found,540.73,newsroom,https://www.tustinca.org/CivicAlerts.aspx?CID=10,https://www.tustinca.org/176/Crime-Trends,linked-from-municipal-or-department-page; review-scope,not-tested
162:0680854,Tustin,CA,77843,2025,incorporated-place,channels-found,540.73,nixle,https://local.nixle.com/tustin-ca-police-department/,https://www.tustinca.org/176/Crime-Trends,linked-from-municipal-or-department-page; review-scope,public-nixle-archive
162:0680854,Tustin,CA,77843,2025,incorporated-place,channels-found,540.73,alerts,https://www.tustinca.org/CivicAlerts.aspx?CID=6,https://www.tustinca.org/176/Crime-Trends,linked-from-municipal-or-department-page; review-scope,not-tested
162:0680854,Tustin,CA,77843,2025,incorporated-place,channels-found,540.73,alerts,https://www.tustinca.org/492/Computer-Scam-Alert,https://www.tustinca.org/176/Crime-Trends,linked-from-municipal-or-department-page; review-scope,not-tested
162:0680854,Tustin,CA,77843,2025,incorporated-place,channels-found,540.73,department-page,https://www.tustinca.org/371/Crime-Prevention,https://www.tustinca.org/1321/Police,discovered-department-page; review-jurisdiction,public-html
162:0680854,Tustin,CA,77843,2025,incorporated-place,channels-found,540.73,department-page,https://www.tustinca.org/m/newsflash/home/detail/618,https://www.tustinca.org/1321/Police,discovered-department-page; review-jurisdiction,public-html
162:0680854,Tustin,CA,77843,2025,incorporated-place,channels-found,540.73,alerts,https://www.tustinca.org/m/newsflash/Home/Detail/621,https://www.tustinca.org/m/newsflash/home/detail/618,linked-from-municipal-or-department-page; review-scope,not-tested
162:0681204,Union City,CA,65282,2025,incorporated-place,channels-found,40.51,incident-log,https://www.unioncityca.gov/625/Crime-Blotter,https://www.unioncityca.gov/625/Crime-Blotter,search-discovered-primary-source; review-jurisdiction,search-readable; automation-unverified
162:0681204,Union City,CA,65282,2025,incorporated-place,channels-found,40.51,department-page,https://www.unioncityca.gov/545/Crime-in-My-Neighborhood,https://www.unioncityca.gov/545/Crime-in-My-Neighborhood,search-discovered-primary-source; review-jurisdiction,search-readable; automation-unverified
162:0681204,Union City,CA,65282,2025,incorporated-place,channels-found,40.51,department-page,https://www.unioncityca.gov/677/Police,https://www.unioncityca.gov/677/Police,search-discovered-primary-source; review-jurisdiction,search-readable; automation-unverified
162:0681204,Union City,CA,65282,2025,incorporated-place,channels-found,40.51,nixle,https://local.nixle.com/union-city-police-department-ca/,https://local.nixle.com/city/ca/union-city/,certified-publisher-in-city-directory; jurisdiction-review-required,public-nixle-archive
162:0681344,Upland,CA,79446,2025,incorporated-place,channels-found,520.05,department-page,https://uplandca.gov/police/index.php,https://uplandca.gov/,official-domain-or-referral,public-html
162:0681344,Upland,CA,79446,2025,incorporated-place,channels-found,520.05,newsroom,https://uplandca.gov/police/press_releases/index.php,https://uplandca.gov/police/index.php,linked-from-official-page,not-tested
162:0681344,Upland,CA,79446,2025,incorporated-place,channels-found,520.05,incident-log,https://uplandca.gov/police/police/about_upd/monthly_hate_crime_report.php,https://uplandca.gov/police/index.php,linked-from-official-page,not-tested
162:0681344,Upland,CA,79446,2025,incorporated-place,channels-found,520.05,crime-map,https://communitycrimemap.com/?address=upland%2Cca,https://uplandca.gov/police/index.php,linked-from-official-page,not-tested
162:0681344,Upland,CA,79446,2025,incorporated-place,channels-found,520.05,department-page,https://uplandca.gov/information_technology/social_media.php,https://uplandca.gov/police/index.php,official-domain-or-referral,public-html
162:0681344,Upland,CA,79446,2025,incorporated-place,channels-found,520.05,newsroom,https://uplandca.gov/information_technology/press_releases/index.php,https://uplandca.gov/information_technology/social_media.php,linked-from-official-page,not-tested
162:0681344,Upland,CA,79446,2025,incorporated-place,channels-found,520.05,department-page,https://uplandca.gov/police/divisions.php,https://uplandca.gov/,official-domain-or-referral,public-html
162:0681344,Upland,CA,79446,2025,incorporated-place,channels-found,520.05,department-page,https://uplandca.gov/police/servicescommunity/police/services/code_enforcement.php,https://uplandca.gov/,official-domain-or-referral,public-html
162:0681344,Upland,CA,79446,2025,incorporated-place,channels-found,520.05,newsroom,https://uplandca.gov/police/servicescommunity/police/services/press_releases/index.php,https://uplandca.gov/police/servicescommunity/police/services/code_enforcement.php,linked-from-official-page,not-tested
162:0681554,Vacaville,CA,103850,2025,incorporated-place,department-found,124.02,department-page,https://www.cityofvacaville.gov/government/police-department?locale=en_us,https://www.cityofvacaville.gov/government/police-department?locale=en_us,search-discovered-primary-source; review-jurisdiction,search-readable; automation-unverified
162:0681554,Vacaville,CA,103850,2025,incorporated-place,department-found,124.02,department-page,https://www.cityofvacaville.gov/government/police-department/crime-reports-prevention,https://www.cityofvacaville.gov/government/police-department/crime-reports-prevention,search-discovered-primary-source; review-jurisdiction,search-readable; automation-unverified
162:0681554,Vacaville,CA,103850,2025,incorporated-place,department-found,124.02,department-page,https://www.cityofvacaville.gov/government/police-department?locale=en,https://www.cityofvacaville.gov/government/police-department?locale=en,search-discovered-primary-source; review-jurisdiction,search-readable; automation-unverified
162:0681666,Vallejo,CA,123287,2025,incorporated-place,channels-found,100.04,newsroom,https://www.vallejopd.net/public_information/news/press_releases,https://www.vallejopd.net/public_information/news/press_releases,reviewed-primary-web-source,search-readable; automation-unverified
162:0682590,Victorville,CA,141395,2025,incorporated-place,channels-found,511.86,department-page,https://www.victorvilleca.gov/Government/City-Departments/Police,https://www.victorvilleca.gov/Home,official-domain-or-referral,public-html
162:0682590,Victorville,CA,141395,2025,incorporated-place,channels-found,511.86,crime-map,https://www.crimemapping.com/,https://www.victorvilleca.gov/Government/City-Departments/Police,linked-from-official-page,not-tested
162:0682590,Victorville,CA,141395,2025,incorporated-place,channels-found,511.86,department-page,https://www.victorvilleca.gov/Resident/News,https://www.victorvilleca.gov/Government/City-Departments/Police,official-domain-or-referral,public-html
162:0682590,Victorville,CA,141395,2025,incorporated-place,channels-found,511.86,announcement,https://www.victorvilleca.gov/News-articles/Press-Release-Veterans-Day,https://www.victorvilleca.gov/Resident/News,linked-from-official-page,not-tested
162:0682590,Victorville,CA,141395,2025,incorporated-place,channels-found,511.86,announcement,https://www.victorvilleca.gov/News-articles/Press-Release-DocuPet,https://www.victorvilleca.gov/Resident/News,linked-from-official-page,not-tested
162:0682590,Victorville,CA,141395,2025,incorporated-place,channels-found,511.86,department-page,https://www.victorvilleca.gov/Stay-Connected,https://www.victorvilleca.gov/Government/City-Departments/Police,official-domain-or-referral,public-html
162:0682590,Victorville,CA,141395,2025,incorporated-place,channels-found,511.86,department-page,https://www.victorvilleca.gov/Government/Media-Relations,https://www.victorvilleca.gov/Government/City-Departments/Police,official-domain-or-referral,public-html
162:0682590,Victorville,CA,141395,2025,incorporated-place,channels-found,511.86,newsroom,https://us.openforms.com/Form/f45fa8c2-6cc9-444e-8928-479a9719e437,https://www.victorvilleca.gov/Government/Media-Relations,linked-from-official-page,not-tested
162:0682590,Victorville,CA,141395,2025,incorporated-place,channels-found,511.86,department-page,https://www.victorvilleca.gov/Government/City-Departments/Economic-Development/Old-Town,https://www.victorvilleca.gov/Home,official-domain-or-referral,public-html
162:0682590,Victorville,CA,141395,2025,incorporated-place,channels-found,511.86,nixle,https://local.nixle.com/sbsd---victorville-police-department/,https://local.nixle.com/city/ca/victorville/,certified-publisher-in-city-directory; jurisdiction-review-required,public-nixle-archive
162:0682954,Visalia,CA,146541,2025,incorporated-place,department-found,254.14,department-page,https://www.visalia.gov/depts/police/contact_information/contact_numbers/default.asp,https://www.visalia.gov/depts/police/contact_information/contact_numbers/default.asp,search-discovered-primary-source; review-jurisdiction,search-readable; automation-unverified
162:0682954,Visalia,CA,146541,2025,incorporated-place,department-found,254.14,department-page,https://www.visalia.gov/446/Crime-Maps,https://www.visalia.gov/446/Crime-Maps,search-discovered-primary-source; review-jurisdiction,search-readable; automation-unverified
162:0682954,Visalia,CA,146541,2025,incorporated-place,department-found,254.14,department-page,https://www.visalia.city/civicax/filebank/blobdload.aspx?BlobID=16179,https://www.visalia.city/civicax/filebank/blobdload.aspx?BlobID=16179,search-discovered-primary-source; review-jurisdiction,search-readable; automation-unverified
162:0682996,Vista,CA,98274,2025,incorporated-place,channels-found,620.96,newsroom,https://www.sdsheriff.gov/bureaus/media-relations/news-list/-selectview-1/-arch-1,https://www.sdsheriff.gov/bureaus/media-relations/news-list/-selectview-1/-arch-1,search-discovered-primary-source; review-jurisdiction,search-readable; automation-unverified
162:0682996,Vista,CA,98274,2025,incorporated-place,channels-found,620.96,newsroom,https://www.sdsheriff.gov/bureaus/media-relations/news-list/-npage-3/-arch-1,https://www.sdsheriff.gov/bureaus/media-relations/news-list/-npage-3/-arch-1,search-discovered-primary-source; review-jurisdiction,search-readable; automation-unverified
162:0682996,Vista,CA,98274,2025,incorporated-place,channels-found,620.96,department-page,https://www.sdsheriff.gov/Home/Components/FacilityDirectory/FacilityDirectory/46/61,https://www.sdsheriff.gov/Home/Components/FacilityDirectory/FacilityDirectory/46/61,search-discovered-primary-source; review-jurisdiction,search-readable; automation-unverified
162:0683346,Walnut Creek,CA,70012,2025,incorporated-place,channels-found,73.8,newsroom,https://www.walnutcreekpdca.gov/data-and-transparency/transparency/news-releases,https://www.walnutcreekpdca.gov/data-and-transparency/transparency/news-releases,search-discovered-primary-source; review-jurisdiction,search-readable; automation-unverified
162:0683346,Walnut Creek,CA,70012,2025,incorporated-place,channels-found,73.8,department-page,https://www.walnutcreekpdca.gov/i-want-to/contact-wcpd,https://www.walnutcreekpdca.gov/i-want-to/contact-wcpd,search-discovered-primary-source; review-jurisdiction,search-readable; automation-unverified
162:0683346,Walnut Creek,CA,70012,2025,incorporated-place,channels-found,73.8,department-page,https://www.walnutcreekpdca.gov/home-policenew,https://www.walnutcreekpdca.gov/home-policenew,search-discovered-primary-source; review-jurisdiction,search-readable; automation-unverified
162:0683668,Watsonville,CA,50716,2025,incorporated-place,channels-found,38.65,department-page,https://watsonville.gov/291/Online-Reporting,https://watsonville.gov/,official-domain-or-referral,public-html
162:0683668,Watsonville,CA,50716,2025,incorporated-place,channels-found,38.65,incident-log,https://watsonville.gov/2196/Arrest-Crime-Logs,https://watsonville.gov/291/Online-Reporting,linked-from-official-page,not-tested
162:0683668,Watsonville,CA,50716,2025,incorporated-place,channels-found,38.65,department-page,https://watsonville.gov/2324/Police,https://watsonville.gov/291/Online-Reporting,official-domain-or-referral,public-html
162:0683668,Watsonville,CA,50716,2025,incorporated-place,channels-found,38.65,department-page,https://watsonville.gov/198/Your-Police,https://watsonville.gov/291/Online-Reporting,official-domain-or-referral,public-html
162:0683668,Watsonville,CA,50716,2025,incorporated-place,channels-found,38.65,department-page,https://watsonville.gov/199/Police-Services,https://watsonville.gov/291/Online-Reporting,official-domain-or-referral,public-html
162:0684200,West Covina,CA,105301,2025,incorporated-place,channels-found,508.23,department-page,https://www.wcpd.org/,https://www.westcovina.gov/,discovered-department-page; review-jurisdiction,public-html
162:0684200,West Covina,CA,105301,2025,incorporated-place,channels-found,508.23,facebook,https://www.facebook.com/WestCovinaPD/,https://www.wcpd.org/,linked-from-municipal-or-department-page; review-scope,not-tested
162:0684200,West Covina,CA,105301,2025,incorporated-place,channels-found,508.23,x,https://x.com/westcovinapd,https://www.wcpd.org/,linked-from-municipal-or-department-page; review-scope,not-tested
162:0684200,West Covina,CA,105301,2025,incorporated-place,channels-found,508.23,instagram,https://www.instagram.com/westcovinapd/,https://www.wcpd.org/,linked-from-municipal-or-department-page; review-scope,not-tested
162:0684200,West Covina,CA,105301,2025,incorporated-place,channels-found,508.23,youtube,https://www.youtube.com/@westcovinapolicedepartment6667,https://www.wcpd.org/,linked-from-municipal-or-department-page; review-scope,not-tested
162:0684200,West Covina,CA,105301,2025,incorporated-place,channels-found,508.23,youtube,https://www.youtube.com/@westcovinapolicedepartment6667/featured,https://www.wcpd.org/,linked-from-municipal-or-department-page; review-scope,not-tested
162:0684200,West Covina,CA,105301,2025,incorporated-place,channels-found,508.23,department-page,https://www.wcpd.org/news/,https://www.wcpd.org/,discovered-department-page; review-jurisdiction,public-html
162:0684200,West Covina,CA,105301,2025,incorporated-place,channels-found,508.23,department-page,https://www.wcpd.org/crime-stats/,https://www.wcpd.org/,discovered-department-page; review-jurisdiction,public-html
162:0684816,West Sacramento,CA,56216,2025,incorporated-place,department-found,149.8,department-page,https://www.cityofwestsacramento.org/government/departments/police/contact-us,https://www.cityofwestsacramento.org/government/departments/police/contact-us,search-discovered-primary-source; review-jurisdiction,search-readable; automation-unverified
162:0684816,West Sacramento,CA,56216,2025,incorporated-place,department-found,149.8,department-page,https://www.cityofwestsacramento.org/government/departments/police/police-divisions-and-units/office-of-operations/records-section,https://www.cityofwestsacramento.org/government/departments/police/police-divisions-and-units/office-of-operations/records-section,search-discovered-primary-source; review-jurisdiction,search-readable; automation-unverified
162:0684816,West Sacramento,CA,56216,2025,incorporated-place,department-found,149.8,department-page,https://www.cityofwestsacramento.org/government/departments/police?from=AppAgg.com,https://www.cityofwestsacramento.org/government/departments/police?from=AppAgg.com,search-discovered-primary-source; review-jurisdiction,search-readable; automation-unverified
162:0684550,Westminster,CA,88966,2025,incorporated-place,channels-found,527.61,newsroom,https://www.westminster-ca.gov/departments/police/our-department/press-releases,https://www.westminster-ca.gov/departments/police/our-department/press-releases,search-discovered-primary-source; review-jurisdiction,search-readable; automation-unverified
162:0684550,Westminster,CA,88966,2025,incorporated-place,channels-found,527.61,department-page,https://www.westminster-ca.gov/departments/police,https://www.westminster-ca.gov/departments/police,search-discovered-primary-source; review-jurisdiction,search-readable; automation-unverified
162:0684550,Westminster,CA,88966,2025,incorporated-place,channels-found,527.61,newsroom,https://www.westminster-ca.gov/departments/police/our-department/press-releases/-arch-1,https://www.westminster-ca.gov/departments/police/our-department/press-releases/-arch-1,search-discovered-primary-source; review-jurisdiction,search-readable; automation-unverified
162:0685292,Whittier,CA,85815,2025,incorporated-place,department-found,508.34,department-page,https://locator.lacounty.gov/lac/Location/3175447/city-of-whittier-police-department,https://locator.lacounty.gov/lac/Location/3175447/city-of-whittier-police-department,search-discovered-primary-source; review-jurisdiction,search-readable; automation-unverified
162:0686328,Woodland,CA,62513,2025,incorporated-place,department-found,159.68,department-page,https://www.cityofwoodland.gov/394/Woodland-Police-Department,https://www.cityofwoodland.gov/394/Woodland-Police-Department,search-discovered-primary-source; review-jurisdiction,search-readable; automation-unverified
162:0686328,Woodland,CA,62513,2025,incorporated-place,department-found,159.68,department-page,https://cityofwoodland.gov/521/Crime-Mapping,https://cityofwoodland.gov/521/Crime-Mapping,search-discovered-primary-source; review-jurisdiction,search-readable; automation-unverified
162:0686328,Woodland,CA,62513,2025,incorporated-place,department-found,159.68,department-page,https://caselog.cityofwoodland.gov/,https://caselog.cityofwoodland.gov/,search-discovered-primary-source; review-jurisdiction,search-readable; automation-unverified
162:0686832,Yorba Linda,CA,65632,2025,incorporated-place,department-found,530.39,department-page,https://www.yorbalindaca.gov/250/Public-Safety,https://www.yorbalindaca.gov/,discovered-department-page; review-jurisdiction,public-html
162:0686832,Yorba Linda,CA,65632,2025,incorporated-place,department-found,530.39,department-page,https://www.yorbalindaca.gov/275/Police,https://www.yorbalindaca.gov/275/Police,search-discovered-primary-source; review-jurisdiction,search-readable; automation-unverified
162:0686832,Yorba Linda,CA,65632,2025,incorporated-place,department-found,530.39,department-page,https://www.yorbalindaca.gov/411/Crime-Statistics,https://www.yorbalindaca.gov/411/Crime-Statistics,search-discovered-primary-source; review-jurisdiction,search-readable; automation-unverified
162:0686832,Yorba Linda,CA,65632,2025,incorporated-place,department-found,530.39,department-page,https://www.ocsheriff.gov/patrol-areas/yorba-linda,https://www.ocsheriff.gov/patrol-areas/yorba-linda,search-discovered-primary-source; review-jurisdiction,search-readable; automation-unverified
162:0686972,Yuba City,CA,69485,2025,incorporated-place,department-found,211.4,department-page,https://www.oag.ca.gov/fingerprints/locations/yuba-city-police-department,https://www.oag.ca.gov/fingerprints/locations/yuba-city-police-department,search-discovered-primary-source; review-jurisdiction,search-readable; automation-unverified
162:0686972,Yuba City,CA,69485,2025,incorporated-place,department-found,211.4,department-page,https://www.suttersheriff.gov/,https://www.suttersheriff.gov/,search-discovered-primary-source; review-jurisdiction,search-readable; automation-unverified
162:0686972,Yuba City,CA,69485,2025,incorporated-place,department-found,211.4,department-page,https://yuba.gov/departments/sheriff_coroner/divisions/dispatch_communications.php,https://yuba.gov/departments/sheriff_coroner/divisions/dispatch_communications.php,search-discovered-primary-source; review-jurisdiction,search-readable; automation-unverified
162:0687042,Yucaipa,CA,54953,2025,incorporated-place,channels-found,568.58,department-page,https://wp.sbcounty.gov/sheriff/patrol-stations/yucaipa/,https://wp.sbcounty.gov/sheriff/patrol-stations/yucaipa/,search-discovered-primary-source; review-jurisdiction,search-readable; automation-unverified
162:0687042,Yucaipa,CA,54953,2025,incorporated-place,channels-found,568.58,department-page,https://wp.sbcounty.gov/sheriff/wp-content/uploads/sites/17/2024-Annual-Crime-Report.pdf,https://wp.sbcounty.gov/sheriff/wp-content/uploads/sites/17/2024-Annual-Crime-Report.pdf,search-discovered-primary-source; review-jurisdiction,search-readable; automation-unverified
162:0687042,Yucaipa,CA,54953,2025,incorporated-place,channels-found,568.58,department-page,https://bosd3.sbcounty.gov/venue/yucaipa-police-department/,https://bosd3.sbcounty.gov/venue/yucaipa-police-department/,search-discovered-primary-source; review-jurisdiction,search-readable; automation-unverified
162:0687042,Yucaipa,CA,54953,2025,incorporated-place,channels-found,568.58,nixle,https://local.nixle.com/sbsd---yucaipa-police-department/,https://local.nixle.com/city/ca/yucaipa/,certified-publisher-in-city-directory; jurisdiction-review-required,public-nixle-archive
